rainfall_mm,rainfall_3day_mm,soil_moisture_pct,slope_deg,elevation_m,risk_probability_pct,risk_level
94.1,113.2,60.5,15.7,1480.0,44.2,MEDIUM
127.6,296.2,91.1,37.2,819.0,77.1,HIGH
82.7,200.7,63.2,59.9,1934.0,64.9,HIGH
74.0,129.9,53.3,10.6,1252.0,29.4,LOW
138.6,261.1,62.5,31.7,368.0,62.5,HIGH
78.9,131.0,37.8,22.5,882.0,33.3,MEDIUM
105.6,218.9,78.2,13.1,1768.0,48.1,MEDIUM
98.5,269.4,77.7,52.5,1899.0,76.8,HIGH
138.5,364.0,92.8,57.5,2439.0,99.1,CRITICAL
64.8,206.4,53.9,21.0,887.0,45.5,MEDIUM
170.8,275.0,90.7,20.8,1774.0,67.7,HIGH
52.8,116.8,44.8,5.5,1533.0,31.9,MEDIUM
110.4,199.8,50.4,37.1,2576.0,57.2,MEDIUM
101.6,255.5,61.4,1.6,2244.0,36.6,MEDIUM
49.0,95.2,63.1,29.8,570.0,42.4,MEDIUM
116.8,186.9,44.7,9.2,2885.0,41.8,MEDIUM
68.6,101.4,36.2,40.3,1195.0,26.7,LOW
36.6,51.4,72.5,55.7,2873.0,47.8,MEDIUM
127.0,182.2,68.6,5.3,999.0,35.6,MEDIUM
25.5,16.3,23.7,46.7,1513.0,25.4,LOW
42.6,94.1,31.1,49.8,1741.0,39.1,MEDIUM
82.0,182.4,37.3,10.6,378.0,32.2,MEDIUM
137.9,228.9,65.5,55.4,2204.0,63.6,HIGH
121.8,294.1,82.9,37.3,493.0,84.2,CRITICAL
93.1,183.2,75.7,32.1,660.0,68.3,HIGH
18.2,54.2,15.4,40.3,1013.0,25.5,LOW
50.9,66.1,24.0,17.3,2890.0,28.5,LOW
60.1,104.7,44.3,1.5,2925.0,36.4,MEDIUM
35.1,59.0,72.3,26.5,1570.0,27.0,LOW
13.6,4.8,41.4,44.6,1693.0,43.2,MEDIUM
84.9,163.7,59.0,55.1,793.0,50.3,MEDIUM
124.4,332.6,65.2,25.8,1371.0,55.8,MEDIUM
56.5,105.2,20.3,15.8,2956.0,26.6,LOW
136.7,282.4,72.8,7.9,2414.0,51.1,MEDIUM
22.6,51.7,36.6,56.1,2153.0,32.3,MEDIUM
33.3,100.3,41.8,13.9,980.0,31.8,MEDIUM
83.6,125.0,44.2,54.7,2337.0,53.0,MEDIUM
52.8,81.8,33.3,11.0,2906.0,17.2,LOW
117.5,245.0,55.0,1.1,2966.0,49.1,MEDIUM
104.8,141.6,67.9,13.5,1879.0,49.7,MEDIUM
55.8,97.3,34.0,29.6,650.0,25.0,LOW
24.8,16.4,29.1,20.9,2899.0,26.7,LOW
50.9,75.4,40.8,54.5,1716.0,47.1,MEDIUM
106.5,229.1,72.8,32.7,307.0,46.8,MEDIUM
120.7,335.2,70.1,7.1,428.0,52.5,MEDIUM
53.0,115.3,59.0,37.5,1816.0,42.7,MEDIUM
13.5,64.4,32.7,23.3,2539.0,31.2,MEDIUM
21.4,99.4,43.0,40.7,2836.0,35.1,MEDIUM
100.7,297.8,94.4,47.2,2844.0,95.5,CRITICAL
55.1,150.8,41.0,59.1,1820.0,45.8,MEDIUM
56.1,133.1,58.6,34.6,2948.0,44.3,MEDIUM
32.8,79.9,54.0,22.0,619.0,27.3,LOW
32.2,73.8,44.8,26.0,465.0,35.7,MEDIUM
135.2,315.9,76.0,24.2,285.0,56.5,MEDIUM
103.2,252.8,93.4,27.0,2368.0,85.6,CRITICAL
45.5,124.2,48.5,1.8,2766.0,30.4,MEDIUM
79.3,230.5,67.0,14.8,2552.0,40.1,MEDIUM
89.3,188.0,54.2,59.3,2831.0,58.4,MEDIUM
211.8,554.1,100.0,55.7,1735.0,100.0,CRITICAL
29.9,86.7,54.6,2.9,2337.0,18.6,LOW
88.5,92.7,40.6,58.8,1143.0,47.9,MEDIUM
134.7,287.3,47.8,47.5,2346.0,69.7,HIGH
196.2,288.6,79.4,0.2,2309.0,69.6,HIGH
43.6,65.5,26.9,54.8,1420.0,44.3,MEDIUM
54.6,113.6,55.9,57.6,323.0,60.4,HIGH
118.3,230.0,64.5,37.7,946.0,59.7,MEDIUM
17.9,45.0,48.1,47.3,2679.0,44.6,MEDIUM
94.7,153.5,41.6,20.0,1844.0,38.2,MEDIUM
261.1,323.7,72.1,34.3,1334.0,89.9,CRITICAL
101.7,231.2,60.6,43.9,2853.0,57.4,MEDIUM
6.8,0.0,12.2,33.7,1226.0,32.1,MEDIUM
37.0,110.2,59.9,18.3,1119.0,44.7,MEDIUM
44.8,102.8,25.9,39.0,2357.0,34.0,MEDIUM
155.5,271.2,83.8,50.3,1195.0,96.3,CRITICAL
66.2,142.6,56.5,50.2,1449.0,54.2,MEDIUM
13.7,0.0,27.6,7.9,2223.0,14.2,LOW
71.9,187.7,62.3,26.7,1404.0,46.5,MEDIUM
82.8,221.8,67.1,2.3,1102.0,41.4,MEDIUM
49.6,103.9,40.8,38.0,243.0,40.1,MEDIUM
31.7,27.5,37.7,14.5,2610.0,35.3,MEDIUM
279.1,313.9,85.9,55.8,1675.0,100.0,CRITICAL
135.0,266.0,58.6,37.1,2584.0,60.6,HIGH
143.2,251.6,71.9,24.0,1930.0,66.4,HIGH
66.3,187.6,26.6,43.9,762.0,33.3,MEDIUM
43.0,116.1,24.3,12.4,1217.0,21.9,LOW
51.6,76.5,48.2,5.5,1368.0,25.3,LOW
22.6,50.3,32.5,5.2,2271.0,24.0,LOW
209.2,424.9,83.5,35.0,1735.0,100.0,CRITICAL
68.3,76.2,40.8,53.3,1982.0,47.7,MEDIUM
179.3,404.9,86.0,13.4,2309.0,70.5,HIGH
53.6,123.0,36.6,45.6,967.0,38.7,MEDIUM
102.8,259.8,49.3,2.3,2670.0,47.7,MEDIUM
86.2,131.1,26.1,21.2,1469.0,34.4,MEDIUM
20.3,36.0,44.3,39.2,2051.0,33.7,MEDIUM
226.3,587.2,100.0,49.6,811.0,100.0,CRITICAL
54.9,158.1,65.3,56.6,853.0,58.4,MEDIUM
27.3,50.3,32.4,38.0,2258.0,29.4,LOW
118.9,232.3,69.1,27.8,1181.0,48.1,MEDIUM
74.7,190.2,57.0,3.6,2653.0,38.1,MEDIUM
96.4,156.6,54.0,16.5,2061.0,37.4,MEDIUM
80.4,150.1,53.6,55.4,2063.0,46.7,MEDIUM
7.8,31.4,29.4,35.0,1265.0,21.2,LOW
35.9,28.2,19.5,20.6,2727.0,31.3,MEDIUM
34.7,94.4,53.4,14.9,2845.0,37.4,MEDIUM
141.8,235.3,84.4,6.8,922.0,69.0,HIGH
76.8,104.7,65.6,45.1,1641.0,50.3,MEDIUM
107.1,176.3,49.8,24.7,2739.0,58.1,MEDIUM
57.5,118.7,39.0,56.2,484.0,45.7,MEDIUM
110.8,265.4,63.2,27.3,1033.0,52.0,MEDIUM
66.4,84.8,40.6,49.1,2872.0,46.7,MEDIUM
62.7,90.0,42.9,7.8,1558.0,25.8,LOW
85.7,157.8,41.7,9.1,2864.0,39.0,MEDIUM
80.4,127.2,31.3,16.4,1264.0,39.3,MEDIUM
336.9,797.1,100.0,11.5,1677.0,81.0,CRITICAL
35.5,81.5,5.0,58.6,1472.0,37.1,MEDIUM
18.1,34.5,34.0,48.5,1480.0,42.6,MEDIUM
94.9,135.1,38.9,20.9,2770.0,51.3,MEDIUM
40.1,100.8,54.5,31.2,2145.0,34.1,MEDIUM
6.6,0.0,42.6,32.0,2848.0,30.5,MEDIUM
28.7,62.8,52.3,36.4,1123.0,41.8,MEDIUM
290.7,591.8,100.0,6.2,2983.0,76.2,HIGH
34.7,78.8,28.2,20.9,2181.0,20.7,LOW
12.2,53.4,28.2,5.2,568.0,13.6,LOW
279.2,711.7,100.0,55.1,1356.0,100.0,CRITICAL
27.6,99.6,25.2,24.2,896.0,25.1,LOW
400.0,505.7,100.0,43.6,859.0,100.0,CRITICAL
55.6,117.1,43.6,55.2,2803.0,61.1,HIGH
226.9,499.7,100.0,18.6,2888.0,85.5,CRITICAL
61.6,131.6,28.4,5.3,240.0,26.6,LOW
103.2,159.7,42.8,20.2,587.0,43.9,MEDIUM
67.5,126.0,26.0,40.3,978.0,30.1,MEDIUM
62.0,158.9,66.1,30.0,2574.0,58.5,MEDIUM
89.3,131.9,47.9,4.5,1911.0,38.8,MEDIUM
105.9,130.6,56.5,4.2,1783.0,40.0,MEDIUM
84.4,148.9,53.1,42.0,1875.0,59.3,MEDIUM
78.1,187.0,63.7,44.2,2862.0,58.4,MEDIUM
40.4,97.5,40.6,6.6,972.0,29.3,LOW
69.5,147.0,49.6,47.7,545.0,37.1,MEDIUM
208.6,546.5,100.0,20.7,1902.0,91.2,CRITICAL
38.8,104.3,50.5,4.1,2913.0,30.0,MEDIUM
91.2,180.3,62.2,20.0,2188.0,49.6,MEDIUM
167.7,225.3,97.5,43.8,2698.0,90.7,CRITICAL
106.5,126.1,69.1,39.3,2709.0,58.0,MEDIUM
142.8,323.0,57.1,28.9,814.0,59.2,MEDIUM
27.2,40.8,34.4,16.8,2120.0,18.7,LOW
91.4,144.5,46.8,25.1,2614.0,48.2,MEDIUM
59.3,165.4,70.2,22.9,484.0,52.3,MEDIUM
61.3,126.6,45.2,23.4,2024.0,30.5,MEDIUM
197.1,279.1,77.4,29.4,962.0,89.9,CRITICAL
62.1,159.9,25.9,27.3,2501.0,36.0,MEDIUM
93.5,189.6,40.3,6.1,825.0,31.1,MEDIUM
12.2,54.3,63.3,17.4,1246.0,30.0,LOW
226.8,486.7,100.0,7.7,2095.0,82.5,CRITICAL
137.2,163.9,42.6,36.1,1756.0,56.4,MEDIUM
71.5,112.1,49.7,25.4,536.0,31.7,MEDIUM
57.2,104.3,33.0,40.3,831.0,45.9,MEDIUM
114.2,231.0,61.3,5.3,2680.0,48.0,MEDIUM
166.3,329.9,62.1,20.7,2969.0,69.1,HIGH
228.8,556.1,100.0,10.8,2143.0,91.3,CRITICAL
134.1,280.5,67.1,5.5,227.0,37.2,MEDIUM
78.9,159.8,67.4,46.4,2282.0,62.3,HIGH
148.4,218.0,68.3,7.9,2000.0,52.4,MEDIUM
130.2,197.3,67.3,10.5,1353.0,55.6,MEDIUM
79.2,159.3,53.6,22.0,839.0,36.8,MEDIUM
127.6,261.7,79.1,17.6,664.0,61.9,HIGH
126.0,343.3,71.0,55.2,434.0,62.6,HIGH
71.2,128.6,40.5,59.3,1990.0,51.2,MEDIUM
48.7,109.5,51.3,25.3,1144.0,38.7,MEDIUM
118.5,178.3,53.4,12.1,1650.0,44.1,MEDIUM
30.2,89.9,43.3,29.9,1671.0,28.7,LOW
24.2,43.7,34.6,29.7,1900.0,28.3,LOW
94.6,237.5,80.7,28.0,1865.0,79.1,HIGH
116.2,216.4,78.1,1.2,1653.0,56.6,MEDIUM
94.1,154.1,45.6,7.7,634.0,46.3,MEDIUM
101.7,203.8,39.4,8.5,276.0,38.8,MEDIUM
114.8,217.0,54.0,21.1,1813.0,52.2,MEDIUM
197.6,395.4,78.6,34.8,1385.0,98.0,CRITICAL
135.7,242.2,76.3,52.7,1348.0,96.2,CRITICAL
132.9,392.1,99.9,13.4,1404.0,70.4,HIGH
89.4,115.1,34.9,46.3,518.0,46.5,MEDIUM
91.8,220.1,54.0,13.6,702.0,40.1,MEDIUM
66.8,208.4,43.5,2.0,2054.0,32.2,MEDIUM
99.6,236.6,67.1,39.0,1639.0,62.5,HIGH
28.8,61.2,38.6,12.9,1907.0,20.9,LOW
198.2,408.2,100.0,55.2,562.0,100.0,CRITICAL
36.7,49.0,43.3,56.0,2480.0,42.4,MEDIUM
135.5,294.9,81.6,6.3,1243.0,52.9,MEDIUM
181.7,356.2,64.9,11.7,1917.0,67.7,HIGH
135.3,340.9,73.6,12.6,1504.0,62.9,HIGH
307.8,799.4,100.0,54.7,1511.0,100.0,CRITICAL
8.4,30.8,28.2,4.7,2380.0,19.2,LOW
51.4,84.2,23.1,45.1,509.0,37.3,MEDIUM
179.7,307.4,85.8,17.3,409.0,43.4,MEDIUM
23.3,64.4,32.7,34.9,483.0,24.6,LOW
37.7,105.1,58.5,10.6,2987.0,37.9,MEDIUM
109.8,241.6,66.0,48.4,2796.0,61.1,HIGH
78.2,187.1,54.7,40.2,2162.0,59.1,MEDIUM
105.0,264.9,86.1,1.3,1453.0,55.1,MEDIUM
83.3,154.0,37.5,14.2,438.0,31.9,MEDIUM
89.1,105.9,63.1,28.0,2499.0,46.1,MEDIUM
41.1,96.7,36.8,31.9,730.0,33.9,MEDIUM
87.0,221.6,65.2,49.6,964.0,58.3,MEDIUM
54.4,85.5,44.9,23.2,2554.0,41.1,MEDIUM
60.6,122.2,43.2,55.6,921.0,31.3,MEDIUM
134.2,267.1,60.9,11.6,2565.0,50.0,MEDIUM
22.1,52.2,33.4,51.5,2401.0,32.1,MEDIUM
4.7,15.3,20.1,54.3,2544.0,16.2,LOW
127.5,239.2,89.4,37.6,2088.0,82.1,CRITICAL
87.1,114.9,41.5,58.1,1186.0,39.9,MEDIUM
181.6,342.3,95.3,24.6,2029.0,74.8,HIGH
38.6,110.9,59.0,42.0,2522.0,45.2,MEDIUM
69.4,183.3,61.9,0.6,2298.0,39.8,MEDIUM
80.5,173.4,54.4,16.5,2614.0,42.3,MEDIUM
45.5,114.5,49.5,34.0,2954.0,33.1,MEDIUM
34.3,88.1,50.1,52.6,2132.0,47.0,MEDIUM
132.0,295.8,75.6,57.2,2799.0,100.0,CRITICAL
19.9,67.0,21.2,34.8,961.0,34.1,MEDIUM
29.3,74.8,19.4,51.4,2926.0,40.9,MEDIUM
67.6,138.9,68.9,48.0,2749.0,55.8,MEDIUM
142.9,300.0,43.4,46.4,315.0,59.4,MEDIUM
48.1,127.2,51.4,6.7,1853.0,27.6,LOW
43.0,49.9,34.7,28.7,1608.0,33.7,MEDIUM
64.5,161.2,56.1,29.2,2484.0,40.4,MEDIUM
98.1,145.5,38.1,47.2,554.0,50.6,MEDIUM
56.8,102.3,49.5,35.2,1677.0,39.0,MEDIUM
155.7,321.8,80.7,49.2,1604.0,82.0,CRITICAL
160.2,392.4,100.0,57.4,1308.0,95.8,CRITICAL
67.6,128.1,50.8,33.3,2978.0,54.3,MEDIUM
255.0,441.7,100.0,47.5,1711.0,100.0,CRITICAL
79.1,89.5,25.4,33.6,1357.0,16.8,LOW
156.5,288.0,85.4,37.5,2598.0,86.9,CRITICAL
96.1,186.7,60.7,28.6,589.0,54.5,MEDIUM
94.8,184.7,60.9,57.6,1005.0,55.4,MEDIUM
15.4,11.0,35.1,49.1,981.0,36.0,MEDIUM
27.0,85.7,63.3,45.1,2814.0,45.6,MEDIUM
59.2,152.2,55.9,19.8,2665.0,43.0,MEDIUM
159.3,263.0,60.0,29.1,1899.0,64.1,HIGH
97.1,225.6,56.5,51.8,1095.0,54.3,MEDIUM
59.7,125.4,58.6,56.2,1511.0,54.0,MEDIUM
117.0,334.0,85.5,59.9,1799.0,98.3,CRITICAL
155.3,289.1,55.0,44.1,1712.0,71.6,HIGH
75.4,162.1,60.5,43.9,917.0,53.4,MEDIUM
88.7,160.4,41.1,5.6,565.0,26.8,LOW
80.4,242.7,71.7,45.1,2741.0,69.2,HIGH
71.7,175.6,46.7,20.8,1994.0,38.5,MEDIUM
38.2,106.6,42.6,51.9,606.0,44.2,MEDIUM
35.6,67.3,33.6,0.7,2972.0,25.8,LOW
116.5,158.6,72.0,56.1,1352.0,68.6,HIGH
157.4,347.0,86.9,29.0,2252.0,95.4,CRITICAL
59.6,119.6,63.1,7.7,695.0,38.8,MEDIUM
58.5,170.0,90.2,36.1,2812.0,65.8,HIGH
11.0,11.9,32.3,41.5,422.0,23.6,LOW
8.6,17.4,50.6,46.8,2876.0,31.3,MEDIUM
185.4,443.6,88.1,42.1,2236.0,94.5,CRITICAL
40.5,45.1,51.8,33.2,836.0,45.4,MEDIUM
321.8,449.5,87.7,4.9,707.0,67.1,HIGH
47.0,78.9,41.6,51.8,2544.0,38.2,MEDIUM
16.0,29.6,40.9,59.0,312.0,33.3,MEDIUM
80.9,204.6,69.0,46.7,520.0,52.5,MEDIUM
131.0,289.8,58.2,2.1,2084.0,62.6,HIGH
120.9,214.4,51.8,45.3,417.0,56.6,MEDIUM
140.2,226.2,71.3,16.2,1715.0,59.1,MEDIUM
31.6,62.0,34.9,57.7,1807.0,34.3,MEDIUM
182.4,424.8,77.0,3.8,250.0,52.8,MEDIUM
189.7,493.4,100.0,5.5,1256.0,70.9,HIGH
195.3,468.1,98.8,10.9,280.0,70.6,HIGH
91.0,167.0,57.2,45.2,2907.0,54.0,MEDIUM
55.9,137.5,57.0,39.1,803.0,36.3,MEDIUM
51.8,78.4,47.4,43.6,2131.0,46.4,MEDIUM
15.9,6.3,21.7,21.2,2087.0,19.3,LOW
47.9,91.8,38.8,52.8,2362.0,35.3,MEDIUM
4.2,0.0,41.1,26.8,1139.0,25.3,LOW
13.5,38.4,29.2,8.0,716.0,19.8,LOW
90.3,157.3,48.9,46.0,1685.0,61.2,HIGH
61.2,134.2,32.1,31.8,2144.0,25.5,LOW
87.4,242.8,66.1,35.6,2315.0,54.2,MEDIUM
124.0,217.2,66.7,23.1,337.0,44.4,MEDIUM
99.7,151.9,29.1,42.6,2307.0,46.5,MEDIUM
93.6,198.1,46.9,2.1,515.0,42.2,MEDIUM
70.1,77.4,24.5,29.5,1669.0,30.6,MEDIUM
39.2,86.3,52.4,25.6,1755.0,33.7,MEDIUM
23.4,61.6,16.3,44.8,556.0,25.3,LOW
48.9,108.0,45.2,16.0,2899.0,44.1,MEDIUM
71.0,97.4,53.2,14.0,1986.0,23.1,LOW
78.0,163.2,56.7,19.2,827.0,37.7,MEDIUM
140.4,206.3,55.7,28.8,343.0,49.0,MEDIUM
66.1,102.3,49.5,12.6,2370.0,25.5,LOW
111.6,205.9,73.3,41.1,2556.0,71.6,HIGH
18.4,41.4,34.9,19.9,454.0,11.3,LOW
91.3,139.3,24.0,25.3,921.0,33.9,MEDIUM
86.6,163.3,68.3,33.5,1999.0,53.7,MEDIUM
182.5,259.7,73.8,22.6,1373.0,61.7,HIGH
61.3,99.2,44.5,42.1,1159.0,33.7,MEDIUM
59.2,83.0,18.7,39.4,1388.0,35.0,MEDIUM
124.6,270.4,67.0,45.4,1615.0,63.0,HIGH
25.3,25.0,23.2,31.4,717.0,30.0,MEDIUM
89.5,229.7,49.9,22.0,1287.0,49.0,MEDIUM
24.0,9.0,29.7,12.1,396.0,28.3,LOW
238.4,459.3,92.5,26.2,217.0,83.8,CRITICAL
53.0,68.7,34.7,52.4,2931.0,47.2,MEDIUM
22.5,93.3,52.9,7.3,353.0,21.2,LOW
48.6,121.4,51.3,12.9,322.0,40.4,MEDIUM
89.9,130.2,43.6,39.9,2692.0,51.2,MEDIUM
109.1,276.7,64.0,34.5,2933.0,61.7,HIGH
176.1,303.1,70.0,55.0,2565.0,81.9,CRITICAL
43.8,97.0,41.6,1.7,591.0,17.8,LOW
128.6,281.0,79.2,52.7,1991.0,84.4,CRITICAL
13.5,40.3,23.5,43.5,2151.0,36.1,MEDIUM
29.5,61.9,56.8,46.5,2361.0,49.8,MEDIUM
19.0,41.9,43.3,22.7,516.0,29.3,LOW
37.2,79.6,9.1,18.4,1294.0,20.5,LOW
124.6,237.4,66.6,0.9,973.0,46.7,MEDIUM
44.7,113.1,59.5,47.2,2033.0,55.2,MEDIUM
52.2,114.7,51.9,9.7,1162.0,24.4,LOW
91.7,248.0,62.2,13.6,1625.0,47.0,MEDIUM
105.8,151.1,51.9,16.6,1954.0,27.1,LOW
53.5,107.1,48.2,52.2,2624.0,53.1,MEDIUM
29.3,39.3,45.1,17.3,2779.0,24.8,LOW
212.9,322.2,61.3,25.5,2142.0,68.3,HIGH
53.8,89.1,36.1,44.8,638.0,39.9,MEDIUM
58.4,117.6,67.3,53.5,2689.0,58.2,MEDIUM
64.5,104.0,46.0,47.5,773.0,59.9,MEDIUM
114.0,244.9,85.1,32.1,349.0,66.7,HIGH
17.4,55.2,74.1,0.1,1424.0,20.6,LOW
268.6,424.0,87.7,9.5,2117.0,78.6,HIGH
57.1,53.2,23.6,15.2,618.0,18.9,LOW
116.7,139.4,47.7,24.8,1038.0,51.2,MEDIUM
22.7,32.3,48.0,21.7,424.0,25.3,LOW
85.0,146.9,66.9,30.9,1931.0,56.9,MEDIUM
241.7,568.1,100.0,24.7,2183.0,88.8,CRITICAL
219.6,343.8,81.1,43.6,1655.0,100.0,CRITICAL
114.6,156.1,59.3,3.1,1444.0,34.9,MEDIUM
35.0,55.4,29.8,59.7,2574.0,51.1,MEDIUM
169.8,300.7,45.0,50.6,1374.0,58.7,MEDIUM
13.4,38.0,35.2,20.1,1437.0,19.4,LOW
33.8,94.2,30.3,23.8,1817.0,21.5,LOW
70.4,111.2,54.4,57.8,2171.0,56.7,MEDIUM
14.8,0.0,7.4,56.1,2376.0,31.8,MEDIUM
48.5,111.8,37.9,23.6,314.0,23.8,LOW
130.5,285.7,76.1,3.6,2583.0,60.8,HIGH
40.7,102.7,49.9,59.3,1464.0,40.6,MEDIUM
134.8,340.8,80.5,39.2,2736.0,91.9,CRITICAL
316.0,658.7,100.0,41.6,1702.0,100.0,CRITICAL
99.9,230.7,83.4,16.5,1532.0,52.4,MEDIUM
133.2,301.6,67.0,49.1,747.0,73.5,HIGH
173.8,390.3,100.0,33.4,1515.0,96.1,CRITICAL
52.4,139.9,72.1,28.2,1580.0,48.3,MEDIUM
131.0,240.5,64.6,44.5,2705.0,66.7,HIGH
51.4,124.8,49.3,22.3,2684.0,28.0,LOW
94.8,186.5,57.4,25.8,1562.0,48.3,MEDIUM
145.0,221.7,55.5,39.1,2629.0,59.7,MEDIUM
36.5,60.1,32.5,38.4,2592.0,45.9,MEDIUM
4.8,0.0,45.8,58.3,2855.0,28.9,LOW
33.4,102.1,50.6,33.8,1212.0,45.7,MEDIUM
160.0,255.3,61.6,19.3,794.0,56.1,MEDIUM
29.6,67.2,29.0,17.2,2843.0,29.1,LOW
154.0,324.7,69.6,32.0,1838.0,60.8,HIGH
33.6,66.1,37.9,7.2,1507.0,20.8,LOW
62.9,112.4,57.8,35.3,1352.0,41.6,MEDIUM
74.2,168.7,45.0,23.4,437.0,51.5,MEDIUM
29.5,79.0,52.7,21.1,771.0,26.7,LOW
63.4,127.6,51.5,11.5,1016.0,40.3,MEDIUM
15.9,10.4,33.3,29.7,1744.0,34.4,MEDIUM
56.4,130.5,61.9,2.3,1647.0,39.3,MEDIUM
69.6,69.4,50.5,36.4,1720.0,40.7,MEDIUM
5.2,12.7,15.0,17.1,414.0,23.7,LOW
33.1,64.6,26.7,54.3,227.0,45.9,MEDIUM
92.6,123.5,45.8,31.6,1497.0,48.0,MEDIUM
26.3,25.5,38.1,46.8,742.0,32.3,MEDIUM
104.1,272.8,87.3,51.1,2697.0,81.8,CRITICAL
111.6,259.3,69.7,52.7,1407.0,68.4,HIGH
92.3,156.1,73.9,52.2,1186.0,59.7,MEDIUM
129.9,290.1,65.0,13.5,1723.0,55.9,MEDIUM
14.8,67.7,33.7,18.2,1960.0,16.9,LOW
149.5,177.0,52.9,42.5,430.0,60.1,HIGH
30.0,30.6,24.8,32.3,2276.0,37.2,MEDIUM
80.9,225.7,77.8,36.6,585.0,76.3,HIGH
235.4,578.1,83.5,40.7,1283.0,100.0,CRITICAL
55.4,157.7,47.6,6.9,1199.0,30.2,MEDIUM
75.7,149.3,66.2,10.1,1794.0,31.9,MEDIUM
30.1,65.8,36.1,38.3,2131.0,33.0,MEDIUM
233.9,398.8,100.0,37.5,2442.0,100.0,CRITICAL
33.2,65.0,66.1,49.0,1676.0,50.6,MEDIUM
118.6,303.0,76.4,41.6,635.0,77.4,HIGH
173.5,282.5,86.4,12.5,2149.0,60.1,HIGH
126.7,159.7,83.0,4.2,1541.0,53.7,MEDIUM
96.6,181.8,62.1,23.5,1849.0,47.4,MEDIUM
80.0,176.6,55.9,22.3,1442.0,39.4,MEDIUM
22.5,57.9,49.5,46.0,1366.0,45.1,MEDIUM
227.0,569.0,100.0,40.3,2164.0,100.0,CRITICAL
90.8,152.3,52.4,52.3,1668.0,53.4,MEDIUM
75.7,107.8,40.4,30.3,2630.0,41.1,MEDIUM
27.7,43.1,57.1,17.3,2282.0,34.3,MEDIUM
78.6,226.2,60.7,30.3,1534.0,54.4,MEDIUM
72.1,106.6,60.3,12.9,800.0,37.3,MEDIUM
235.4,496.6,100.0,3.6,249.0,77.2,HIGH
75.7,77.4,63.5,30.0,775.0,40.1,MEDIUM
77.6,201.8,50.1,24.8,988.0,40.5,MEDIUM
28.1,72.4,30.7,1.9,531.0,14.7,LOW
39.5,42.3,46.6,43.3,2073.0,36.2,MEDIUM
108.8,195.5,45.8,38.7,1113.0,46.7,MEDIUM
11.7,38.9,37.2,4.4,285.0,13.9,LOW
149.0,264.9,88.3,42.6,1423.0,95.4,CRITICAL
151.8,395.1,67.9,5.0,2396.0,48.0,MEDIUM
35.8,73.2,45.8,31.1,1151.0,32.7,MEDIUM
96.9,205.5,75.4,37.3,2727.0,78.5,HIGH
177.4,457.8,98.4,29.9,2588.0,100.0,CRITICAL
67.6,108.7,35.2,44.8,2690.0,58.1,MEDIUM
57.9,96.8,41.4,23.1,2070.0,34.9,MEDIUM
63.9,113.7,37.0,12.8,2458.0,44.9,MEDIUM
90.7,136.7,51.3,29.2,1289.0,48.6,MEDIUM
44.1,84.0,39.3,20.5,2141.0,37.4,MEDIUM
54.0,64.7,33.5,9.1,827.0,17.2,LOW
92.0,188.8,63.9,28.3,773.0,52.4,MEDIUM
50.4,75.0,60.2,12.1,2842.0,40.7,MEDIUM
25.7,55.5,42.3,28.2,1737.0,28.0,LOW
10.5,29.8,50.6,35.6,401.0,15.7,LOW
76.8,111.9,65.7,46.9,752.0,53.3,MEDIUM
170.0,198.7,52.8,51.2,1492.0,65.7,HIGH
100.4,187.0,61.4,40.1,2568.0,67.4,HIGH
26.7,43.8,31.5,53.6,2709.0,35.0,MEDIUM
39.2,55.3,20.5,33.5,518.0,23.8,LOW
57.6,151.0,56.9,42.6,374.0,40.2,MEDIUM
240.4,353.6,70.4,46.2,541.0,78.5,HIGH
249.0,590.8,100.0,49.5,2080.0,100.0,CRITICAL
230.0,470.8,81.9,45.1,1692.0,98.0,CRITICAL
82.9,183.9,59.6,54.1,2266.0,50.0,MEDIUM
400.0,898.1,100.0,28.4,1861.0,100.0,CRITICAL
41.0,53.4,46.1,57.2,468.0,51.5,MEDIUM
55.9,131.4,45.0,24.0,921.0,40.7,MEDIUM
141.1,367.2,79.2,4.2,1128.0,66.8,HIGH
92.4,228.2,77.7,10.9,2182.0,48.0,MEDIUM
96.3,122.1,44.5,33.5,1871.0,39.3,MEDIUM
31.2,78.9,43.2,0.9,2851.0,20.9,LOW
71.7,83.4,40.1,9.4,607.0,27.3,LOW
41.5,57.3,44.7,22.4,2828.0,34.2,MEDIUM
20.9,0.0,42.5,37.5,816.0,30.0,MEDIUM
45.9,93.1,54.0,9.9,1162.0,33.4,MEDIUM
92.4,187.6,52.5,34.5,297.0,44.3,MEDIUM
125.4,332.7,94.4,39.8,1030.0,82.8,CRITICAL
10.0,24.4,22.7,45.8,759.0,21.8,LOW
74.3,158.8,44.9,39.6,808.0,47.7,MEDIUM
69.2,159.4,52.4,15.0,1802.0,39.6,MEDIUM
88.9,246.9,79.6,59.8,2386.0,88.2,CRITICAL
27.2,63.9,25.5,53.3,2286.0,46.4,MEDIUM
27.7,22.6,44.1,22.4,2522.0,23.4,LOW
173.1,231.3,64.0,1.8,2248.0,54.2,MEDIUM
36.3,78.3,36.5,31.7,2934.0,35.1,MEDIUM
53.7,80.4,55.2,51.9,252.0,35.1,MEDIUM
58.3,165.2,45.1,49.3,2966.0,47.7,MEDIUM
42.2,134.8,77.6,53.9,1348.0,77.3,HIGH
106.4,296.1,72.3,58.2,1538.0,63.4,HIGH
100.0,150.6,54.4,42.8,1817.0,50.9,MEDIUM
66.8,113.1,65.5,9.7,224.0,34.0,MEDIUM
44.3,84.9,44.8,2.2,709.0,28.0,LOW
62.7,51.9,52.0,9.1,1449.0,28.4,LOW
79.1,114.0,23.7,12.1,2355.0,32.1,MEDIUM
39.3,64.9,34.4,3.7,2636.0,9.5,LOW
112.1,202.8,65.2,27.2,614.0,55.9,MEDIUM
148.2,441.1,100.0,47.0,936.0,100.0,CRITICAL
193.2,502.9,100.0,0.3,1901.0,80.4,CRITICAL
185.4,347.6,90.3,48.2,1211.0,87.6,CRITICAL
58.0,133.1,62.7,55.5,1034.0,48.8,MEDIUM
82.1,145.6,57.5,9.1,1273.0,43.5,MEDIUM
65.8,100.9,19.4,1.3,2164.0,19.3,LOW
65.6,64.0,56.9,28.8,756.0,39.9,MEDIUM
62.3,129.8,39.4,52.1,373.0,41.3,MEDIUM
75.4,169.4,59.2,44.2,210.0,49.2,MEDIUM
165.1,407.1,93.2,2.1,1675.0,73.2,HIGH
94.5,225.1,64.3,40.4,900.0,48.7,MEDIUM
26.0,46.3,23.7,49.1,1773.0,34.4,MEDIUM
144.0,323.8,55.3,16.3,2667.0,60.1,HIGH
88.0,93.9,32.1,39.2,1022.0,48.5,MEDIUM
107.3,170.4,65.5,29.6,714.0,51.2,MEDIUM
93.1,183.8,40.2,12.3,204.0,41.4,MEDIUM
96.3,103.3,34.9,54.1,2948.0,50.7,MEDIUM
99.5,139.8,56.0,13.4,1647.0,42.9,MEDIUM
12.8,33.0,22.6,50.4,2446.0,34.1,MEDIUM
106.3,160.7,47.6,42.1,2603.0,60.5,HIGH
40.8,96.6,45.5,13.3,2987.0,34.9,MEDIUM
50.2,57.4,42.0,42.7,2607.0,36.9,MEDIUM
74.9,138.4,38.2,1.6,1023.0,28.9,LOW
213.6,610.0,100.0,14.2,1780.0,87.0,CRITICAL
30.5,82.1,47.1,17.1,2896.0,40.6,MEDIUM
73.0,142.6,36.1,53.4,1973.0,42.4,MEDIUM
61.1,188.2,60.8,54.9,2353.0,59.0,MEDIUM
142.5,256.4,59.9,16.3,2739.0,54.8,MEDIUM
59.7,79.2,43.4,28.5,1918.0,39.6,MEDIUM
88.7,212.2,70.5,58.9,2139.0,56.0,MEDIUM
30.6,52.5,35.8,40.0,1847.0,36.4,MEDIUM
159.2,414.5,100.0,4.2,1148.0,69.0,HIGH
19.1,38.4,45.3,23.5,897.0,21.4,LOW
105.3,190.8,69.5,25.3,1974.0,63.1,HIGH
89.1,189.0,63.2,18.4,2947.0,39.4,MEDIUM
98.9,248.1,80.4,31.2,2765.0,80.6,CRITICAL
19.4,0.0,34.6,44.2,788.0,17.5,LOW
58.8,111.2,26.7,41.5,2560.0,41.0,MEDIUM
137.8,412.3,82.3,21.1,259.0,68.1,HIGH
235.0,514.0,100.0,44.2,1850.0,100.0,CRITICAL
68.8,103.8,44.5,32.0,2805.0,43.3,MEDIUM
129.0,200.4,64.4,46.2,2886.0,65.2,HIGH
82.9,207.7,51.5,6.8,1889.0,42.5,MEDIUM
71.6,150.4,76.7,24.3,1966.0,55.2,MEDIUM
53.4,107.5,44.9,23.7,1292.0,43.9,MEDIUM
75.2,206.8,60.9,21.1,2226.0,39.8,MEDIUM
121.1,209.5,53.4,41.9,888.0,57.0,MEDIUM
128.1,195.8,47.3,33.4,295.0,38.8,MEDIUM
23.7,60.3,37.5,23.2,2539.0,22.1,LOW
49.5,128.3,49.6,32.2,369.0,34.5,MEDIUM
29.2,15.6,31.3,42.3,2061.0,40.4,MEDIUM
78.1,196.7,79.4,40.5,1423.0,71.0,HIGH
57.1,56.7,37.0,45.6,321.0,37.6,MEDIUM
96.5,154.8,52.2,51.1,647.0,55.0,MEDIUM
101.4,283.1,82.2,44.4,482.0,76.8,HIGH
6.3,0.0,27.9,10.8,800.0,1.8,LOW
74.7,80.4,48.5,50.8,1979.0,44.9,MEDIUM
167.3,450.7,82.3,19.9,1798.0,72.9,HIGH
49.5,86.6,27.7,40.0,1412.0,40.2,MEDIUM
48.3,64.2,41.1,59.5,2561.0,43.2,MEDIUM
148.1,383.3,84.7,17.7,2309.0,71.8,HIGH
132.2,181.3,47.5,16.2,2112.0,54.0,MEDIUM
32.1,33.5,36.5,10.9,1877.0,30.0,LOW
123.3,220.3,65.6,59.0,2149.0,67.3,HIGH
38.9,34.8,26.7,25.6,834.0,19.1,LOW
47.9,116.6,41.3,47.0,928.0,35.5,MEDIUM
32.1,38.6,38.4,3.0,1035.0,11.6,LOW
23.5,75.0,29.0,10.8,2275.0,16.3,LOW
81.6,221.5,56.0,3.8,1410.0,38.8,MEDIUM
20.1,0.0,36.4,48.9,2887.0,48.2,MEDIUM
84.0,151.8,52.5,6.4,313.0,34.8,MEDIUM
82.1,123.8,42.8,55.4,1273.0,48.6,MEDIUM
66.4,202.9,49.6,39.8,633.0,53.8,MEDIUM
51.5,107.0,33.9,54.6,2486.0,39.8,MEDIUM
43.4,116.5,45.9,24.5,1543.0,42.0,MEDIUM
28.4,57.4,62.9,31.5,1936.0,45.4,MEDIUM
194.2,303.5,82.3,1.7,1874.0,63.9,HIGH
64.1,88.7,27.3,28.0,421.0,44.4,MEDIUM
62.5,130.2,58.0,35.4,2394.0,55.4,MEDIUM
33.5,98.6,35.7,6.0,2502.0,25.4,LOW
180.7,291.9,73.7,58.9,1901.0,77.5,HIGH
45.8,73.4,33.9,0.3,987.0,16.8,LOW
90.1,205.4,85.1,16.0,2227.0,52.5,MEDIUM
103.0,200.7,46.5,36.9,2162.0,53.7,MEDIUM
81.6,126.2,52.7,29.9,2755.0,45.7,MEDIUM
19.6,41.8,28.0,14.4,529.0,17.0,LOW
119.7,315.4,86.2,59.2,2747.0,83.3,CRITICAL
45.4,105.6,49.4,11.3,2684.0,29.4,LOW
131.3,143.9,66.6,34.1,1033.0,47.6,MEDIUM
71.2,169.6,64.1,7.0,2205.0,42.4,MEDIUM
107.6,265.6,61.5,3.4,938.0,44.1,MEDIUM
172.8,396.3,100.0,29.3,858.0,93.0,CRITICAL
116.6,167.2,61.7,48.3,1996.0,67.2,HIGH
109.4,155.5,46.7,31.9,340.0,41.9,MEDIUM
123.5,251.8,70.2,17.6,470.0,48.4,MEDIUM
37.7,70.2,48.1,1.0,2048.0,15.5,LOW
135.2,233.3,72.1,56.4,2865.0,76.9,HIGH
60.3,135.8,56.3,12.7,295.0,37.0,MEDIUM
61.9,95.5,55.9,34.5,264.0,49.5,MEDIUM
79.7,232.9,75.3,0.9,409.0,49.2,MEDIUM
55.9,135.0,40.1,5.8,205.0,23.1,LOW
31.0,93.2,69.3,10.2,2799.0,30.5,MEDIUM
75.2,134.6,73.8,6.7,1527.0,29.1,LOW
62.1,102.8,55.0,31.8,2138.0,38.1,MEDIUM
60.4,125.9,49.4,23.8,1366.0,36.7,MEDIUM
69.4,166.8,55.7,48.1,2992.0,42.7,MEDIUM
7.2,36.4,31.6,7.0,1544.0,9.8,LOW
60.7,115.4,45.0,25.9,2830.0,40.1,MEDIUM
187.3,490.2,77.3,25.7,2019.0,85.2,CRITICAL
177.5,239.9,84.4,13.8,2854.0,61.7,HIGH
77.2,176.0,70.5,5.8,1586.0,41.4,MEDIUM
75.2,115.6,27.2,0.6,2661.0,38.2,MEDIUM
4.8,0.0,40.7,1.1,1135.0,2.4,LOW
47.7,58.5,38.7,23.9,2051.0,39.6,MEDIUM
122.7,256.2,66.0,3.3,1928.0,50.9,MEDIUM
54.8,65.4,45.7,23.7,1563.0,42.5,MEDIUM
152.2,301.1,54.3,26.2,1604.0,66.8,HIGH
146.0,360.4,83.9,26.7,676.0,64.1,HIGH
46.9,155.4,54.3,11.5,2737.0,36.3,MEDIUM
81.6,121.5,49.2,29.9,1472.0,35.5,MEDIUM
197.2,342.0,64.9,23.5,624.0,64.9,HIGH
19.1,45.8,42.2,59.4,2172.0,39.4,MEDIUM
55.8,111.6,59.5,2.7,2236.0,34.4,MEDIUM
17.1,48.3,42.1,3.2,326.0,21.0,LOW
35.3,86.0,40.2,49.5,1132.0,49.7,MEDIUM
235.9,439.3,100.0,16.0,1836.0,80.5,CRITICAL
55.8,124.0,37.5,11.0,2500.0,38.7,MEDIUM
9.8,22.0,42.6,52.5,1070.0,36.2,MEDIUM
30.7,77.7,44.6,32.0,1039.0,26.5,LOW
15.2,22.5,57.5,36.9,2262.0,37.3,MEDIUM
84.0,141.2,55.8,0.5,814.0,33.1,MEDIUM
102.0,194.1,66.3,15.6,2709.0,45.2,MEDIUM
136.4,202.2,66.4,15.6,2413.0,48.8,MEDIUM
118.1,304.6,63.0,45.7,2701.0,62.6,HIGH
20.1,18.7,22.4,23.1,1190.0,18.1,LOW
98.3,154.3,49.8,34.6,664.0,43.1,MEDIUM
67.1,118.1,59.2,55.9,1838.0,59.6,MEDIUM
150.1,293.2,76.8,59.1,732.0,72.7,HIGH
127.6,344.4,79.2,7.6,945.0,56.5,MEDIUM
256.3,415.4,100.0,33.4,1322.0,100.0,CRITICAL
33.0,21.5,9.4,41.9,1496.0,23.3,LOW
28.8,41.3,20.6,46.9,1103.0,31.2,MEDIUM
50.2,136.8,20.6,55.2,997.0,37.0,MEDIUM
69.2,187.1,72.6,43.7,891.0,55.4,MEDIUM
42.3,63.8,38.4,41.4,2132.0,44.5,MEDIUM
34.6,93.7,55.7,3.2,1056.0,29.0,LOW
93.6,211.4,60.4,32.7,2144.0,51.4,MEDIUM
50.0,114.0,59.4,35.9,2280.0,37.7,MEDIUM
40.7,113.6,45.5,41.8,2200.0,45.4,MEDIUM
20.1,8.9,36.3,35.0,2760.0,28.8,LOW
5.5,2.7,33.6,24.6,2873.0,22.0,LOW
181.3,254.6,72.2,29.2,611.0,68.0,HIGH
177.7,225.3,84.0,58.0,1098.0,88.5,CRITICAL
130.3,224.6,44.2,19.7,2405.0,53.2,MEDIUM
109.7,154.6,52.4,47.1,2389.0,74.1,HIGH
46.2,89.8,45.8,36.4,399.0,41.9,MEDIUM
112.9,259.2,69.5,26.6,2894.0,68.0,HIGH
26.9,56.7,33.7,24.9,2597.0,33.5,MEDIUM
80.1,100.5,38.7,32.2,2718.0,44.4,MEDIUM
37.7,64.3,58.0,48.0,772.0,46.4,MEDIUM
113.3,306.0,75.0,7.3,1603.0,55.5,MEDIUM
206.1,426.3,100.0,54.6,1434.0,100.0,CRITICAL
30.6,23.7,39.9,46.4,1209.0,37.5,MEDIUM
48.2,118.1,44.2,20.9,837.0,25.0,LOW
79.0,125.8,55.5,0.6,591.0,21.8,LOW
11.4,4.7,32.0,6.3,2637.0,20.3,LOW
16.0,47.8,53.3,8.7,1685.0,17.6,LOW
202.1,393.8,75.1,6.2,1882.0,72.6,HIGH
93.9,183.1,35.8,6.2,932.0,41.3,MEDIUM
44.1,92.3,48.2,57.6,2818.0,45.4,MEDIUM
72.8,191.3,68.7,39.5,2822.0,64.6,HIGH
50.3,92.5,47.3,49.2,2080.0,48.0,MEDIUM
80.8,152.9,61.0,33.8,1098.0,49.4,MEDIUM
51.9,85.9,49.2,37.2,852.0,41.0,MEDIUM
68.5,150.0,34.7,52.9,1867.0,42.6,MEDIUM
120.4,229.6,67.8,15.7,2532.0,48.8,MEDIUM
115.0,177.5,72.4,41.7,2908.0,54.6,MEDIUM
194.6,319.9,80.0,54.0,391.0,90.2,CRITICAL
98.8,241.3,50.5,56.2,1136.0,70.5,HIGH
76.4,127.5,45.1,26.6,1295.0,31.9,MEDIUM
214.0,554.3,100.0,51.4,1233.0,100.0,CRITICAL
63.0,103.8,67.1,30.2,2070.0,42.1,MEDIUM
6.4,0.0,6.5,15.5,1732.0,8.1,LOW
131.4,275.4,75.6,15.1,2696.0,61.2,HIGH
90.5,152.5,41.7,27.1,823.0,38.4,MEDIUM
73.7,184.8,63.8,15.5,1318.0,41.4,MEDIUM
133.8,339.3,87.9,1.8,1715.0,52.7,MEDIUM
52.3,135.6,47.5,6.3,2487.0,29.4,LOW
6.8,8.6,38.9,51.0,2505.0,35.6,MEDIUM
135.6,272.0,84.5,53.0,2606.0,89.7,CRITICAL
42.8,62.0,37.3,52.4,1654.0,52.6,MEDIUM
31.7,103.6,29.5,33.2,876.0,31.7,MEDIUM
7.4,31.1,51.8,56.1,2234.0,38.3,MEDIUM
127.9,221.4,73.2,29.9,2873.0,47.9,MEDIUM
3.5,40.6,42.9,27.8,999.0,28.2,LOW
171.8,399.8,81.7,28.5,755.0,76.7,HIGH
56.6,130.2,61.4,15.2,263.0,38.3,MEDIUM
132.1,198.6,84.3,36.8,2066.0,83.3,CRITICAL
101.0,156.0,51.9,26.9,1726.0,53.0,MEDIUM
240.2,334.9,81.4,58.5,577.0,95.6,CRITICAL
99.0,226.2,51.1,10.3,759.0,41.1,MEDIUM
167.6,335.8,71.7,4.6,2054.0,64.3,HIGH
46.9,58.0,25.8,21.1,1421.0,21.5,LOW
15.9,30.2,36.1,12.9,853.0,23.1,LOW
146.4,407.8,87.1,59.5,1896.0,100.0,CRITICAL
15.4,37.4,40.1,33.5,347.0,27.8,LOW
126.9,274.1,60.4,21.6,245.0,62.4,HIGH
28.3,25.7,31.8,38.6,930.0,34.5,MEDIUM
91.8,142.7,40.0,27.2,1011.0,31.9,MEDIUM
243.2,294.5,76.4,12.5,492.0,72.8,HIGH
120.1,219.5,43.3,23.7,522.0,43.1,MEDIUM
63.3,124.3,50.5,17.2,670.0,39.5,MEDIUM
102.7,185.9,54.5,38.3,2229.0,58.2,MEDIUM
48.4,73.5,43.2,49.0,2457.0,29.4,LOW
305.1,359.3,64.1,15.8,708.0,71.9,HIGH
40.0,45.6,44.7,37.3,2039.0,37.6,MEDIUM
68.8,104.5,42.1,42.5,854.0,41.5,MEDIUM
112.6,149.8,55.1,22.2,2664.0,47.5,MEDIUM
97.4,100.3,22.6,29.3,953.0,42.2,MEDIUM
105.5,228.8,49.4,21.5,563.0,40.5,MEDIUM
49.2,143.2,46.8,22.4,1430.0,43.3,MEDIUM
61.2,112.2,63.3,26.8,632.0,32.2,MEDIUM
141.8,171.7,62.1,17.7,755.0,52.4,MEDIUM
137.1,399.4,91.5,29.3,1149.0,92.1,CRITICAL
99.1,270.3,59.5,45.1,2050.0,67.7,HIGH
181.7,373.3,72.7,23.7,527.0,70.0,HIGH
145.7,192.8,62.2,56.7,996.0,63.5,HIGH
134.2,315.8,85.8,13.1,2603.0,59.9,MEDIUM
15.1,44.4,39.2,27.0,967.0,19.8,LOW
98.2,268.0,90.7,36.1,672.0,74.6,HIGH
85.8,214.7,54.0,32.6,1694.0,45.7,MEDIUM
197.3,452.7,100.0,56.8,293.0,98.3,CRITICAL
65.8,169.4,35.1,19.5,2451.0,48.9,MEDIUM
80.6,86.4,45.5,22.7,823.0,26.8,LOW
27.9,55.4,55.9,35.7,572.0,43.3,MEDIUM
33.4,112.0,34.3,35.8,2463.0,31.0,MEDIUM
197.7,306.4,86.1,47.2,2560.0,94.6,CRITICAL
105.2,191.0,75.9,47.7,2257.0,74.2,HIGH
243.6,416.5,84.2,0.7,857.0,62.6,HIGH
64.9,118.1,53.3,45.9,1676.0,55.6,MEDIUM
19.3,26.9,53.0,43.1,2913.0,44.6,MEDIUM
57.7,125.4,51.6,35.1,1538.0,42.8,MEDIUM
49.9,93.9,53.5,19.0,2859.0,53.6,MEDIUM
123.0,240.4,44.8,54.4,2094.0,61.6,HIGH
119.6,188.1,65.4,44.3,2566.0,65.2,HIGH
108.9,280.8,78.3,15.4,739.0,49.4,MEDIUM
293.4,597.7,100.0,18.3,2795.0,83.3,CRITICAL
174.7,481.2,90.6,42.6,2589.0,100.0,CRITICAL
35.6,61.8,46.5,55.1,2398.0,48.8,MEDIUM
149.0,194.6,55.6,29.4,2835.0,63.5,HIGH
76.6,213.0,75.3,52.8,2409.0,85.3,CRITICAL
63.5,186.7,61.7,22.9,1815.0,40.9,MEDIUM
189.4,273.4,71.7,23.7,2016.0,72.7,HIGH
33.5,58.7,36.8,41.2,2499.0,41.2,MEDIUM
142.3,292.5,77.4,3.0,2298.0,58.9,MEDIUM
127.2,200.9,69.8,8.3,1857.0,44.9,MEDIUM
32.9,96.3,50.9,43.7,1875.0,37.8,MEDIUM
14.5,54.1,33.0,14.5,2665.0,27.1,LOW
70.3,95.9,59.3,10.5,228.0,38.1,MEDIUM
160.8,376.0,94.3,5.3,2210.0,63.5,HIGH
98.0,201.9,64.9,13.5,1784.0,50.7,MEDIUM
193.5,485.3,100.0,15.0,2547.0,89.7,CRITICAL
93.1,244.5,72.7,20.5,775.0,48.7,MEDIUM
202.1,592.4,96.9,56.3,1671.0,100.0,CRITICAL
45.5,104.8,48.6,38.7,557.0,32.4,MEDIUM
108.7,193.0,78.6,41.6,2046.0,75.6,HIGH
54.3,69.1,43.0,8.0,2339.0,26.4,LOW
68.6,161.5,55.2,11.6,1946.0,38.3,MEDIUM
80.4,143.2,44.3,53.9,1753.0,51.0,MEDIUM
97.7,260.7,75.0,38.1,1161.0,74.8,HIGH
40.3,37.2,33.2,48.6,1991.0,43.2,MEDIUM
105.0,159.3,69.6,21.4,2719.0,48.1,MEDIUM
77.4,206.0,50.5,34.6,2220.0,58.8,MEDIUM
20.5,47.6,31.7,30.1,264.0,31.7,MEDIUM
12.0,2.7,23.2,12.3,1624.0,21.2,LOW
161.2,330.2,100.0,49.5,2262.0,95.7,CRITICAL
65.9,120.4,45.8,20.0,1612.0,36.4,MEDIUM
18.2,33.7,28.5,28.0,1856.0,31.3,MEDIUM
224.2,431.1,69.6,8.0,2752.0,72.0,HIGH
112.7,216.2,51.5,38.3,2647.0,54.7,MEDIUM
95.8,132.9,56.3,47.5,428.0,48.3,MEDIUM
37.1,29.1,40.6,24.6,1630.0,26.2,LOW
20.2,59.0,31.0,58.7,1942.0,29.6,LOW
85.9,110.7,39.5,15.5,2586.0,55.1,MEDIUM
73.7,134.5,72.5,52.4,943.0,43.3,MEDIUM
28.4,38.8,68.2,43.3,592.0,36.5,MEDIUM
27.4,0.0,43.8,55.6,1872.0,41.8,MEDIUM
26.1,46.9,55.7,44.4,1509.0,37.8,MEDIUM
25.2,27.3,55.4,29.7,922.0,30.9,MEDIUM
44.3,92.7,70.5,24.8,2840.0,45.8,MEDIUM
95.9,239.4,62.3,49.8,1089.0,66.2,HIGH
107.9,175.1,45.7,50.4,355.0,51.6,MEDIUM
72.5,163.6,76.5,35.3,365.0,71.9,HIGH
83.0,93.2,32.4,42.1,763.0,32.7,MEDIUM
111.6,224.4,51.3,27.8,527.0,46.2,MEDIUM
8.5,35.6,23.3,13.1,1305.0,19.5,LOW
87.9,107.8,44.6,3.0,425.0,40.9,MEDIUM
180.0,234.2,41.3,39.2,1771.0,59.2,MEDIUM
64.6,65.8,22.7,40.2,1343.0,30.5,MEDIUM
156.8,399.1,82.4,39.9,1874.0,96.3,CRITICAL
65.5,140.2,36.7,33.7,2970.0,44.0,MEDIUM
116.9,313.0,89.7,20.5,2977.0,60.7,HIGH
94.4,202.6,60.5,14.5,1368.0,37.7,MEDIUM
25.6,62.7,46.3,3.9,1228.0,18.4,LOW
31.9,26.7,39.6,8.9,2108.0,26.5,LOW
202.1,441.2,93.7,37.7,1230.0,100.0,CRITICAL
135.1,241.3,78.1,46.1,2379.0,94.3,CRITICAL
69.1,219.3,68.3,54.5,1885.0,58.1,MEDIUM
62.1,175.7,52.5,5.0,759.0,35.5,MEDIUM
37.3,96.1,24.2,48.8,1362.0,39.1,MEDIUM
100.4,243.6,72.8,35.8,2618.0,60.1,HIGH
40.3,94.1,29.0,18.1,1749.0,32.8,MEDIUM
55.7,102.5,49.9,43.5,2188.0,40.5,MEDIUM
44.1,47.7,38.1,59.4,2188.0,38.4,MEDIUM
129.3,301.2,58.9,22.8,1550.0,54.9,MEDIUM
66.8,168.5,58.4,37.6,1027.0,51.1,MEDIUM
83.4,134.4,52.5,15.6,1870.0,44.2,MEDIUM
26.2,69.6,42.8,12.3,517.0,18.1,LOW
43.8,61.5,41.0,8.9,1873.0,20.5,LOW
84.8,244.9,58.9,1.9,488.0,37.8,MEDIUM
15.4,1.7,37.4,43.4,2725.0,26.6,LOW
62.9,116.5,39.2,8.8,2283.0,37.5,MEDIUM
74.3,134.6,37.3,40.6,707.0,42.4,MEDIUM
23.0,81.9,50.4,52.2,2397.0,36.7,MEDIUM
152.0,372.5,97.1,50.8,2232.0,92.2,CRITICAL
96.9,115.7,54.6,17.9,2240.0,45.8,MEDIUM
66.5,96.0,41.9,7.5,1139.0,30.3,MEDIUM
41.1,134.4,26.9,26.6,1664.0,28.0,LOW
14.7,21.4,51.0,10.9,1840.0,23.3,LOW
144.2,194.0,35.6,22.4,1256.0,41.7,MEDIUM
51.5,133.7,57.1,34.1,1769.0,43.6,MEDIUM
19.3,0.0,55.3,38.7,883.0,43.8,MEDIUM
40.1,56.3,40.2,13.1,2650.0,41.4,MEDIUM
104.5,175.0,59.7,13.6,2889.0,46.0,MEDIUM
89.7,227.6,68.7,52.0,1115.0,63.0,HIGH
28.5,77.8,44.0,56.7,1159.0,42.3,MEDIUM
161.9,320.1,100.0,38.5,805.0,82.8,CRITICAL
19.0,50.7,27.5,33.4,2621.0,24.4,LOW
184.8,475.1,89.6,39.5,657.0,86.1,CRITICAL
86.9,229.5,60.5,7.7,2437.0,47.1,MEDIUM
54.8,105.6,66.7,53.8,2531.0,65.1,HIGH
61.3,105.3,38.9,12.5,1085.0,36.0,MEDIUM
79.7,218.1,67.9,40.2,2375.0,59.4,MEDIUM
110.4,140.1,63.9,13.3,1468.0,44.6,MEDIUM
11.9,2.6,39.7,42.3,1176.0,30.4,MEDIUM
38.9,56.0,50.6,45.2,2701.0,51.6,MEDIUM
77.7,224.5,80.7,44.5,1470.0,78.5,HIGH
166.1,267.7,73.9,25.7,355.0,63.8,HIGH
161.9,271.9,65.3,36.4,1977.0,62.7,HIGH
210.5,465.7,100.0,35.9,2042.0,100.0,CRITICAL
156.7,205.5,56.8,43.2,1977.0,65.9,HIGH
36.3,95.6,74.6,29.9,1209.0,45.2,MEDIUM
74.0,164.8,48.3,30.4,2100.0,52.4,MEDIUM
157.3,261.2,75.0,41.1,1015.0,60.7,HIGH
147.0,364.3,66.6,10.2,1500.0,56.8,MEDIUM
63.8,94.0,45.7,39.1,807.0,39.8,MEDIUM
108.2,274.4,67.7,8.9,1917.0,47.1,MEDIUM
51.3,113.8,55.2,43.5,2469.0,42.9,MEDIUM
17.4,15.5,40.7,23.3,473.0,19.6,LOW
68.3,90.3,60.5,50.4,276.0,41.5,MEDIUM
65.1,142.6,67.4,5.3,2331.0,43.4,MEDIUM
49.3,71.5,39.9,27.6,1104.0,35.9,MEDIUM
110.7,162.9,43.1,10.0,1107.0,40.5,MEDIUM
62.1,173.6,46.1,52.1,1781.0,38.7,MEDIUM
99.9,220.7,66.7,7.5,1563.0,57.0,MEDIUM
127.7,359.2,85.8,29.1,540.0,79.3,HIGH
316.7,484.6,100.0,6.3,2329.0,92.3,CRITICAL
69.2,104.6,39.3,47.9,694.0,48.8,MEDIUM
167.7,391.0,100.0,16.9,2513.0,74.6,HIGH
88.8,110.0,28.8,35.6,2340.0,56.5,MEDIUM
92.6,179.0,49.8,10.2,668.0,41.0,MEDIUM
69.9,137.5,37.7,21.1,2323.0,37.1,MEDIUM
83.1,119.0,45.3,6.8,2051.0,32.1,MEDIUM
62.5,167.1,70.0,33.0,2949.0,58.6,MEDIUM
148.3,244.2,63.2,0.2,2193.0,47.0,MEDIUM
40.2,107.1,47.3,59.6,1293.0,41.6,MEDIUM
17.2,13.5,40.0,25.0,1936.0,24.1,LOW
47.9,83.7,38.5,37.8,2053.0,35.7,MEDIUM
43.6,89.7,48.0,17.2,2288.0,29.5,LOW
47.9,104.2,48.6,15.2,1512.0,43.0,MEDIUM
67.1,213.7,48.5,50.8,2518.0,60.9,HIGH
48.0,123.8,43.0,45.5,1003.0,45.3,MEDIUM
66.3,50.9,41.9,38.6,2897.0,40.4,MEDIUM
48.1,122.2,63.7,45.1,1069.0,45.8,MEDIUM
101.4,231.7,80.1,10.5,305.0,45.6,MEDIUM
314.8,366.7,100.0,56.0,760.0,100.0,CRITICAL
87.5,185.1,63.6,27.3,2797.0,54.1,MEDIUM
49.8,88.8,38.4,52.1,2412.0,49.2,MEDIUM
4.8,0.0,29.2,44.2,1430.0,31.4,MEDIUM
248.8,450.9,96.3,17.2,2734.0,79.4,HIGH
91.1,136.9,45.6,34.2,891.0,46.4,MEDIUM
65.9,185.5,62.4,58.0,854.0,46.8,MEDIUM
5.3,34.5,40.3,2.2,561.0,20.9,LOW
68.6,157.1,39.5,25.6,1439.0,35.0,MEDIUM
82.6,215.1,75.3,37.2,1640.0,69.9,HIGH
48.3,103.7,23.5,20.4,606.0,31.3,MEDIUM
21.0,28.6,31.6,19.1,521.0,16.7,LOW
19.6,0.0,43.8,44.9,1293.0,34.5,MEDIUM
251.4,613.4,100.0,55.0,851.0,95.4,CRITICAL
80.8,109.3,42.1,32.3,1808.0,41.8,MEDIUM
48.3,161.1,77.8,56.9,1668.0,74.1,HIGH
77.2,162.0,49.0,6.1,655.0,29.0,LOW
73.2,139.4,26.9,13.6,237.0,31.7,MEDIUM
18.5,40.6,41.5,5.3,2005.0,20.6,LOW
141.7,269.8,49.1,26.1,2364.0,65.2,HIGH
64.5,156.6,43.5,37.6,1567.0,41.1,MEDIUM
81.7,164.0,62.1,12.0,1811.0,40.5,MEDIUM
197.7,288.4,67.7,26.9,2893.0,63.6,HIGH
21.7,53.7,45.0,41.1,2350.0,38.7,MEDIUM
38.4,102.9,31.5,38.4,1135.0,33.7,MEDIUM
94.7,254.2,78.4,37.8,2581.0,85.2,CRITICAL
139.7,269.4,50.1,36.4,1736.0,58.0,MEDIUM
44.5,54.2,54.0,59.2,1661.0,42.3,MEDIUM
46.7,121.3,42.5,42.8,2137.0,41.0,MEDIUM
117.8,250.8,86.0,54.5,1403.0,85.3,CRITICAL
298.9,579.2,100.0,57.1,2666.0,100.0,CRITICAL
79.2,181.9,80.4,51.6,668.0,53.0,MEDIUM
38.3,76.2,29.9,5.7,1381.0,20.5,LOW
28.8,30.6,13.1,31.8,382.0,29.8,LOW
66.9,75.7,41.9,22.9,2175.0,34.0,MEDIUM
135.3,174.9,71.0,5.8,957.0,50.5,MEDIUM
385.3,876.0,100.0,33.9,1391.0,100.0,CRITICAL
58.3,112.2,60.8,12.8,2682.0,36.7,MEDIUM
79.3,116.7,57.2,34.9,722.0,42.3,MEDIUM
224.2,335.1,70.4,49.0,206.0,86.6,CRITICAL
93.6,159.7,63.2,23.6,1819.0,51.9,MEDIUM
87.9,230.9,65.8,57.0,1425.0,59.8,MEDIUM
196.1,280.9,63.6,46.0,354.0,77.7,HIGH
80.7,149.3,54.5,48.3,1029.0,58.0,MEDIUM
31.1,103.9,44.9,6.7,869.0,23.6,LOW
169.8,462.6,100.0,56.5,930.0,100.0,CRITICAL
15.3,5.4,24.6,2.1,2411.0,17.3,LOW
150.8,400.2,83.3,50.6,1053.0,91.3,CRITICAL
74.5,115.6,39.0,1.8,1571.0,35.3,MEDIUM
58.8,167.0,77.8,9.7,943.0,33.8,MEDIUM
57.6,56.8,30.8,18.9,2862.0,30.5,MEDIUM
66.7,110.1,62.1,44.3,2368.0,58.0,MEDIUM
52.1,98.3,32.4,54.0,1385.0,35.3,MEDIUM
103.8,233.2,71.1,40.0,2236.0,68.6,HIGH
53.6,56.7,41.7,43.7,1082.0,42.3,MEDIUM
75.0,170.8,70.4,17.4,430.0,50.6,MEDIUM
8.8,0.0,43.1,58.5,1405.0,38.2,MEDIUM
74.6,136.2,51.4,24.5,1781.0,41.7,MEDIUM
51.2,122.8,42.0,54.8,1178.0,45.8,MEDIUM
143.3,272.1,90.3,46.8,1324.0,91.9,CRITICAL
60.8,86.9,35.4,22.0,2200.0,46.9,MEDIUM
129.2,207.0,33.8,20.6,2707.0,49.0,MEDIUM
119.0,202.1,38.0,40.8,2703.0,56.1,MEDIUM
121.3,201.3,40.8,56.4,1812.0,57.1,MEDIUM
62.6,119.3,55.0,40.3,1963.0,49.9,MEDIUM
78.4,162.0,80.9,51.4,1692.0,68.7,HIGH
101.8,228.9,39.9,58.0,1239.0,52.8,MEDIUM
80.2,151.7,43.4,19.8,2267.0,35.0,MEDIUM
61.0,135.9,51.4,32.3,511.0,36.2,MEDIUM
33.9,27.2,52.6,36.5,2703.0,44.9,MEDIUM
75.6,203.4,51.1,13.0,994.0,38.7,MEDIUM
17.3,34.5,42.3,47.9,813.0,31.0,MEDIUM
8.0,53.6,35.0,15.7,967.0,19.6,LOW
27.0,67.1,71.4,42.4,2473.0,46.5,MEDIUM
120.4,329.8,81.2,31.4,953.0,80.7,CRITICAL
89.3,186.2,62.2,50.2,1907.0,49.8,MEDIUM
121.2,379.2,87.9,30.7,1161.0,77.7,HIGH
41.6,26.6,29.0,35.2,2038.0,24.9,LOW
153.4,327.0,90.4,10.9,1857.0,59.6,MEDIUM
19.6,28.0,20.3,48.5,2994.0,29.5,LOW
28.0,29.5,10.4,24.1,1071.0,13.9,LOW
151.6,426.8,92.2,34.8,1179.0,97.8,CRITICAL
84.5,128.5,59.1,50.8,757.0,63.5,HIGH
121.7,339.4,73.9,28.8,1499.0,69.1,HIGH
89.5,200.5,62.3,16.5,2545.0,44.7,MEDIUM
46.9,97.8,30.0,15.9,791.0,27.3,LOW
24.8,75.8,54.1,34.0,2892.0,39.6,MEDIUM
11.0,37.6,43.5,17.5,237.0,18.0,LOW
236.8,652.1,100.0,20.3,2454.0,96.9,CRITICAL
14.6,72.9,43.0,14.1,2137.0,38.1,MEDIUM
191.7,417.3,75.9,26.8,2735.0,69.9,HIGH
81.0,199.1,43.7,28.0,1661.0,54.1,MEDIUM
91.6,155.0,51.8,31.6,2107.0,46.2,MEDIUM
87.2,106.8,52.2,35.6,338.0,43.5,MEDIUM
111.2,201.9,67.1,35.3,1304.0,59.7,MEDIUM
38.1,103.6,41.2,22.0,2358.0,43.4,MEDIUM
6.5,26.4,42.9,54.0,505.0,34.8,MEDIUM
46.0,81.7,59.3,30.7,2391.0,45.2,MEDIUM
104.5,234.7,64.1,49.9,1063.0,66.5,HIGH
28.3,75.0,45.0,33.4,1188.0,41.0,MEDIUM
156.0,427.1,91.6,22.2,2013.0,78.1,HIGH
67.7,184.4,56.1,44.3,419.0,56.7,MEDIUM
25.8,56.3,40.5,10.6,1949.0,20.8,LOW
83.9,215.6,82.8,58.2,2758.0,70.4,HIGH
103.2,136.4,61.4,34.3,463.0,61.5,HIGH
108.7,275.7,81.3,6.2,908.0,44.1,MEDIUM
151.7,198.0,54.3,25.3,238.0,50.2,MEDIUM
18.0,7.1,20.3,42.8,1650.0,27.9,LOW
151.9,284.4,77.3,4.1,2247.0,54.6,MEDIUM
161.6,367.8,100.0,15.7,2794.0,69.4,HIGH
24.9,55.5,59.0,55.5,1230.0,45.3,MEDIUM
30.1,46.6,7.6,21.4,617.0,20.9,LOW
126.1,308.1,100.0,9.5,281.0,62.5,HIGH
53.9,56.0,43.4,5.9,1110.0,28.2,LOW
178.0,342.5,92.3,37.1,1634.0,93.1,CRITICAL
212.1,391.4,67.8,33.5,2722.0,78.9,HIGH
25.7,51.6,34.9,38.9,806.0,39.4,MEDIUM
37.4,73.3,50.9,57.5,2388.0,42.4,MEDIUM
80.6,97.6,30.5,3.6,1547.0,23.7,LOW
6.3,0.0,5.0,11.9,2629.0,18.0,LOW
11.5,16.1,36.4,14.0,2617.0,22.4,LOW
33.6,88.4,42.7,25.6,2602.0,32.1,MEDIUM
261.6,719.0,100.0,7.3,1324.0,77.6,HIGH
90.2,174.3,54.2,24.6,1169.0,52.5,MEDIUM
43.1,135.0,49.2,49.0,780.0,48.2,MEDIUM
29.8,83.9,51.0,9.8,840.0,27.2,LOW
24.6,48.7,49.7,55.0,1925.0,34.4,MEDIUM
45.8,51.4,29.2,54.7,2893.0,42.1,MEDIUM
43.6,56.7,49.8,30.8,1897.0,36.7,MEDIUM
62.1,98.7,38.5,51.6,1354.0,39.0,MEDIUM
106.9,198.9,60.0,42.7,879.0,54.2,MEDIUM
70.0,149.2,60.4,21.4,2026.0,48.2,MEDIUM
131.4,242.9,76.6,33.7,791.0,85.3,CRITICAL
58.6,131.1,53.5,7.0,461.0,23.7,LOW
223.0,423.1,80.5,29.7,462.0,90.0,CRITICAL
129.2,214.5,39.7,49.8,2581.0,65.3,HIGH
88.3,236.3,63.2,35.1,1270.0,52.7,MEDIUM
107.1,270.7,82.3,22.9,2833.0,64.5,HIGH
46.9,69.3,45.8,39.8,1591.0,38.7,MEDIUM
61.3,46.9,39.9,58.6,2136.0,47.9,MEDIUM
59.4,77.3,41.5,4.0,2515.0,20.1,LOW
38.7,32.9,38.6,19.8,2649.0,33.4,MEDIUM
20.5,31.1,22.7,9.4,655.0,2.1,LOW
111.4,145.8,61.2,57.4,807.0,63.0,HIGH
146.2,385.9,98.0,32.8,620.0,90.0,CRITICAL
100.2,272.5,66.6,7.8,1448.0,49.9,MEDIUM
69.8,195.3,64.5,36.7,634.0,52.0,MEDIUM
291.2,668.2,100.0,30.0,2022.0,97.0,CRITICAL
42.6,66.9,42.2,3.6,1216.0,30.9,MEDIUM
90.6,191.8,57.2,51.9,2899.0,61.3,HIGH
161.0,480.7,100.0,42.6,2486.0,100.0,CRITICAL
27.2,84.7,40.3,0.3,2228.0,16.9,LOW
117.5,284.0,83.0,57.6,2128.0,88.7,CRITICAL
232.9,579.7,100.0,9.6,311.0,71.4,HIGH
74.4,154.4,25.7,0.0,434.0,24.0,LOW
84.6,91.7,41.1,25.6,1410.0,33.8,MEDIUM
42.8,41.7,38.6,8.4,2761.0,56.0,MEDIUM
106.2,196.5,61.3,34.2,463.0,56.9,MEDIUM
37.8,36.6,37.5,18.7,1376.0,34.7,MEDIUM
71.0,92.8,37.8,11.1,2423.0,31.1,MEDIUM
17.9,73.3,37.1,59.1,1095.0,38.8,MEDIUM
2.7,0.0,16.5,20.0,2802.0,23.8,LOW
50.5,144.6,27.7,24.9,2817.0,29.2,LOW
49.8,94.9,43.0,17.7,360.0,25.3,LOW
54.2,97.8,35.7,50.2,1926.0,49.8,MEDIUM
126.5,223.9,76.5,11.8,608.0,50.0,MEDIUM
149.1,275.7,45.2,7.7,1435.0,44.1,MEDIUM
93.4,221.8,66.8,52.9,2714.0,59.5,MEDIUM
120.3,240.6,91.6,11.0,405.0,46.7,MEDIUM
38.8,46.1,34.7,51.5,2825.0,29.1,LOW
30.8,58.7,38.8,34.7,2984.0,26.5,LOW
107.8,131.2,54.8,49.4,2077.0,58.0,MEDIUM
26.8,71.5,46.8,4.2,1198.0,26.2,LOW
24.0,77.4,36.7,57.8,903.0,52.0,MEDIUM
393.6,900.0,100.0,18.0,1411.0,85.3,CRITICAL
78.2,126.3,56.8,3.5,704.0,24.7,LOW
49.9,120.8,25.2,45.9,256.0,37.8,MEDIUM
45.2,68.5,50.3,10.7,376.0,30.6,MEDIUM
18.4,63.2,34.8,21.1,2058.0,33.3,MEDIUM
92.0,158.4,53.8,35.7,258.0,53.8,MEDIUM
58.4,92.6,37.6,4.1,1044.0,28.0,LOW
146.1,232.8,82.1,12.1,2094.0,59.8,MEDIUM
110.2,149.5,55.4,29.3,689.0,53.2,MEDIUM
56.8,151.5,48.9,25.3,1130.0,32.1,MEDIUM
8.8,26.8,29.8,33.5,288.0,12.5,LOW
78.3,131.5,48.0,43.7,515.0,60.4,HIGH
73.0,205.5,89.6,21.2,833.0,50.9,MEDIUM
6.5,6.9,15.2,24.3,553.0,19.5,LOW
101.2,290.8,86.6,16.3,1522.0,40.3,MEDIUM
26.0,51.7,44.6,20.4,555.0,35.7,MEDIUM
151.5,414.6,100.0,3.1,1055.0,72.2,HIGH
69.6,137.4,58.2,34.8,2226.0,40.0,MEDIUM
44.1,76.7,41.5,10.4,2031.0,26.1,LOW
86.9,113.7,59.3,43.0,1272.0,54.1,MEDIUM
82.9,240.2,68.8,2.5,2807.0,36.7,MEDIUM
80.6,99.0,53.9,3.6,2404.0,37.7,MEDIUM
137.8,253.4,85.2,17.1,1900.0,67.7,HIGH
90.9,199.0,61.0,26.3,1423.0,51.8,MEDIUM
40.7,71.3,35.6,41.6,368.0,26.6,LOW
59.9,72.5,33.2,41.5,1356.0,34.0,MEDIUM
189.4,381.2,92.6,58.4,1727.0,100.0,CRITICAL
37.5,29.8,23.9,21.1,2975.0,25.2,LOW
100.0,215.0,58.1,3.6,2864.0,42.0,MEDIUM
141.4,155.4,41.7,51.7,514.0,54.8,MEDIUM
107.2,229.0,70.4,43.8,2942.0,55.0,MEDIUM
78.7,124.4,39.6,4.1,2313.0,36.8,MEDIUM
88.2,200.6,44.6,5.0,2109.0,41.3,MEDIUM
112.1,184.8,44.4,28.6,2730.0,54.6,MEDIUM
37.1,50.0,30.6,20.5,1110.0,28.3,LOW
73.4,194.6,53.4,35.8,1318.0,47.7,MEDIUM
290.1,458.6,100.0,13.1,2639.0,80.5,CRITICAL
102.3,241.7,64.3,57.6,491.0,54.0,MEDIUM
80.8,158.5,58.2,30.7,2186.0,59.1,MEDIUM
55.1,128.5,54.7,45.0,2468.0,51.1,MEDIUM
37.5,54.3,47.0,7.5,2678.0,17.4,LOW
90.4,252.6,45.0,37.0,814.0,51.1,MEDIUM
95.1,180.9,43.6,51.9,2102.0,42.7,MEDIUM
69.6,117.3,54.3,1.4,440.0,30.2,MEDIUM
367.3,761.0,100.0,32.4,2611.0,100.0,CRITICAL
40.5,66.9,51.8,14.8,1549.0,27.3,LOW
32.5,8.3,12.7,28.7,1948.0,18.8,LOW
55.8,186.0,52.2,49.0,2584.0,56.5,MEDIUM
71.4,131.9,46.2,41.4,1617.0,47.5,MEDIUM
35.8,64.0,41.6,45.3,1624.0,29.2,LOW
88.8,150.9,53.1,12.7,1501.0,47.0,MEDIUM
96.0,249.1,73.0,50.0,1882.0,59.3,MEDIUM
121.6,244.8,65.4,36.8,2209.0,55.5,MEDIUM
48.6,71.3,57.2,4.2,2454.0,38.7,MEDIUM
178.8,477.6,100.0,51.8,283.0,100.0,CRITICAL
115.9,320.3,64.6,3.3,1175.0,45.7,MEDIUM
39.8,74.8,41.8,1.7,1411.0,14.6,LOW
35.6,81.2,51.8,50.0,476.0,36.0,MEDIUM
58.9,108.0,53.2,0.8,2305.0,27.9,LOW
96.2,226.9,59.1,5.3,1664.0,49.7,MEDIUM
106.6,227.4,67.2,1.0,205.0,48.6,MEDIUM
115.8,187.4,39.1,52.8,1968.0,57.8,MEDIUM
278.0,449.7,97.2,2.7,1149.0,79.3,HIGH
12.5,9.8,13.9,22.4,2235.0,18.7,LOW
68.1,92.6,50.0,13.0,703.0,27.0,LOW
263.0,641.3,100.0,20.5,203.0,75.1,HIGH
125.6,167.6,57.1,17.4,443.0,48.1,MEDIUM
30.6,35.7,39.2,53.3,1433.0,43.4,MEDIUM
85.5,232.3,65.8,46.1,2294.0,58.9,MEDIUM
65.0,146.6,44.4,53.1,1891.0,56.6,MEDIUM
63.2,67.4,37.6,43.2,242.0,37.6,MEDIUM
47.8,98.9,59.0,19.8,1857.0,38.1,MEDIUM
80.4,132.8,44.8,11.2,1550.0,34.0,MEDIUM
156.9,441.9,96.5,31.8,2430.0,100.0,CRITICAL
51.5,24.3,27.0,21.4,919.0,28.6,LOW
116.4,233.0,77.2,38.6,2213.0,80.6,CRITICAL
130.9,322.2,79.3,2.3,1969.0,55.8,MEDIUM
177.8,301.5,66.1,42.8,1944.0,68.4,HIGH
35.1,103.7,45.6,18.0,1336.0,17.3,LOW
75.7,111.9,43.9,27.7,236.0,34.9,MEDIUM
43.3,97.6,61.3,58.7,725.0,44.9,MEDIUM
80.5,99.6,44.4,12.9,2564.0,40.0,MEDIUM
80.1,218.2,46.1,7.1,1927.0,37.0,MEDIUM
27.5,75.5,47.3,12.6,1819.0,24.8,LOW
84.1,200.3,81.5,21.1,1672.0,34.7,MEDIUM
287.1,398.5,100.0,32.2,415.0,100.0,CRITICAL
106.9,213.5,48.8,58.8,1173.0,58.6,MEDIUM
22.3,109.1,43.1,52.2,1934.0,46.8,MEDIUM
33.1,80.8,41.8,42.9,552.0,38.0,MEDIUM
72.8,177.0,56.3,43.2,2779.0,62.2,HIGH
33.8,24.8,38.3,17.0,403.0,19.7,LOW
171.5,232.4,60.7,55.7,2103.0,71.7,HIGH
19.7,17.9,21.7,32.4,1043.0,26.3,LOW
107.4,135.5,61.7,9.8,2618.0,48.8,MEDIUM
15.5,52.3,24.4,57.0,2515.0,37.8,MEDIUM
71.9,170.8,46.0,30.4,1133.0,46.4,MEDIUM
29.5,57.4,25.1,9.3,1494.0,21.1,LOW
121.5,153.0,60.3,44.1,2886.0,61.2,HIGH
152.5,208.8,62.6,14.0,1902.0,60.1,HIGH
96.0,199.7,70.6,11.3,217.0,33.7,MEDIUM
157.3,320.4,68.6,16.1,2376.0,59.5,MEDIUM
4.3,15.3,17.3,34.7,1212.0,32.6,MEDIUM
83.3,192.2,53.5,17.6,972.0,37.7,MEDIUM
106.3,239.2,63.7,2.4,2530.0,45.6,MEDIUM
116.2,347.7,84.7,23.2,2909.0,74.6,HIGH
101.9,173.4,35.8,14.1,374.0,35.4,MEDIUM
118.0,152.5,58.6,30.7,1293.0,47.7,MEDIUM
82.6,151.1,41.9,27.6,983.0,48.8,MEDIUM
22.6,33.5,27.3,4.7,2714.0,16.6,LOW
47.5,95.2,58.4,14.7,2630.0,35.1,MEDIUM
172.1,423.1,67.3,16.9,2723.0,57.8,MEDIUM
159.2,295.8,78.2,29.1,319.0,80.3,CRITICAL
104.9,194.3,63.0,49.3,340.0,62.0,HIGH
123.3,225.7,54.0,13.1,1744.0,45.9,MEDIUM
146.7,416.1,87.0,9.5,667.0,55.8,MEDIUM
104.1,140.5,65.7,0.1,515.0,33.9,MEDIUM
168.8,466.5,100.0,36.4,929.0,95.6,CRITICAL
165.1,440.3,100.0,19.5,2186.0,76.6,HIGH
345.7,642.5,100.0,40.2,2081.0,100.0,CRITICAL
49.2,83.3,34.2,41.4,2399.0,51.8,MEDIUM
50.0,74.8,22.3,2.7,376.0,18.6,LOW
98.6,174.6,55.6,25.1,2346.0,39.7,MEDIUM
253.0,448.8,100.0,58.1,1574.0,100.0,CRITICAL
177.8,213.8,39.8,16.5,1076.0,51.6,MEDIUM
134.0,312.5,65.8,31.8,1909.0,72.2,HIGH
185.9,472.5,91.1,32.3,2439.0,100.0,CRITICAL
107.7,189.8,62.7,15.6,491.0,44.2,MEDIUM
59.5,116.5,50.2,46.8,2460.0,61.4,HIGH
294.1,480.6,92.8,0.2,1794.0,69.5,HIGH
102.1,126.1,51.1,13.6,1936.0,46.3,MEDIUM
162.7,380.4,73.3,35.6,2661.0,76.9,HIGH
4.3,10.3,26.4,55.0,2188.0,28.9,LOW
5.8,26.3,18.8,0.6,1834.0,6.4,LOW
85.3,163.1,52.7,36.1,1141.0,57.4,MEDIUM
33.9,75.8,31.8,0.2,1629.0,21.5,LOW
91.2,150.0,60.8,37.4,2542.0,58.8,MEDIUM
49.9,55.6,38.0,24.7,2988.0,39.9,MEDIUM
378.0,867.2,100.0,26.1,2317.0,93.2,CRITICAL
154.0,307.0,97.3,58.1,2412.0,91.0,CRITICAL
198.0,299.1,79.5,40.9,2158.0,86.8,CRITICAL
7.8,0.0,25.6,11.8,2347.0,26.6,LOW
132.7,214.1,55.1,59.8,881.0,63.0,HIGH
65.2,119.4,33.7,15.4,1387.0,31.9,MEDIUM
200.5,391.5,87.9,41.2,1757.0,100.0,CRITICAL
119.6,228.1,67.9,40.8,1738.0,57.4,MEDIUM
72.9,149.7,29.5,51.0,1872.0,31.7,MEDIUM
25.1,71.7,24.4,23.9,2926.0,17.2,LOW
84.1,161.2,48.0,41.8,2595.0,50.3,MEDIUM
169.5,247.8,54.0,37.6,2518.0,68.9,HIGH
208.2,330.2,80.0,26.2,2525.0,86.6,CRITICAL
56.3,98.5,47.0,55.0,2421.0,53.2,MEDIUM
339.2,830.1,100.0,15.1,2102.0,70.4,HIGH
160.6,205.3,67.4,13.5,918.0,71.2,HIGH
34.5,84.1,35.6,37.8,2596.0,36.3,MEDIUM
27.5,59.2,38.3,11.4,983.0,29.7,LOW
68.5,148.2,40.2,49.8,2230.0,53.0,MEDIUM
56.2,68.2,43.7,20.4,511.0,30.9,MEDIUM
108.3,139.8,51.9,25.3,1732.0,46.4,MEDIUM
77.5,229.1,50.0,40.9,1093.0,45.5,MEDIUM
60.2,158.4,51.9,53.1,2172.0,44.0,MEDIUM
16.5,23.8,33.1,41.4,2595.0,33.9,MEDIUM
122.2,279.8,75.3,5.7,243.0,40.9,MEDIUM
15.0,60.7,42.9,20.3,520.0,34.6,MEDIUM
161.0,285.3,64.1,45.0,2791.0,75.0,HIGH
9.0,1.6,39.4,54.5,870.0,45.0,MEDIUM
14.0,16.3,38.7,38.0,2246.0,30.9,MEDIUM
34.4,93.8,35.4,35.8,2475.0,34.6,MEDIUM
52.1,60.9,25.4,22.8,2274.0,34.0,MEDIUM
43.5,78.4,34.0,28.7,290.0,28.7,LOW
52.0,56.4,20.8,25.9,2259.0,36.4,MEDIUM
92.5,219.3,65.4,3.3,2892.0,52.8,MEDIUM
35.1,95.4,58.5,1.3,1233.0,32.5,MEDIUM
93.2,126.3,66.0,37.0,2189.0,63.2,HIGH
4.4,0.0,16.9,30.6,974.0,24.9,LOW
33.9,74.2,50.6,14.7,2993.0,28.5,LOW
13.2,4.3,31.7,53.6,783.0,37.8,MEDIUM
159.7,435.6,66.6,12.4,1056.0,67.3,HIGH
39.5,90.7,39.6,42.0,670.0,34.7,MEDIUM
116.8,310.9,71.3,47.3,2874.0,68.2,HIGH
10.5,75.0,55.8,50.4,1800.0,41.2,MEDIUM
205.9,304.8,65.3,50.4,892.0,84.6,CRITICAL
81.0,153.0,59.7,47.7,577.0,53.4,MEDIUM
74.0,154.8,51.9,27.5,2649.0,46.4,MEDIUM
16.8,56.8,21.2,37.4,375.0,25.7,LOW
30.0,71.0,34.0,51.5,2001.0,37.2,MEDIUM
61.8,85.0,61.1,25.2,1908.0,35.0,MEDIUM
31.2,36.2,33.4,40.3,2361.0,41.4,MEDIUM
149.0,345.2,92.6,9.6,2109.0,59.5,MEDIUM
79.1,134.1,60.3,33.9,2542.0,51.7,MEDIUM
31.5,85.7,37.5,8.5,306.0,18.4,LOW
133.4,310.7,61.2,39.6,1405.0,70.6,HIGH
55.2,96.3,30.6,22.6,427.0,27.3,LOW
129.1,154.2,70.5,13.7,1335.0,43.8,MEDIUM
48.0,89.1,45.2,21.6,1770.0,40.3,MEDIUM
111.0,265.7,49.1,42.1,1863.0,55.3,MEDIUM
53.6,111.1,56.7,54.5,2789.0,51.8,MEDIUM
149.0,179.1,35.4,0.7,2781.0,49.3,MEDIUM
10.8,23.6,23.6,10.1,1067.0,10.2,LOW
23.0,96.0,45.4,42.3,2157.0,40.7,MEDIUM
66.4,131.0,79.9,34.1,2196.0,66.1,HIGH
41.1,95.1,54.1,19.2,2880.0,37.2,MEDIUM
52.2,108.7,40.5,39.1,435.0,38.9,MEDIUM
120.4,298.6,75.1,52.0,1928.0,91.4,CRITICAL
51.3,156.9,64.6,15.5,1340.0,34.9,MEDIUM
95.7,177.7,73.7,29.1,1173.0,61.2,HIGH
33.7,70.9,37.7,1.2,1929.0,30.7,MEDIUM
8.1,0.0,27.4,56.8,983.0,31.0,MEDIUM
128.6,284.7,62.7,48.1,300.0,59.9,MEDIUM
237.8,503.1,100.0,30.3,2378.0,100.0,CRITICAL
88.4,202.4,72.7,59.5,443.0,57.9,MEDIUM
69.3,211.4,38.4,13.2,1119.0,45.9,MEDIUM
81.4,166.9,50.3,44.6,1866.0,53.1,MEDIUM
186.9,434.6,80.6,46.2,1946.0,100.0,CRITICAL
89.2,230.8,66.4,49.9,2066.0,62.7,HIGH
133.0,264.7,54.8,41.1,2985.0,66.0,HIGH
128.9,199.4,44.1,11.4,1324.0,41.9,MEDIUM
157.9,360.9,97.6,5.5,585.0,61.9,HIGH
68.1,161.9,52.3,10.8,586.0,39.6,MEDIUM
47.5,57.2,37.9,51.5,1629.0,36.9,MEDIUM
111.9,305.0,80.9,24.1,1274.0,66.4,HIGH
150.2,304.6,87.3,32.8,2757.0,97.7,CRITICAL
170.3,321.6,73.2,1.5,1631.0,54.5,MEDIUM
202.7,514.0,100.0,29.5,1465.0,100.0,CRITICAL
140.8,245.4,62.1,24.6,2615.0,66.8,HIGH
45.2,111.1,59.6,32.1,2429.0,49.8,MEDIUM
88.3,222.1,62.5,22.5,2199.0,47.0,MEDIUM
82.4,126.2,45.4,4.5,1677.0,32.1,MEDIUM
75.6,144.7,56.4,2.6,857.0,31.9,MEDIUM
112.1,137.3,72.6,57.0,1789.0,74.9,HIGH
63.2,112.2,47.7,36.2,524.0,41.6,MEDIUM
63.3,113.4,43.8,38.6,1703.0,43.4,MEDIUM
247.5,302.2,98.6,54.9,2584.0,99.9,CRITICAL
71.0,193.0,74.9,33.1,1642.0,48.0,MEDIUM
157.1,259.5,83.1,36.9,392.0,80.1,CRITICAL
163.4,281.7,66.2,31.4,288.0,66.2,HIGH
90.1,283.9,65.4,10.6,2609.0,41.1,MEDIUM
65.3,122.9,26.4,18.7,828.0,25.9,LOW
35.0,91.6,55.3,53.1,1672.0,34.2,MEDIUM
14.7,81.2,43.1,26.6,2375.0,41.0,MEDIUM
118.0,323.3,56.9,12.2,909.0,50.7,MEDIUM
101.3,129.6,63.9,49.7,2265.0,61.3,HIGH
130.7,178.6,52.7,5.2,411.0,34.2,MEDIUM
50.1,149.4,49.8,38.4,2296.0,53.8,MEDIUM
264.3,349.6,64.3,42.0,379.0,87.9,CRITICAL
107.9,276.1,77.3,18.2,976.0,55.1,MEDIUM
68.9,94.6,50.2,10.0,919.0,28.7,LOW
7.4,0.0,29.4,26.9,2696.0,28.6,LOW
55.0,133.8,45.1,45.3,1697.0,51.7,MEDIUM
135.1,356.4,100.0,53.2,2561.0,100.0,CRITICAL
199.1,179.9,42.5,48.9,1830.0,72.5,HIGH
77.7,155.1,44.6,6.6,2459.0,41.6,MEDIUM
221.3,519.4,100.0,13.4,1744.0,80.1,CRITICAL
32.5,44.4,24.5,37.0,1460.0,36.9,MEDIUM
103.5,252.2,54.8,42.6,2042.0,58.1,MEDIUM
105.7,205.0,74.3,0.5,1002.0,28.0,LOW
118.7,180.5,64.3,8.6,2772.0,45.5,MEDIUM
86.1,211.7,67.6,5.6,2743.0,41.3,MEDIUM
99.4,296.7,76.7,20.5,404.0,55.4,MEDIUM
31.8,44.4,28.3,40.8,2767.0,41.4,MEDIUM
186.3,430.2,91.5,56.6,709.0,100.0,CRITICAL
146.5,203.6,59.6,5.4,2108.0,61.6,HIGH
96.5,112.6,57.0,30.4,2505.0,47.3,MEDIUM
148.9,263.0,74.6,22.3,875.0,48.8,MEDIUM
190.4,472.4,89.7,23.9,515.0,80.1,CRITICAL
117.4,179.3,66.4,4.1,2317.0,42.9,MEDIUM
283.3,401.1,70.0,17.3,1439.0,67.3,HIGH
124.5,336.5,76.6,15.1,1563.0,57.4,MEDIUM
36.6,75.6,27.6,43.1,2333.0,34.0,MEDIUM
92.9,119.6,37.7,38.5,911.0,41.3,MEDIUM
152.9,254.5,91.3,38.2,472.0,95.4,CRITICAL
190.5,486.2,85.3,31.2,2882.0,100.0,CRITICAL
87.5,184.4,47.8,20.5,2159.0,43.0,MEDIUM
34.0,58.9,45.0,14.6,2026.0,38.2,MEDIUM
64.2,97.7,39.0,0.7,1132.0,22.8,LOW
21.2,42.3,38.2,8.9,2988.0,15.7,LOW
133.8,300.8,92.3,13.2,823.0,52.4,MEDIUM
54.4,93.6,51.9,58.5,699.0,44.6,MEDIUM
42.1,49.1,31.7,58.2,1091.0,27.6,LOW
143.1,228.8,62.7,46.1,2269.0,61.8,HIGH
218.4,371.5,92.1,36.6,864.0,97.9,CRITICAL
41.9,88.4,50.9,40.1,1076.0,48.4,MEDIUM
88.0,264.0,69.8,36.0,1683.0,66.9,HIGH
66.3,149.8,56.8,38.8,2020.0,54.4,MEDIUM
196.5,432.4,99.2,13.2,618.0,75.4,HIGH
72.6,113.1,45.9,58.6,2033.0,46.4,MEDIUM
31.1,69.6,33.2,45.4,1267.0,39.8,MEDIUM
75.3,135.2,59.2,14.1,1169.0,49.4,MEDIUM
169.3,437.5,99.1,30.8,421.0,95.2,CRITICAL
63.2,105.5,20.8,47.4,2927.0,40.3,MEDIUM
45.9,140.5,41.2,54.7,2141.0,45.4,MEDIUM
70.0,139.6,45.2,23.0,480.0,35.5,MEDIUM
32.0,46.5,34.6,29.0,1225.0,33.2,MEDIUM
66.3,178.9,71.3,18.6,424.0,38.0,MEDIUM
48.9,99.6,83.4,22.6,1716.0,47.2,MEDIUM
317.6,739.3,100.0,13.7,2160.0,88.7,CRITICAL
9.9,15.2,35.9,1.8,358.0,13.9,LOW
36.5,125.9,49.7,25.0,2782.0,32.0,MEDIUM
45.9,69.9,38.3,28.2,1248.0,32.4,MEDIUM
32.2,53.1,44.5,46.8,857.0,35.7,MEDIUM
104.3,221.5,65.0,31.4,564.0,53.4,MEDIUM
41.2,94.6,39.9,19.6,608.0,24.8,LOW
18.9,39.6,36.3,27.8,2579.0,38.0,MEDIUM
82.1,163.3,61.2,47.8,1544.0,57.0,MEDIUM
60.3,153.7,58.6,28.9,2436.0,37.0,MEDIUM
43.0,33.1,37.2,33.3,836.0,24.5,LOW
193.2,256.2,61.4,10.4,1090.0,65.6,HIGH
106.9,154.9,87.1,0.5,1355.0,44.1,MEDIUM
98.3,144.5,56.0,55.8,1473.0,53.5,MEDIUM
108.6,263.0,78.6,16.1,474.0,59.3,MEDIUM
104.6,193.6,52.9,20.9,326.0,43.7,MEDIUM
62.8,65.2,42.0,6.9,2989.0,22.6,LOW
41.6,72.6,43.1,30.8,2066.0,30.3,MEDIUM
83.5,99.5,22.0,44.2,353.0,44.4,MEDIUM
61.9,110.4,38.0,41.2,2363.0,57.5,MEDIUM
9.8,0.0,21.2,51.3,1211.0,33.7,MEDIUM
29.6,62.4,32.1,17.2,2430.0,24.8,LOW
55.7,159.3,41.1,18.9,2859.0,36.3,MEDIUM
145.2,202.8,60.9,57.9,274.0,63.4,HIGH
83.8,99.7,61.7,27.4,2900.0,35.9,MEDIUM
35.2,60.5,40.6,50.1,664.0,38.4,MEDIUM
27.2,84.2,28.5,36.7,1032.0,35.7,MEDIUM
167.2,253.0,55.6,10.9,1955.0,66.0,HIGH
65.2,138.2,46.2,57.4,2205.0,56.8,MEDIUM
1.3,0.0,13.0,19.5,677.0,24.5,LOW
68.6,71.6,44.4,38.5,583.0,51.2,MEDIUM
124.0,320.1,94.2,15.3,1002.0,70.0,HIGH
26.3,6.0,24.0,34.5,1112.0,27.2,LOW
79.0,152.1,53.7,32.5,1091.0,48.6,MEDIUM
84.8,175.3,51.2,15.7,680.0,29.2,LOW
27.9,56.4,30.9,59.3,2918.0,39.6,MEDIUM
177.7,423.7,95.8,8.4,2435.0,77.1,HIGH
85.9,80.7,34.1,26.6,2944.0,38.6,MEDIUM
55.5,136.3,40.7,1.9,490.0,15.2,LOW
65.6,155.2,33.9,41.0,412.0,51.6,MEDIUM
22.9,40.3,36.8,27.7,1701.0,31.9,MEDIUM
21.9,42.3,49.1,33.6,1921.0,45.9,MEDIUM
51.2,112.2,55.3,41.9,1978.0,52.2,MEDIUM
53.9,133.6,67.9,45.8,461.0,58.3,MEDIUM
62.2,110.0,38.4,57.9,2563.0,54.5,MEDIUM
188.4,402.7,100.0,51.8,1571.0,100.0,CRITICAL
119.3,188.4,45.0,19.4,1231.0,42.7,MEDIUM
11.9,37.9,44.2,43.6,1612.0,34.0,MEDIUM
164.6,263.6,89.3,4.6,313.0,51.6,MEDIUM
50.9,99.6,50.9,8.2,802.0,39.0,MEDIUM
127.5,213.3,81.9,27.6,2996.0,78.9,HIGH
54.4,84.9,35.5,27.6,1747.0,38.0,MEDIUM
81.8,98.4,43.1,30.3,420.0,31.6,MEDIUM
24.7,55.0,27.3,28.5,1020.0,31.6,MEDIUM
96.0,224.8,64.1,38.5,717.0,53.7,MEDIUM
137.9,374.6,89.4,57.3,2789.0,100.0,CRITICAL
14.8,54.2,38.4,10.4,2457.0,19.2,LOW
139.4,270.4,64.9,21.4,1731.0,66.8,HIGH
41.5,104.3,39.8,4.5,2865.0,32.4,MEDIUM
229.8,292.2,78.0,12.0,1244.0,65.9,HIGH
129.2,384.2,85.7,59.2,2622.0,100.0,CRITICAL
113.7,253.6,54.2,2.4,1509.0,49.9,MEDIUM
65.9,109.9,23.7,12.8,2576.0,32.9,MEDIUM
355.8,678.2,100.0,25.6,2722.0,85.4,CRITICAL
51.2,71.0,24.1,17.6,1496.0,31.2,MEDIUM
30.3,76.0,31.4,32.7,698.0,30.9,MEDIUM
42.8,128.5,44.2,59.4,739.0,43.3,MEDIUM
155.5,325.7,77.1,42.2,1009.0,89.3,CRITICAL
80.6,150.6,44.6,24.4,824.0,40.0,MEDIUM
71.8,207.7,87.4,41.0,1287.0,70.2,HIGH
51.8,136.8,35.4,52.3,1619.0,35.3,MEDIUM
68.9,171.1,70.2,13.7,444.0,29.9,LOW
48.8,114.3,45.2,43.0,2747.0,48.4,MEDIUM
121.5,261.9,61.4,36.8,207.0,44.2,MEDIUM
61.0,96.6,51.5,44.0,587.0,49.6,MEDIUM
43.5,110.2,41.1,5.0,224.0,25.9,LOW
146.6,391.6,79.1,44.0,2962.0,93.2,CRITICAL
31.2,83.4,64.0,47.3,1350.0,52.1,MEDIUM
81.5,141.7,24.9,41.2,749.0,40.8,MEDIUM
9.7,33.5,32.1,11.8,532.0,19.0,LOW
20.1,37.5,37.9,9.7,1237.0,8.4,LOW
55.8,121.6,65.1,44.3,2933.0,40.0,MEDIUM
48.1,96.8,39.7,38.9,1736.0,39.5,MEDIUM
48.0,135.0,82.2,59.0,1192.0,72.1,HIGH
130.0,152.4,62.0,27.3,1221.0,59.2,MEDIUM
135.4,236.0,37.0,13.8,529.0,42.7,MEDIUM
93.7,227.9,46.7,46.2,1648.0,58.1,MEDIUM
29.6,66.4,42.8,44.9,1388.0,44.5,MEDIUM
68.4,146.5,38.2,31.4,2241.0,42.3,MEDIUM
251.6,359.5,90.5,44.8,737.0,100.0,CRITICAL
333.2,641.6,100.0,18.6,585.0,77.2,HIGH
147.6,286.9,58.7,12.9,1828.0,45.6,MEDIUM
30.8,29.5,22.9,7.6,2278.0,15.7,LOW
68.9,140.3,61.3,17.4,1593.0,45.7,MEDIUM
89.2,157.9,29.4,39.3,2412.0,43.8,MEDIUM
79.5,186.6,70.5,15.5,2555.0,51.7,MEDIUM
158.4,367.8,98.1,53.0,2767.0,94.7,CRITICAL
126.1,314.8,73.2,15.0,1259.0,53.4,MEDIUM
29.2,56.7,21.6,41.1,2732.0,36.4,MEDIUM
44.4,89.5,50.1,31.7,2185.0,36.5,MEDIUM
147.2,266.8,64.2,12.7,1950.0,53.2,MEDIUM
192.6,517.4,89.4,33.4,1751.0,86.1,CRITICAL
90.0,133.3,72.9,57.3,255.0,60.9,HIGH
208.8,457.3,88.0,56.7,1769.0,100.0,CRITICAL
82.6,195.7,41.7,17.5,2381.0,36.3,MEDIUM
34.3,100.8,48.5,32.2,2967.0,51.1,MEDIUM
118.1,190.1,57.7,9.1,1413.0,40.0,MEDIUM
400.0,779.8,100.0,28.1,2972.0,100.0,CRITICAL
23.1,52.7,33.3,19.3,679.0,17.3,LOW
203.5,254.8,63.8,55.8,2883.0,85.5,CRITICAL
113.4,264.3,73.7,38.0,1851.0,73.4,HIGH
42.1,58.6,41.2,11.1,2055.0,35.3,MEDIUM
10.0,63.4,42.3,59.5,1806.0,45.8,MEDIUM
5.6,36.1,38.7,41.7,2952.0,31.8,MEDIUM
47.9,53.8,40.0,8.1,324.0,32.4,MEDIUM
100.5,264.7,64.7,48.0,1349.0,61.7,HIGH
139.8,373.6,96.0,33.5,2651.0,83.6,CRITICAL
162.7,361.3,79.9,24.0,668.0,65.6,HIGH
94.0,153.2,62.6,11.8,1795.0,45.2,MEDIUM
83.5,178.0,73.4,16.7,1666.0,43.5,MEDIUM
57.3,128.7,41.2,10.0,2461.0,33.5,MEDIUM
102.3,206.3,89.8,48.2,2771.0,87.9,CRITICAL
42.7,91.4,35.2,16.4,925.0,29.4,LOW
24.4,6.0,22.4,28.2,2141.0,29.8,LOW
79.7,171.1,62.1,58.1,1734.0,55.4,MEDIUM
132.5,212.5,67.2,59.7,2056.0,63.0,HIGH
19.4,49.6,38.3,47.5,761.0,26.4,LOW
47.9,32.8,44.7,47.9,963.0,40.0,MEDIUM
77.4,154.6,56.2,56.7,1740.0,50.8,MEDIUM
76.2,95.8,69.2,47.8,208.0,50.8,MEDIUM
111.2,253.5,67.4,27.1,2206.0,46.1,MEDIUM
246.8,440.0,85.7,3.6,652.0,62.3,HIGH
5.7,5.9,24.3,12.5,2808.0,20.7,LOW
254.2,332.4,85.5,26.7,2610.0,71.7,HIGH
239.6,531.6,100.0,15.9,1945.0,84.7,CRITICAL
141.5,321.6,80.7,19.8,2695.0,61.1,HIGH
88.8,112.7,36.7,3.5,2964.0,27.0,LOW
43.4,84.0,55.9,33.1,2370.0,43.2,MEDIUM
140.2,239.1,89.1,21.1,1955.0,64.3,HIGH
92.3,188.2,58.6,15.5,1458.0,47.6,MEDIUM
58.3,139.8,72.7,36.6,2478.0,46.3,MEDIUM
137.7,183.1,67.9,16.6,2172.0,49.4,MEDIUM
154.6,375.0,100.0,28.6,1523.0,98.3,CRITICAL
191.6,470.1,100.0,14.8,1600.0,78.1,HIGH
39.3,89.7,45.1,40.8,841.0,41.8,MEDIUM
175.1,379.0,97.0,51.2,2408.0,100.0,CRITICAL
59.2,158.4,48.6,4.9,2659.0,36.5,MEDIUM
89.0,162.6,59.3,49.2,246.0,38.5,MEDIUM
102.3,233.9,81.1,51.1,513.0,86.0,CRITICAL
165.5,258.0,78.5,57.9,2975.0,89.8,CRITICAL
128.0,293.2,73.6,49.7,699.0,61.0,HIGH
57.5,200.9,62.5,33.1,2262.0,44.3,MEDIUM
6.9,27.0,43.1,4.2,1546.0,15.9,LOW
110.3,184.1,66.3,4.5,1660.0,43.4,MEDIUM
86.2,254.7,77.2,11.8,503.0,47.8,MEDIUM
22.8,4.8,34.8,26.8,586.0,17.4,LOW
94.1,212.2,51.9,57.3,1818.0,63.0,HIGH
76.7,173.9,48.1,10.5,1257.0,33.1,MEDIUM
190.3,426.1,99.5,32.3,2433.0,98.6,CRITICAL
265.7,543.1,100.0,59.9,2922.0,100.0,CRITICAL
152.0,200.3,68.5,0.8,2474.0,55.1,MEDIUM
73.2,141.1,43.1,2.8,1337.0,29.8,LOW
82.1,130.8,47.8,16.2,1550.0,35.2,MEDIUM
38.0,71.7,26.7,13.5,639.0,19.6,LOW
44.8,104.3,29.0,29.9,2148.0,42.3,MEDIUM
69.9,164.1,55.6,25.2,1453.0,50.2,MEDIUM
64.2,138.3,67.0,35.0,2601.0,53.8,MEDIUM
21.4,52.1,39.0,8.8,2026.0,23.5,LOW
191.7,344.0,100.0,41.2,678.0,100.0,CRITICAL
210.0,455.8,96.4,12.9,1351.0,81.9,CRITICAL
187.5,389.5,88.8,27.1,2095.0,95.6,CRITICAL
214.8,344.0,69.7,2.0,2602.0,65.2,HIGH
317.2,641.0,100.0,47.9,1182.0,100.0,CRITICAL
38.7,66.7,25.7,37.6,2075.0,16.9,LOW
308.3,664.2,100.0,12.5,686.0,87.6,CRITICAL
57.2,166.8,40.9,36.1,2733.0,38.1,MEDIUM
122.5,168.1,56.2,26.2,1810.0,48.3,MEDIUM
16.2,9.9,22.6,49.6,2352.0,24.5,LOW
51.2,73.6,35.0,59.0,1311.0,36.6,MEDIUM
155.0,379.5,91.8,7.5,2834.0,65.6,HIGH
126.7,173.8,37.5,29.4,2216.0,56.4,MEDIUM
56.3,151.8,53.7,15.5,630.0,42.6,MEDIUM
82.1,155.5,63.5,45.0,1741.0,68.2,HIGH
46.7,79.5,53.1,2.1,961.0,25.9,LOW
154.7,273.3,77.2,32.7,2533.0,84.5,CRITICAL
200.4,294.9,73.6,51.4,2392.0,87.0,CRITICAL
38.9,65.3,32.3,23.4,1585.0,24.2,LOW
75.8,195.4,58.3,50.3,1045.0,48.6,MEDIUM
20.5,41.8,56.1,8.8,2588.0,25.2,LOW
92.0,213.6,65.3,55.1,2581.0,62.2,HIGH
113.4,311.3,75.4,47.5,1615.0,72.4,HIGH
97.7,163.6,61.3,23.5,2208.0,56.4,MEDIUM
107.0,290.4,74.2,7.8,999.0,51.3,MEDIUM
69.6,142.7,54.1,31.2,1177.0,49.4,MEDIUM
70.9,122.5,45.4,40.2,2843.0,39.4,MEDIUM
68.3,102.8,40.4,7.7,2262.0,27.4,LOW
49.9,81.3,54.1,56.0,402.0,39.5,MEDIUM
55.3,121.5,24.8,45.8,1482.0,40.1,MEDIUM
109.7,286.4,78.7,57.1,1308.0,83.2,CRITICAL
191.8,254.5,62.5,18.0,847.0,66.4,HIGH
32.8,126.9,26.2,26.0,2986.0,33.2,MEDIUM
70.7,86.8,31.3,14.4,580.0,23.5,LOW
26.4,61.2,38.7,16.4,1080.0,37.9,MEDIUM
50.7,140.7,52.3,8.7,2576.0,32.9,MEDIUM
58.1,165.9,63.8,7.5,570.0,29.0,LOW
87.2,163.7,64.2,40.2,1253.0,43.2,MEDIUM
85.3,163.6,36.0,9.4,1976.0,35.7,MEDIUM
75.2,108.8,50.9,8.0,1143.0,36.9,MEDIUM
103.2,145.0,60.5,32.1,1345.0,44.8,MEDIUM
35.8,65.9,42.5,42.2,1740.0,43.9,MEDIUM
87.7,153.3,59.0,46.7,2868.0,58.4,MEDIUM
129.3,266.9,46.8,34.8,2639.0,49.8,MEDIUM
35.4,89.6,31.6,12.1,513.0,25.9,LOW
12.8,46.1,53.3,34.4,1794.0,34.0,MEDIUM
153.8,307.8,72.8,37.5,2029.0,65.4,HIGH
27.3,89.1,70.0,15.5,1112.0,39.3,MEDIUM
48.6,95.5,29.0,8.7,940.0,28.6,LOW
126.7,335.5,99.1,55.5,1874.0,87.2,CRITICAL
33.7,35.5,28.0,5.8,1362.0,19.8,LOW
146.6,331.0,90.0,16.6,2734.0,69.3,HIGH
42.6,96.9,41.0,13.9,658.0,26.5,LOW
38.0,85.0,44.1,53.5,315.0,36.6,MEDIUM
26.5,65.5,47.0,30.1,2719.0,35.5,MEDIUM
43.0,101.4,37.9,57.4,2709.0,50.0,MEDIUM
114.9,233.4,74.6,49.7,1367.0,68.5,HIGH
48.6,97.3,41.4,45.3,2311.0,33.9,MEDIUM
154.3,340.6,83.2,10.6,2568.0,52.3,MEDIUM
77.6,114.4,15.4,20.7,914.0,18.5,LOW
82.9,175.0,52.2,49.2,2032.0,47.1,MEDIUM
37.0,82.2,57.5,59.0,2264.0,42.6,MEDIUM
170.1,351.1,91.0,52.7,1201.0,94.3,CRITICAL
130.0,259.5,79.6,56.9,2849.0,87.6,CRITICAL
127.5,266.3,70.6,38.5,2908.0,67.6,HIGH
66.4,167.2,75.2,29.0,1563.0,65.0,HIGH
23.3,45.6,40.3,30.9,413.0,35.9,MEDIUM
86.3,123.1,40.6,27.5,2773.0,34.0,MEDIUM
111.4,252.9,78.2,9.3,1664.0,54.1,MEDIUM
112.2,203.3,71.6,18.3,589.0,52.1,MEDIUM
101.6,209.8,69.0,5.4,2250.0,38.8,MEDIUM
98.6,189.0,53.5,5.3,2124.0,44.1,MEDIUM
42.4,100.8,48.5,18.7,592.0,33.2,MEDIUM
44.3,125.4,65.5,40.0,970.0,46.5,MEDIUM
26.8,13.6,37.8,36.8,2620.0,20.5,LOW
155.5,420.4,75.3,33.6,2915.0,97.6,CRITICAL
257.8,331.8,72.2,44.9,1335.0,85.0,CRITICAL
400.0,900.0,100.0,25.4,577.0,89.3,CRITICAL
90.8,213.4,53.0,26.5,1186.0,27.6,LOW
98.8,112.3,21.5,31.1,1621.0,37.0,MEDIUM
68.6,159.7,76.6,4.0,1041.0,29.8,LOW
89.8,145.2,41.3,34.9,1912.0,55.3,MEDIUM
33.6,80.0,32.4,45.0,222.0,29.2,LOW
67.5,176.7,33.2,15.8,2486.0,45.4,MEDIUM
38.3,60.4,49.5,51.3,2565.0,50.7,MEDIUM
60.7,96.9,43.4,16.0,2394.0,36.2,MEDIUM
41.3,136.2,46.2,30.8,1050.0,44.8,MEDIUM
111.5,254.9,64.7,52.5,1971.0,59.7,MEDIUM
121.6,216.8,69.6,44.3,1223.0,59.8,MEDIUM
96.6,194.5,53.4,34.6,1290.0,57.4,MEDIUM
44.5,68.3,16.4,37.4,2185.0,28.1,LOW
25.0,30.1,19.0,6.5,2562.0,9.3,LOW
122.5,212.2,45.7,42.0,2527.0,58.3,MEDIUM
77.3,215.8,65.7,36.7,847.0,47.9,MEDIUM
12.2,8.2,42.4,5.1,2042.0,30.0,LOW
85.8,158.0,71.3,7.5,948.0,45.3,MEDIUM
99.3,207.8,41.6,58.3,1960.0,52.6,MEDIUM
17.3,58.0,46.1,10.7,1228.0,17.1,LOW
112.8,194.6,51.8,53.7,2412.0,63.0,HIGH
20.3,70.3,75.6,16.6,2825.0,44.0,MEDIUM
40.3,110.6,63.2,23.8,1012.0,39.7,MEDIUM
20.4,74.1,61.5,33.3,2633.0,35.2,MEDIUM
36.7,120.2,57.7,37.6,2272.0,36.8,MEDIUM
25.2,67.5,44.7,29.9,1785.0,31.7,MEDIUM
154.8,261.8,64.4,20.9,1670.0,62.0,HIGH
63.6,147.2,44.9,29.9,1094.0,38.1,MEDIUM
53.2,90.3,33.9,42.0,769.0,45.2,MEDIUM
164.9,188.1,65.6,23.8,433.0,60.5,HIGH
159.2,377.2,100.0,32.7,2195.0,97.1,CRITICAL
56.8,113.0,42.7,22.8,823.0,37.3,MEDIUM
95.2,122.4,39.7,19.8,1587.0,31.2,MEDIUM
47.4,130.5,31.8,17.9,2691.0,29.6,LOW
71.5,123.7,51.5,13.4,2079.0,31.3,MEDIUM
29.8,95.4,59.1,45.6,674.0,45.8,MEDIUM
105.5,238.7,81.2,59.0,2256.0,77.5,HIGH
169.4,433.5,100.0,1.7,802.0,67.8,HIGH
149.6,394.5,94.2,11.8,2384.0,68.7,HIGH
80.1,239.4,67.0,57.9,418.0,61.1,HIGH
10.8,7.9,46.6,20.5,597.0,16.0,LOW
45.6,75.9,28.1,23.3,2816.0,34.4,MEDIUM
71.4,114.6,41.9,39.8,985.0,37.6,MEDIUM
22.0,49.0,57.9,21.2,622.0,23.8,LOW
18.3,29.4,21.5,29.6,802.0,22.5,LOW
201.4,552.4,100.0,54.0,1211.0,100.0,CRITICAL
137.7,216.9,70.1,33.9,2545.0,60.0,MEDIUM
111.4,295.2,75.3,40.0,627.0,68.7,HIGH
126.8,228.8,78.1,13.0,244.0,46.1,MEDIUM
26.0,74.0,59.4,15.7,2622.0,31.0,MEDIUM
35.6,108.2,52.0,53.5,1039.0,55.1,MEDIUM
91.0,184.5,74.4,55.1,415.0,61.0,HIGH
96.3,208.6,50.1,48.4,278.0,49.5,MEDIUM
20.7,50.7,35.7,7.3,2719.0,21.2,LOW
86.3,187.8,87.0,49.1,1665.0,88.6,CRITICAL
72.4,173.3,79.3,1.2,1909.0,39.4,MEDIUM
146.3,239.1,50.5,35.8,1925.0,60.4,HIGH
96.7,94.5,44.0,40.5,1662.0,46.6,MEDIUM
216.8,404.0,92.2,25.6,2354.0,89.0,CRITICAL
57.1,88.4,48.3,28.8,2737.0,38.0,MEDIUM
27.8,33.2,50.3,44.5,1995.0,46.5,MEDIUM
213.0,336.7,100.0,53.7,2563.0,100.0,CRITICAL
100.4,237.0,66.0,11.4,227.0,48.4,MEDIUM
72.8,241.3,79.7,8.3,1545.0,44.7,MEDIUM
36.8,101.9,53.1,37.8,1891.0,34.4,MEDIUM
57.6,126.9,48.8,13.8,763.0,31.0,MEDIUM
55.2,94.4,23.8,11.7,649.0,19.2,LOW
26.6,78.3,54.0,12.2,581.0,21.6,LOW
7.1,36.0,42.7,11.8,997.0,18.5,LOW
54.1,118.2,52.4,28.6,2506.0,45.8,MEDIUM
129.1,259.0,57.1,57.9,277.0,58.5,MEDIUM
179.2,256.8,92.0,49.7,1887.0,88.1,CRITICAL
150.2,418.9,94.7,32.6,391.0,84.9,CRITICAL
156.2,394.6,75.5,4.9,1861.0,71.8,HIGH
29.7,0.0,14.4,40.4,906.0,30.3,MEDIUM
92.3,193.0,67.1,27.1,641.0,44.1,MEDIUM
112.0,144.9,60.2,46.7,1504.0,66.6,HIGH
117.1,269.1,64.8,29.6,847.0,55.9,MEDIUM
71.5,141.9,56.8,40.1,1259.0,63.3,HIGH
84.2,150.8,60.6,12.0,1973.0,43.4,MEDIUM
147.2,272.7,72.6,50.0,2821.0,77.5,HIGH
109.1,199.1,51.4,46.8,1930.0,64.4,HIGH
123.8,230.7,76.1,22.4,1620.0,67.0,HIGH
52.1,126.8,59.1,57.8,1760.0,47.6,MEDIUM
119.3,210.2,68.3,9.6,1522.0,57.2,MEDIUM
83.3,147.5,42.1,1.2,1776.0,27.9,LOW
137.2,312.2,60.9,45.8,1796.0,67.6,HIGH
42.4,81.7,43.2,36.0,1578.0,38.8,MEDIUM
129.5,198.3,70.9,6.7,2407.0,56.6,MEDIUM
58.2,89.5,55.9,9.6,1294.0,30.0,MEDIUM
130.0,328.4,86.3,7.9,504.0,66.3,HIGH
92.7,240.5,60.7,10.0,2001.0,53.7,MEDIUM
78.8,219.1,53.2,27.7,2429.0,50.2,MEDIUM
60.8,120.1,47.8,3.1,2384.0,25.4,LOW
73.0,131.3,49.6,31.2,906.0,48.8,MEDIUM
54.2,134.9,63.5,36.3,2012.0,36.1,MEDIUM
59.8,97.8,38.9,43.6,2996.0,50.6,MEDIUM
107.1,258.7,64.1,56.8,493.0,56.5,MEDIUM
14.6,67.9,64.9,4.9,1664.0,33.8,MEDIUM
128.7,317.0,96.2,2.1,1055.0,48.6,MEDIUM
130.2,216.5,51.9,8.3,2415.0,43.9,MEDIUM
62.3,96.5,62.1,20.2,1109.0,41.3,MEDIUM
85.8,177.2,43.1,31.5,2254.0,51.6,MEDIUM
33.3,90.2,38.3,0.3,649.0,14.9,LOW
102.2,268.6,66.5,41.5,388.0,58.0,MEDIUM
37.3,55.3,37.4,57.4,491.0,42.8,MEDIUM
2.1,9.4,38.9,15.0,929.0,24.5,LOW
174.6,415.9,93.7,0.5,2579.0,67.0,HIGH
30.0,54.7,45.6,45.2,621.0,34.8,MEDIUM
71.8,138.8,46.0,46.2,293.0,38.6,MEDIUM
88.2,150.9,57.1,2.6,2590.0,40.0,MEDIUM
106.9,204.7,61.7,37.0,1250.0,61.7,HIGH
76.8,158.8,37.2,14.6,1848.0,37.0,MEDIUM
94.0,250.1,73.3,38.0,435.0,52.8,MEDIUM
61.1,164.7,55.9,43.6,2741.0,64.0,HIGH
17.8,26.7,25.4,13.4,1612.0,6.2,LOW
74.5,178.8,51.7,15.6,451.0,42.8,MEDIUM
117.5,193.7,54.2,36.7,1975.0,58.7,MEDIUM
31.7,109.2,43.4,34.9,1224.0,40.0,MEDIUM
88.9,207.1,82.2,53.2,1190.0,73.2,HIGH
245.6,581.2,100.0,30.6,1343.0,100.0,CRITICAL
70.8,189.1,25.6,48.0,1623.0,48.4,MEDIUM
73.6,115.6,53.2,43.9,1934.0,50.7,MEDIUM
16.2,69.0,51.8,39.9,610.0,25.6,LOW
28.3,61.1,36.6,11.5,2312.0,35.4,MEDIUM
37.6,61.8,50.4,16.6,276.0,31.5,MEDIUM
114.3,297.6,94.5,34.0,2158.0,85.7,CRITICAL
33.8,96.4,28.0,4.0,713.0,18.8,LOW
100.6,217.8,64.3,2.7,1451.0,52.4,MEDIUM
40.7,83.5,66.0,3.0,1772.0,25.6,LOW
16.9,35.0,20.4,55.3,2013.0,26.9,LOW
124.2,308.0,74.8,41.3,2415.0,76.2,HIGH
55.7,114.9,41.9,50.2,1645.0,48.5,MEDIUM
107.5,197.5,72.3,57.8,2664.0,59.6,MEDIUM
16.3,30.6,48.9,42.1,2874.0,45.9,MEDIUM
6.1,21.0,35.1,30.9,2933.0,31.0,MEDIUM
82.8,241.7,66.6,28.7,1095.0,46.8,MEDIUM
27.4,76.1,20.8,44.8,290.0,34.8,MEDIUM
81.9,199.8,77.0,52.1,2204.0,79.8,HIGH
83.2,126.5,44.7,49.8,905.0,48.4,MEDIUM
75.5,89.7,41.7,29.6,2350.0,44.4,MEDIUM
155.4,329.3,91.1,46.4,214.0,95.9,CRITICAL
99.4,194.1,61.5,28.6,2376.0,59.6,MEDIUM
245.4,348.1,94.3,23.1,396.0,78.6,HIGH
56.9,88.8,50.6,17.9,2662.0,35.3,MEDIUM
22.5,58.1,41.2,3.3,2024.0,22.5,LOW
43.2,67.5,43.9,12.1,653.0,32.9,MEDIUM
59.7,170.9,42.2,43.8,1622.0,51.8,MEDIUM
259.2,454.7,96.4,10.3,1615.0,77.9,HIGH
78.8,148.1,65.2,54.1,2661.0,58.3,MEDIUM
159.3,334.2,69.3,4.7,1691.0,67.7,HIGH
53.1,161.1,45.6,3.1,1741.0,34.2,MEDIUM
47.9,95.1,33.7,28.9,1093.0,34.3,MEDIUM
15.5,28.3,36.1,13.4,2240.0,29.5,LOW
253.7,569.2,100.0,6.2,341.0,74.6,HIGH
196.0,472.7,100.0,3.6,2910.0,79.2,HIGH
89.6,231.4,38.6,31.6,1898.0,60.1,HIGH
62.5,142.9,59.2,15.6,2568.0,44.9,MEDIUM
81.1,187.1,52.8,33.3,2387.0,61.0,HIGH
21.6,58.7,44.9,8.9,811.0,21.1,LOW
107.3,210.6,59.8,1.5,1009.0,37.4,MEDIUM
185.3,314.9,66.9,1.6,978.0,63.8,HIGH
191.6,352.3,82.0,6.8,831.0,54.0,MEDIUM
16.3,17.6,27.3,47.8,245.0,30.8,MEDIUM
158.3,332.8,83.6,26.9,2515.0,79.0,HIGH
21.8,44.9,26.1,37.4,1706.0,34.5,MEDIUM
6.7,2.5,16.9,52.5,1855.0,16.2,LOW
162.4,252.0,76.6,12.8,1577.0,51.9,MEDIUM
49.6,64.7,53.0,52.3,548.0,42.5,MEDIUM
147.1,347.4,89.1,44.7,1421.0,96.5,CRITICAL
138.1,257.4,60.8,43.7,1022.0,68.5,HIGH
126.1,153.2,44.1,52.2,2698.0,59.3,MEDIUM
80.3,162.5,46.2,7.6,2163.0,41.0,MEDIUM
24.3,30.1,45.2,32.4,655.0,33.7,MEDIUM
59.8,98.7,34.9,29.0,2165.0,37.2,MEDIUM
193.7,411.6,100.0,39.8,1735.0,100.0,CRITICAL
149.7,338.5,88.4,14.3,429.0,58.8,MEDIUM
62.3,181.0,72.0,7.6,395.0,41.2,MEDIUM
61.7,160.2,66.8,58.4,613.0,47.2,MEDIUM
118.3,149.0,58.9,27.9,2469.0,57.1,MEDIUM
84.8,186.6,40.4,13.9,2524.0,43.1,MEDIUM
65.0,186.1,65.2,7.7,1903.0,37.9,MEDIUM
111.4,163.1,55.8,35.6,244.0,55.3,MEDIUM
108.8,297.9,70.2,8.9,1088.0,59.3,MEDIUM
44.2,59.5,55.3,11.0,1323.0,23.3,LOW
97.7,162.1,52.5,57.1,996.0,60.2,HIGH
104.0,169.6,49.1,1.7,1827.0,44.0,MEDIUM
75.7,227.7,77.6,11.2,374.0,42.8,MEDIUM
40.2,109.8,41.6,40.3,256.0,43.0,MEDIUM
58.3,113.3,40.0,13.0,1846.0,30.3,MEDIUM
33.2,109.7,32.9,10.9,941.0,31.0,MEDIUM
99.6,244.8,56.9,33.4,2122.0,40.1,MEDIUM
16.4,5.5,22.0,41.8,2377.0,39.9,MEDIUM
207.2,399.0,97.3,25.8,1911.0,77.0,HIGH
179.4,456.2,86.2,46.9,2971.0,100.0,CRITICAL
105.8,287.0,50.8,48.9,2000.0,57.6,MEDIUM
143.7,271.5,74.4,37.4,2364.0,79.3,HIGH
137.1,278.1,64.1,34.7,1995.0,63.7,HIGH
85.8,110.9,46.4,49.0,2455.0,49.4,MEDIUM
66.4,108.7,61.7,0.9,1294.0,38.2,MEDIUM
60.6,114.4,48.0,30.6,1416.0,45.4,MEDIUM
212.3,543.7,100.0,7.7,1139.0,77.3,HIGH
38.9,31.4,33.9,13.3,1814.0,18.4,LOW
39.6,81.8,54.4,56.9,1249.0,37.7,MEDIUM
152.5,271.1,64.1,0.2,2966.0,60.4,HIGH
142.8,240.5,67.4,18.4,1888.0,60.2,HIGH
63.4,109.7,35.3,9.3,1140.0,28.9,LOW
114.1,259.2,59.1,34.2,1623.0,61.9,HIGH
124.9,299.8,72.3,50.7,2386.0,60.1,HIGH
23.1,63.0,23.5,23.5,2457.0,24.9,LOW
187.3,532.8,100.0,50.2,1984.0,100.0,CRITICAL
124.9,242.4,62.7,26.4,207.0,60.0,HIGH
107.3,226.6,66.8,54.5,2632.0,56.6,MEDIUM
125.6,350.3,66.8,50.8,2747.0,79.2,HIGH
98.1,199.1,68.3,10.7,2641.0,59.0,MEDIUM
72.4,161.9,74.6,53.1,2079.0,48.7,MEDIUM
86.3,247.4,85.0,11.6,276.0,48.1,MEDIUM
21.0,61.0,62.0,29.4,2862.0,41.9,MEDIUM
268.9,569.9,100.0,11.8,390.0,85.7,CRITICAL
71.5,168.6,51.1,23.2,619.0,27.3,LOW
265.9,528.3,100.0,59.1,1958.0,100.0,CRITICAL
87.4,194.8,56.4,45.9,1493.0,55.2,MEDIUM
47.5,153.4,32.1,33.2,2313.0,38.3,MEDIUM
183.7,303.7,85.4,56.1,1973.0,100.0,CRITICAL
104.2,253.5,65.2,21.6,212.0,48.9,MEDIUM
333.0,652.6,100.0,10.4,2000.0,86.2,CRITICAL
46.5,59.5,32.8,49.7,2603.0,41.2,MEDIUM
188.9,426.3,91.4,0.7,2586.0,72.4,HIGH
195.6,468.6,100.0,48.3,641.0,100.0,CRITICAL
132.3,298.0,75.0,1.3,1173.0,56.6,MEDIUM
196.7,508.2,100.0,17.1,535.0,75.3,HIGH
72.8,152.8,37.5,21.3,2304.0,40.3,MEDIUM
38.7,90.3,41.7,19.1,1957.0,32.7,MEDIUM
51.2,97.9,34.1,14.6,1556.0,18.9,LOW
83.0,228.9,79.4,6.5,1039.0,39.2,MEDIUM
137.0,226.9,57.3,0.2,2404.0,52.3,MEDIUM
41.2,74.8,37.1,46.5,2416.0,39.9,MEDIUM
60.6,174.9,68.8,27.4,1575.0,63.2,HIGH
44.1,69.8,56.4,9.7,548.0,33.6,MEDIUM
154.2,259.6,86.6,4.9,1503.0,60.7,HIGH
264.5,675.3,100.0,16.7,2709.0,96.5,CRITICAL
33.0,70.8,46.4,21.3,1835.0,36.5,MEDIUM
117.9,336.2,83.7,27.7,2311.0,83.4,CRITICAL
167.6,372.7,85.3,6.1,1025.0,54.9,MEDIUM
67.8,190.6,59.4,58.8,1161.0,57.7,MEDIUM
22.2,40.7,51.5,16.1,528.0,33.6,MEDIUM
182.5,361.8,96.7,26.5,1160.0,73.7,HIGH
20.8,66.4,50.7,42.5,675.0,27.0,LOW
219.2,470.8,100.0,18.6,1709.0,78.8,HIGH
43.3,53.2,65.2,4.9,1303.0,39.4,MEDIUM
17.8,53.8,33.3,22.6,2540.0,28.4,LOW
54.4,102.8,26.0,33.2,1272.0,43.7,MEDIUM
78.0,169.8,52.3,50.5,795.0,51.7,MEDIUM
90.9,204.2,61.3,22.1,436.0,43.0,MEDIUM
125.0,300.5,90.7,53.4,907.0,100.0,CRITICAL
97.1,238.5,59.6,32.8,2153.0,54.2,MEDIUM
250.4,432.2,100.0,43.0,1953.0,100.0,CRITICAL
75.3,141.1,33.4,1.8,1936.0,31.6,MEDIUM
100.9,201.8,73.2,53.7,2603.0,63.4,HIGH
94.8,165.6,55.7,12.8,908.0,45.2,MEDIUM
15.5,6.2,27.6,19.6,1518.0,23.4,LOW
27.5,92.7,69.5,31.4,671.0,42.5,MEDIUM
83.2,204.4,73.5,57.6,813.0,55.4,MEDIUM
109.9,230.5,52.1,20.7,1239.0,38.6,MEDIUM
9.4,30.0,33.2,13.2,2180.0,15.9,LOW
258.0,507.7,100.0,57.6,2534.0,100.0,CRITICAL
116.4,286.1,96.7,48.5,1060.0,90.0,CRITICAL
79.7,167.7,66.2,39.8,1314.0,49.2,MEDIUM
112.6,206.8,38.9,24.6,2685.0,40.5,MEDIUM
51.9,118.9,63.8,25.2,2385.0,36.9,MEDIUM
91.7,108.7,38.7,57.0,2133.0,53.0,MEDIUM
102.7,206.6,76.9,4.1,1340.0,49.8,MEDIUM
184.0,334.7,71.5,45.5,1155.0,75.3,HIGH
70.1,174.1,62.0,36.1,2226.0,50.0,MEDIUM
21.4,50.3,29.9,58.1,461.0,36.5,MEDIUM
37.8,45.8,32.5,33.5,1722.0,34.2,MEDIUM
65.8,190.9,66.1,16.8,370.0,47.9,MEDIUM
23.9,54.6,22.4,46.8,1945.0,33.8,MEDIUM
34.2,82.9,70.9,59.1,1792.0,44.1,MEDIUM
38.2,95.4,32.0,54.4,367.0,43.7,MEDIUM
62.3,142.2,38.3,17.7,1376.0,32.2,MEDIUM
115.3,160.0,61.5,20.8,739.0,43.0,MEDIUM
60.0,92.1,59.3,45.3,2435.0,56.9,MEDIUM
120.9,359.5,80.0,35.9,2757.0,95.5,CRITICAL
79.8,186.3,45.1,0.7,1081.0,32.8,MEDIUM
35.3,65.9,28.8,8.5,282.0,12.4,LOW
103.9,296.6,62.1,5.1,2713.0,58.1,MEDIUM
92.5,208.7,65.0,10.7,2565.0,49.2,MEDIUM
123.2,318.7,77.0,18.3,2431.0,63.1,HIGH
141.4,395.1,94.4,58.0,1198.0,93.3,CRITICAL
187.9,304.4,80.0,40.6,423.0,97.9,CRITICAL
118.1,305.0,85.6,3.3,2930.0,49.5,MEDIUM
90.3,256.6,63.6,36.4,1582.0,50.4,MEDIUM
123.6,183.8,48.7,26.2,1199.0,61.4,HIGH
55.3,73.5,42.9,45.2,2376.0,40.7,MEDIUM
51.9,120.4,47.4,53.0,2078.0,53.6,MEDIUM
205.3,415.8,95.4,3.9,317.0,78.5,HIGH
50.7,95.2,35.7,58.8,2884.0,45.9,MEDIUM
39.0,46.5,44.7,3.5,1757.0,17.9,LOW
118.0,183.6,43.4,43.9,727.0,58.6,MEDIUM
55.7,100.1,39.7,54.2,245.0,49.9,MEDIUM
140.4,379.9,100.0,45.1,1746.0,99.7,CRITICAL
178.6,389.5,74.9,9.0,1863.0,61.8,HIGH
44.0,117.8,60.3,12.5,479.0,33.6,MEDIUM
128.2,184.0,40.7,2.5,1726.0,31.0,MEDIUM
49.7,117.6,28.6,7.9,1409.0,18.8,LOW
66.9,121.4,30.3,3.7,1425.0,24.2,LOW
100.5,255.8,69.8,3.2,2931.0,48.2,MEDIUM
52.0,176.6,65.2,33.7,1028.0,39.9,MEDIUM
94.0,176.8,72.0,4.6,2676.0,46.4,MEDIUM
71.3,215.3,76.9,25.5,1165.0,54.0,MEDIUM
142.6,213.5,72.4,42.6,703.0,64.6,HIGH
142.8,262.5,59.4,0.9,626.0,33.0,MEDIUM
52.3,107.6,36.0,38.3,2834.0,43.1,MEDIUM
102.2,156.7,63.0,45.4,265.0,66.8,HIGH
157.9,416.1,100.0,32.2,814.0,96.4,CRITICAL
33.7,66.4,27.6,28.5,1153.0,28.9,LOW
70.9,184.3,73.2,43.9,2039.0,56.5,MEDIUM
99.0,194.8,36.2,31.8,1252.0,50.1,MEDIUM
32.4,57.8,43.3,30.6,257.0,32.4,MEDIUM
57.4,103.4,44.3,48.1,1647.0,50.3,MEDIUM
233.4,610.2,100.0,50.3,2677.0,100.0,CRITICAL
50.6,131.7,50.1,22.1,2682.0,40.2,MEDIUM
55.3,122.4,38.1,24.9,2976.0,35.3,MEDIUM
117.1,112.2,52.2,48.0,1159.0,57.7,MEDIUM
28.9,37.7,36.4,32.7,543.0,18.0,LOW
72.1,74.4,52.4,41.2,395.0,42.1,MEDIUM
39.4,90.4,62.6,4.5,2628.0,34.9,MEDIUM
93.9,148.4,53.8,5.7,2295.0,43.5,MEDIUM
2.5,0.0,20.2,31.9,1957.0,23.2,LOW
84.6,174.4,42.5,49.2,1591.0,39.1,MEDIUM
101.0,200.6,80.5,19.0,1481.0,56.9,MEDIUM
58.6,94.6,63.0,57.6,1583.0,60.0,MEDIUM
61.6,54.2,48.8,45.6,1219.0,39.8,MEDIUM
53.0,92.0,44.5,46.9,1529.0,42.3,MEDIUM
71.4,152.2,62.6,50.0,789.0,57.4,MEDIUM
207.1,338.2,96.4,15.3,530.0,78.2,HIGH
145.6,343.8,74.2,19.8,792.0,68.7,HIGH
71.4,111.3,47.0,7.1,2919.0,40.2,MEDIUM
57.5,190.2,45.3,22.8,2974.0,32.7,MEDIUM
136.4,384.5,86.1,2.1,2304.0,58.1,MEDIUM
89.5,116.8,66.0,45.1,2544.0,62.1,HIGH
31.7,76.0,54.3,48.2,490.0,40.9,MEDIUM
65.1,130.6,51.2,12.8,544.0,35.4,MEDIUM
192.6,491.7,71.4,29.4,459.0,76.4,HIGH
113.9,234.5,57.3,40.3,377.0,54.7,MEDIUM
58.0,105.8,47.1,44.6,2293.0,46.8,MEDIUM
19.9,47.2,34.5,58.2,358.0,26.6,LOW
93.5,123.2,48.9,12.0,2857.0,35.9,MEDIUM
80.1,213.9,65.0,14.8,2031.0,45.8,MEDIUM
69.7,171.1,49.3,51.2,678.0,49.2,MEDIUM
137.4,335.4,80.2,5.8,2489.0,63.2,HIGH
114.8,318.0,75.9,47.2,2506.0,85.6,CRITICAL
20.6,0.0,21.6,8.0,1779.0,25.2,LOW
80.4,204.4,82.8,27.9,455.0,75.0,HIGH
26.1,42.7,30.7,35.5,1322.0,28.0,LOW
53.7,143.2,24.4,46.1,1736.0,43.6,MEDIUM
24.3,71.9,62.2,6.9,2283.0,36.6,MEDIUM
25.1,92.6,33.7,49.4,1036.0,33.4,MEDIUM
102.0,181.6,68.0,51.0,2645.0,58.7,MEDIUM
94.8,179.7,48.8,47.6,902.0,61.5,HIGH
76.0,168.4,62.1,56.2,2995.0,61.8,HIGH
50.0,69.5,39.8,52.3,522.0,46.5,MEDIUM
22.5,9.0,43.4,46.1,2532.0,41.2,MEDIUM
53.9,102.5,42.8,34.8,570.0,36.7,MEDIUM
95.1,161.2,46.3,48.5,2326.0,47.6,MEDIUM
93.6,152.2,55.9,58.5,2614.0,58.6,MEDIUM
190.0,449.5,92.8,38.2,1076.0,100.0,CRITICAL
172.1,438.0,72.6,14.6,484.0,73.5,HIGH
78.3,155.5,46.1,14.9,3000.0,46.5,MEDIUM
53.4,86.1,77.3,47.8,2919.0,74.8,HIGH
40.2,79.9,20.1,59.4,2319.0,51.6,MEDIUM
19.2,0.0,32.9,12.6,1282.0,9.4,LOW
28.8,46.2,34.0,58.2,576.0,36.3,MEDIUM
95.2,186.1,80.0,16.1,1371.0,44.4,MEDIUM
120.4,326.8,65.7,24.8,2217.0,70.6,HIGH
62.4,110.4,47.8,54.5,627.0,42.3,MEDIUM
325.8,673.8,100.0,57.7,247.0,100.0,CRITICAL
29.1,88.6,41.1,34.0,2731.0,35.2,MEDIUM
17.3,41.0,26.9,57.0,2160.0,37.5,MEDIUM
322.1,858.8,100.0,50.5,2143.0,100.0,CRITICAL
21.5,25.0,30.0,52.0,2852.0,36.4,MEDIUM
61.7,76.4,37.7,52.1,1658.0,46.0,MEDIUM
43.2,69.0,51.5,23.2,1091.0,39.1,MEDIUM
100.4,210.4,66.4,1.8,2746.0,43.9,MEDIUM
58.1,186.5,64.6,9.9,2960.0,46.3,MEDIUM
120.7,272.3,74.8,4.5,257.0,54.3,MEDIUM
139.4,305.9,87.4,14.5,1126.0,58.9,MEDIUM
19.0,39.6,51.6,3.3,1215.0,31.9,MEDIUM
39.1,93.3,40.5,16.6,511.0,31.5,MEDIUM
128.0,237.2,75.4,35.3,820.0,75.1,HIGH
158.7,256.3,52.9,8.5,268.0,52.6,MEDIUM
87.8,225.7,36.8,18.9,2150.0,49.1,MEDIUM
105.7,193.9,81.0,13.4,499.0,52.4,MEDIUM
198.1,394.2,85.1,5.7,2685.0,72.8,HIGH
58.7,94.5,47.2,40.6,1835.0,24.4,LOW
87.1,135.5,35.6,53.6,1197.0,42.4,MEDIUM
172.3,460.8,83.9,43.0,2465.0,100.0,CRITICAL
179.5,337.6,72.1,41.1,2022.0,72.2,HIGH
71.8,245.7,74.6,59.0,2308.0,65.9,HIGH
40.2,44.4,30.5,43.9,2658.0,44.7,MEDIUM
71.2,195.7,55.3,2.8,2461.0,36.9,MEDIUM
76.5,220.0,54.1,13.1,2382.0,32.7,MEDIUM
39.0,50.4,51.5,38.2,2244.0,37.2,MEDIUM
44.1,119.6,58.4,38.3,1257.0,48.7,MEDIUM
179.7,376.2,80.6,50.0,2025.0,100.0,CRITICAL
109.2,240.2,74.2,9.5,1784.0,38.2,MEDIUM
61.9,170.3,52.6,58.9,2898.0,53.9,MEDIUM
30.8,33.3,31.0,31.0,1603.0,21.2,LOW
44.5,96.2,43.8,55.2,821.0,42.6,MEDIUM
15.9,16.4,40.2,31.8,1482.0,28.7,LOW
89.5,155.9,42.7,11.2,1361.0,50.7,MEDIUM
42.5,89.8,49.5,21.1,1512.0,30.6,MEDIUM
94.7,267.7,100.0,13.3,1827.0,64.3,HIGH
127.1,184.9,59.9,15.9,2854.0,57.8,MEDIUM
95.7,161.3,54.6,53.4,987.0,53.5,MEDIUM
56.1,94.7,43.2,22.6,2914.0,38.0,MEDIUM
37.2,32.5,40.6,11.0,2383.0,26.1,LOW
26.8,25.0,14.4,21.9,712.0,14.5,LOW
168.2,234.8,85.6,37.0,985.0,81.8,CRITICAL
92.7,137.6,62.4,12.1,2746.0,41.6,MEDIUM
58.6,121.3,40.5,3.1,2444.0,22.4,LOW
115.7,291.8,74.1,52.3,601.0,63.7,HIGH
150.5,247.1,60.4,14.4,1837.0,54.2,MEDIUM
43.2,111.2,50.3,56.2,976.0,45.4,MEDIUM
90.7,182.0,58.0,2.8,1963.0,41.9,MEDIUM
92.0,163.3,57.2,39.1,686.0,50.4,MEDIUM
192.5,362.0,72.0,39.9,1185.0,73.9,HIGH
58.0,116.7,41.7,9.4,1288.0,32.0,MEDIUM
36.1,50.9,51.4,39.9,1706.0,45.5,MEDIUM
98.0,199.6,53.5,23.3,870.0,43.5,MEDIUM
122.4,176.6,24.8,22.9,2238.0,38.6,MEDIUM
85.4,243.3,64.7,52.6,2466.0,59.8,MEDIUM
201.2,559.3,100.0,57.1,1992.0,100.0,CRITICAL
57.9,140.6,61.3,10.2,2729.0,45.2,MEDIUM
86.9,161.6,47.2,41.0,2413.0,57.3,MEDIUM
20.6,29.6,33.8,9.3,323.0,16.6,LOW
34.4,90.4,51.7,2.1,437.0,33.9,MEDIUM
43.5,65.4,18.7,9.0,2048.0,21.0,LOW
65.6,175.4,46.0,38.1,2221.0,57.2,MEDIUM
24.0,62.3,44.1,43.6,2910.0,48.5,MEDIUM
114.6,153.9,72.2,30.4,209.0,60.3,HIGH
40.3,119.0,42.6,57.1,863.0,44.1,MEDIUM
289.0,411.5,100.0,45.9,2529.0,100.0,CRITICAL
41.5,133.6,41.0,9.7,2696.0,30.6,MEDIUM
80.5,138.5,10.1,12.5,1500.0,32.4,MEDIUM
73.2,115.7,56.3,35.8,1555.0,42.7,MEDIUM
31.8,99.0,51.3,20.0,2590.0,33.4,MEDIUM
65.8,176.0,65.2,0.1,1488.0,45.0,MEDIUM
65.2,85.8,51.2,1.5,2405.0,34.3,MEDIUM
139.4,336.9,82.8,24.5,2856.0,74.8,HIGH
100.7,223.6,60.4,31.4,933.0,45.9,MEDIUM
113.4,313.7,74.4,39.2,968.0,63.0,HIGH
137.4,386.9,82.5,45.8,2828.0,96.8,CRITICAL
114.7,283.8,67.8,58.1,1388.0,66.2,HIGH
90.1,229.0,42.6,50.3,244.0,44.8,MEDIUM
43.1,61.0,24.6,21.4,1607.0,31.5,MEDIUM
86.0,223.8,61.6,32.1,1927.0,60.5,HIGH
36.6,53.5,11.1,13.0,885.0,15.3,LOW
69.7,134.3,26.1,58.1,2237.0,50.6,MEDIUM
63.0,102.1,41.3,32.1,852.0,50.7,MEDIUM
66.1,115.1,45.7,15.0,535.0,41.4,MEDIUM
24.2,68.4,36.5,43.4,898.0,34.4,MEDIUM
2.6,18.2,5.0,29.3,1695.0,11.9,LOW
54.3,119.9,66.6,59.8,2596.0,55.2,MEDIUM
159.5,348.0,65.0,4.5,1682.0,71.1,HIGH
79.6,138.3,40.9,20.1,2577.0,48.6,MEDIUM
151.8,387.8,73.0,56.5,380.0,74.6,HIGH
36.8,47.9,52.8,27.7,1243.0,43.9,MEDIUM
52.2,61.8,44.3,18.7,1418.0,38.5,MEDIUM
300.2,695.3,100.0,36.3,2445.0,99.6,CRITICAL
38.7,67.0,33.5,39.9,1910.0,44.1,MEDIUM
111.9,213.5,64.2,5.6,2398.0,47.8,MEDIUM
111.7,179.3,41.9,15.6,1148.0,36.5,MEDIUM
103.3,182.9,62.0,18.5,2815.0,50.7,MEDIUM
112.8,304.5,69.1,14.7,2478.0,58.8,MEDIUM
38.3,69.5,46.7,23.0,2763.0,30.1,MEDIUM
56.4,118.2,53.6,20.1,936.0,35.5,MEDIUM
4.0,10.5,24.5,43.9,218.0,24.6,LOW
196.8,461.4,74.6,35.9,1923.0,88.4,CRITICAL
112.4,176.7,53.5,25.8,1579.0,48.3,MEDIUM
43.5,97.2,27.2,12.0,2381.0,16.5,LOW
37.1,22.0,34.2,25.2,473.0,23.4,LOW
161.4,249.0,64.3,10.8,1867.0,50.7,MEDIUM
41.0,95.2,37.2,57.1,757.0,32.0,MEDIUM
43.4,67.1,24.5,10.4,1641.0,29.5,LOW
30.6,48.9,51.6,51.5,643.0,44.6,MEDIUM
127.3,328.5,73.8,36.9,2755.0,64.6,HIGH
150.3,375.4,100.0,48.6,713.0,88.8,CRITICAL
63.2,180.6,57.5,53.3,1810.0,53.0,MEDIUM
151.0,422.1,97.5,48.2,216.0,88.9,CRITICAL
97.2,175.2,56.7,35.4,638.0,49.5,MEDIUM
29.0,60.1,43.1,16.0,1598.0,27.6,LOW
187.4,350.8,95.7,39.6,315.0,98.0,CRITICAL
30.3,30.6,47.8,0.3,1720.0,22.7,LOW
66.8,159.5,32.7,22.6,716.0,30.0,MEDIUM
63.4,81.7,52.5,51.5,2234.0,49.9,MEDIUM
55.0,117.9,53.7,34.8,2631.0,53.8,MEDIUM
10.8,9.0,31.8,15.6,2324.0,8.7,LOW
260.8,325.6,99.4,53.5,377.0,100.0,CRITICAL
12.6,34.6,56.2,0.9,1590.0,13.4,LOW
195.2,509.4,100.0,53.0,511.0,100.0,CRITICAL
36.1,92.8,37.4,45.6,1345.0,45.3,MEDIUM
47.0,91.1,29.4,8.8,2551.0,31.0,MEDIUM
182.7,267.7,79.2,3.8,315.0,52.0,MEDIUM
104.7,250.6,83.9,57.1,905.0,83.2,CRITICAL
21.3,50.5,13.2,4.0,2514.0,17.3,LOW
20.8,12.9,45.0,58.4,1337.0,22.7,LOW
94.1,227.2,61.0,25.2,859.0,50.5,MEDIUM
29.8,38.5,14.1,21.2,2858.0,27.2,LOW
108.2,215.1,67.9,39.0,636.0,49.9,MEDIUM
116.1,199.2,70.8,29.8,2408.0,63.1,HIGH
39.5,74.8,37.0,23.4,699.0,29.5,LOW
49.1,118.8,35.1,38.4,2897.0,50.6,MEDIUM
96.3,236.4,86.0,21.0,2401.0,55.7,MEDIUM
38.0,73.5,33.0,2.1,974.0,19.9,LOW
79.7,233.7,79.0,49.5,2954.0,82.0,CRITICAL
312.0,749.9,100.0,30.9,520.0,87.4,CRITICAL
99.6,251.1,72.7,41.2,2607.0,63.0,HIGH
55.6,64.0,44.3,34.5,2158.0,41.3,MEDIUM
278.1,695.9,100.0,36.9,687.0,93.1,CRITICAL
133.6,172.2,73.7,13.1,1730.0,56.7,MEDIUM
30.5,86.0,33.1,56.1,233.0,36.4,MEDIUM
35.9,76.0,47.7,26.9,1805.0,35.7,MEDIUM
14.4,49.8,21.1,55.2,1830.0,37.0,MEDIUM
95.1,162.5,37.8,48.4,1344.0,48.8,MEDIUM
8.6,50.0,30.6,43.2,2508.0,35.3,MEDIUM
277.9,388.3,93.2,27.6,2806.0,100.0,CRITICAL
61.0,100.4,65.2,1.4,1695.0,32.7,MEDIUM
139.3,289.4,95.7,18.9,2087.0,55.9,MEDIUM
56.8,79.4,37.7,39.9,608.0,39.1,MEDIUM
93.9,253.6,71.7,19.8,2995.0,55.1,MEDIUM
67.5,138.8,62.1,5.9,2602.0,43.3,MEDIUM
78.0,184.0,66.8,31.1,2857.0,51.4,MEDIUM
169.5,412.1,89.8,9.3,2379.0,65.0,HIGH
225.8,581.2,100.0,18.4,1104.0,79.1,HIGH
214.3,536.5,100.0,30.1,821.0,100.0,CRITICAL
400.0,549.4,100.0,7.0,1631.0,82.9,CRITICAL
41.7,86.9,38.9,6.8,431.0,30.5,MEDIUM
100.5,229.1,62.9,12.6,1745.0,56.7,MEDIUM
42.5,60.7,34.2,35.5,1236.0,30.2,MEDIUM
164.8,288.1,59.6,56.0,2238.0,68.4,HIGH
31.9,66.5,50.3,14.3,1952.0,29.0,LOW
171.5,360.3,90.2,43.2,890.0,99.6,CRITICAL
87.5,133.5,72.5,11.4,2254.0,36.5,MEDIUM
70.5,138.4,55.2,38.1,1071.0,50.4,MEDIUM
76.8,182.3,52.3,8.3,896.0,38.3,MEDIUM
26.9,35.0,27.7,50.7,1372.0,27.7,LOW
29.1,44.3,37.2,44.6,642.0,29.1,LOW
88.7,268.9,77.0,40.8,1110.0,79.7,HIGH
88.2,208.8,58.4,0.9,928.0,49.2,MEDIUM
44.1,77.0,23.9,50.2,261.0,33.3,MEDIUM
60.5,70.8,31.7,9.1,1042.0,26.7,LOW
106.7,154.8,53.4,32.0,1507.0,47.4,MEDIUM
37.8,117.9,56.6,46.6,2523.0,50.4,MEDIUM
12.6,16.0,14.6,37.9,705.0,20.0,LOW
201.5,271.7,73.9,49.1,1117.0,77.1,HIGH
93.3,135.9,53.0,42.5,282.0,65.0,HIGH
51.0,135.0,44.8,45.4,410.0,44.5,MEDIUM
42.4,68.7,33.3,17.9,1197.0,17.5,LOW
37.5,100.6,36.3,22.7,1600.0,35.1,MEDIUM
164.4,299.9,76.7,30.1,2295.0,93.3,CRITICAL
22.7,80.4,55.6,35.2,2337.0,44.5,MEDIUM
100.3,138.8,65.2,41.5,2759.0,57.9,MEDIUM
100.3,178.5,43.3,33.3,2742.0,45.9,MEDIUM
128.9,312.7,74.7,42.6,484.0,62.8,HIGH
55.1,155.0,26.9,9.0,514.0,23.8,LOW
190.2,514.8,100.0,23.7,1591.0,82.2,CRITICAL
131.6,189.2,65.6,54.8,1851.0,62.1,HIGH
53.6,99.9,63.8,13.0,1874.0,43.9,MEDIUM
40.7,131.3,28.3,8.6,1562.0,30.1,MEDIUM
67.7,98.1,31.7,44.7,2947.0,53.5,MEDIUM
52.1,136.3,52.2,11.7,1625.0,29.1,LOW
35.1,82.2,22.9,27.5,2819.0,25.5,LOW
79.4,82.5,44.4,42.7,2967.0,49.7,MEDIUM
60.8,130.7,57.1,29.1,1443.0,45.8,MEDIUM
220.8,509.5,91.0,54.1,575.0,100.0,CRITICAL
52.1,162.2,55.9,52.7,1113.0,51.5,MEDIUM
40.4,128.5,34.7,30.2,1204.0,44.3,MEDIUM
75.6,140.8,67.6,57.7,2687.0,56.5,MEDIUM
91.1,202.1,62.8,17.5,2893.0,53.8,MEDIUM
96.3,294.0,66.4,14.0,675.0,51.7,MEDIUM
95.6,151.0,37.8,40.2,256.0,47.0,MEDIUM
77.6,165.3,59.5,34.4,2526.0,56.9,MEDIUM
73.3,215.1,78.6,15.1,1764.0,43.7,MEDIUM
116.5,195.0,50.0,22.3,2303.0,44.8,MEDIUM
32.3,87.7,37.9,14.0,1129.0,28.1,LOW
40.6,75.2,32.3,14.2,644.0,13.9,LOW
17.3,73.5,59.7,22.1,941.0,34.6,MEDIUM
32.8,101.4,22.3,55.5,336.0,27.4,LOW
153.6,340.4,96.5,50.1,1280.0,100.0,CRITICAL
113.1,255.5,63.8,30.7,478.0,53.3,MEDIUM
240.3,340.6,80.2,28.7,1499.0,100.0,CRITICAL
203.5,417.7,88.6,1.9,2438.0,71.0,HIGH
113.8,272.9,73.8,27.7,333.0,55.8,MEDIUM
84.2,226.4,55.2,37.4,2711.0,61.2,HIGH
76.7,212.9,74.6,46.7,545.0,59.9,MEDIUM
8.0,0.0,43.2,21.4,2037.0,24.9,LOW
70.4,160.2,42.2,55.2,874.0,45.4,MEDIUM
46.9,103.1,53.5,50.4,2566.0,46.5,MEDIUM
34.1,64.5,35.4,4.9,229.0,32.4,MEDIUM
101.2,261.3,69.8,54.2,1380.0,54.1,MEDIUM
64.0,89.7,61.8,13.4,2893.0,31.5,MEDIUM
80.3,130.3,41.5,55.4,516.0,54.1,MEDIUM
29.8,36.1,46.5,37.8,2330.0,45.2,MEDIUM
135.5,201.4,65.7,24.7,2235.0,52.8,MEDIUM
51.9,96.5,42.1,26.2,1094.0,24.4,LOW
97.4,184.1,62.0,33.8,369.0,59.0,MEDIUM
55.5,117.6,50.6,50.6,2533.0,43.6,MEDIUM
6.2,19.9,19.1,50.2,2734.0,28.5,LOW
104.2,204.9,53.5,24.9,558.0,48.0,MEDIUM
67.3,168.2,42.7,50.9,2574.0,45.1,MEDIUM
16.1,45.9,33.6,28.3,2533.0,35.6,MEDIUM
26.5,31.1,50.8,25.1,1816.0,32.3,MEDIUM
138.2,173.7,63.0,14.6,2394.0,47.5,MEDIUM
17.0,0.0,12.8,49.7,311.0,20.8,LOW
50.8,31.0,31.4,37.2,1589.0,43.3,MEDIUM
254.2,551.7,100.0,25.9,2908.0,89.8,CRITICAL
106.1,187.3,67.0,39.7,2371.0,64.8,HIGH
125.3,345.2,74.0,51.7,951.0,70.8,HIGH
59.7,112.1,32.0,11.9,1946.0,19.1,LOW
14.6,46.0,36.2,23.5,795.0,29.0,LOW
86.1,253.1,74.8,22.8,822.0,58.3,MEDIUM
28.3,77.2,44.4,4.6,730.0,32.1,MEDIUM
25.7,59.8,28.4,20.0,732.0,11.5,LOW
78.9,181.6,78.3,45.7,1598.0,56.6,MEDIUM
30.2,87.2,41.9,15.2,1067.0,30.4,MEDIUM
72.2,188.4,60.6,48.7,2378.0,53.7,MEDIUM
41.8,131.8,41.8,57.3,2704.0,37.8,MEDIUM
70.3,86.6,56.3,13.4,1565.0,36.6,MEDIUM
48.1,111.1,53.5,24.6,736.0,33.6,MEDIUM
71.8,121.9,52.1,7.9,2994.0,28.5,LOW
192.3,257.0,54.7,41.5,332.0,68.2,HIGH
127.3,153.8,66.2,28.9,1739.0,59.6,MEDIUM
65.8,95.1,53.3,35.3,815.0,44.0,MEDIUM
172.2,347.0,94.2,46.7,2825.0,100.0,CRITICAL
98.4,115.1,47.7,46.6,1110.0,54.5,MEDIUM
164.2,366.7,84.1,31.0,2883.0,81.7,CRITICAL
19.0,57.4,36.4,52.9,2924.0,38.7,MEDIUM
30.5,51.5,65.1,55.9,2840.0,48.9,MEDIUM
85.4,178.5,50.3,37.8,2420.0,50.7,MEDIUM
64.6,128.0,35.0,2.3,2275.0,23.2,LOW
72.0,192.9,54.4,46.6,2868.0,51.7,MEDIUM
110.1,146.6,45.6,53.5,826.0,51.7,MEDIUM
86.0,140.8,66.2,33.4,2468.0,59.2,MEDIUM
135.8,283.9,56.3,42.0,518.0,72.3,HIGH
133.3,358.1,77.0,21.4,1213.0,71.2,HIGH
31.8,95.9,46.7,30.1,1325.0,26.2,LOW
6.5,51.4,52.9,47.9,2987.0,35.5,MEDIUM
30.0,48.4,45.8,52.6,1099.0,43.2,MEDIUM
28.2,70.5,60.0,6.9,1753.0,35.8,MEDIUM
76.1,171.0,59.8,1.0,1974.0,30.6,MEDIUM
75.4,97.9,42.2,22.4,2098.0,39.9,MEDIUM
61.6,121.8,58.5,23.5,536.0,32.1,MEDIUM
101.2,251.5,51.3,46.4,1766.0,61.7,HIGH
329.3,864.1,100.0,0.5,1977.0,75.2,HIGH
60.5,108.3,58.0,45.8,2729.0,53.2,MEDIUM
88.0,136.8,53.0,32.2,2880.0,42.8,MEDIUM
71.9,85.7,54.4,41.9,858.0,36.9,MEDIUM
44.6,53.8,27.8,30.6,789.0,48.5,MEDIUM
110.8,211.3,77.1,47.4,2114.0,82.4,CRITICAL
58.2,139.4,59.0,26.2,1571.0,55.6,MEDIUM
36.8,49.0,37.0,20.8,2282.0,39.0,MEDIUM
39.3,97.6,47.1,38.2,2576.0,33.2,MEDIUM
139.2,249.2,71.5,26.7,230.0,60.9,HIGH
108.9,301.5,64.9,18.2,2660.0,48.5,MEDIUM
48.8,60.2,34.4,54.8,943.0,37.4,MEDIUM
100.0,170.9,59.6,43.4,2914.0,48.3,MEDIUM
72.6,175.7,51.3,11.8,1405.0,28.1,LOW
89.1,227.7,46.5,44.4,2587.0,52.5,MEDIUM
43.6,98.7,48.3,15.1,760.0,26.5,LOW
29.0,36.2,45.5,25.9,1670.0,31.6,MEDIUM
57.9,110.0,59.3,13.0,377.0,26.9,LOW
33.8,95.2,50.7,6.8,2258.0,29.5,LOW
31.6,79.4,51.7,23.9,2838.0,42.9,MEDIUM
20.2,46.0,48.7,33.3,2561.0,38.2,MEDIUM
6.6,28.6,35.2,18.1,2105.0,22.6,LOW
49.5,105.3,20.4,4.5,533.0,20.6,LOW
157.4,413.6,100.0,15.0,2955.0,66.1,HIGH
131.5,165.6,44.1,14.7,1163.0,49.8,MEDIUM
211.8,460.8,85.6,35.4,1972.0,96.1,CRITICAL
30.4,41.2,22.9,16.9,964.0,29.9,LOW
116.0,180.7,86.9,32.0,2517.0,83.6,CRITICAL
65.6,118.4,53.0,28.2,1260.0,45.0,MEDIUM
39.4,68.0,27.7,16.0,1294.0,28.0,LOW
145.3,381.2,79.0,44.5,213.0,89.6,CRITICAL
66.1,161.3,54.2,40.1,1811.0,45.5,MEDIUM
12.5,32.9,41.4,40.8,902.0,27.2,LOW
130.5,314.8,80.6,26.0,2781.0,77.6,HIGH
95.1,276.3,60.3,19.0,2393.0,52.9,MEDIUM
79.4,206.6,64.8,35.4,2866.0,49.4,MEDIUM
25.0,30.3,27.2,57.5,1291.0,36.8,MEDIUM
86.5,168.7,67.9,26.0,2053.0,53.1,MEDIUM
192.7,475.6,100.0,39.9,1465.0,100.0,CRITICAL
93.1,198.2,50.6,26.5,2746.0,44.7,MEDIUM
17.3,4.6,39.0,56.0,1108.0,38.5,MEDIUM
98.4,167.1,59.7,15.9,1120.0,49.6,MEDIUM
93.9,161.4,48.5,27.5,1225.0,47.6,MEDIUM
122.7,254.0,76.9,29.6,1594.0,77.6,HIGH
92.0,223.9,71.1,43.7,2686.0,59.0,MEDIUM
31.7,60.1,53.4,43.3,781.0,43.3,MEDIUM
76.2,171.6,64.3,44.4,2024.0,53.2,MEDIUM
58.7,150.7,50.0,44.0,1057.0,40.2,MEDIUM
83.2,140.6,30.8,28.2,431.0,44.2,MEDIUM
148.9,187.3,60.3,9.3,2870.0,45.9,MEDIUM
41.7,105.7,50.0,52.2,2400.0,35.8,MEDIUM
233.3,508.0,100.0,19.5,2866.0,96.5,CRITICAL
97.9,282.2,36.2,6.6,1321.0,28.5,LOW
131.0,338.8,89.0,7.7,2320.0,59.3,MEDIUM
119.0,382.4,76.4,29.7,2023.0,76.2,HIGH
95.1,159.2,62.1,25.6,1933.0,45.6,MEDIUM
108.0,239.3,86.3,39.8,313.0,91.9,CRITICAL
0.7,2.4,27.3,36.7,401.0,23.0,LOW
118.8,305.5,81.1,6.4,747.0,54.7,MEDIUM
34.0,61.2,39.6,17.8,2299.0,34.2,MEDIUM
69.2,136.7,56.8,53.8,2435.0,50.1,MEDIUM
94.6,119.1,49.1,46.0,2012.0,60.3,HIGH
153.5,396.8,83.3,52.2,738.0,95.9,CRITICAL
34.0,78.1,30.9,1.3,2377.0,25.3,LOW
50.6,77.0,60.6,54.7,518.0,41.3,MEDIUM
56.3,129.9,54.8,51.7,2703.0,54.2,MEDIUM
84.0,167.7,65.1,27.1,1277.0,48.7,MEDIUM
59.1,114.9,52.0,40.4,2236.0,54.8,MEDIUM
108.4,160.4,65.8,16.3,675.0,42.5,MEDIUM
13.1,26.1,23.2,39.5,1080.0,40.2,MEDIUM
65.0,129.0,50.3,47.9,1587.0,51.6,MEDIUM
205.4,503.5,100.0,29.0,1590.0,100.0,CRITICAL
59.2,153.4,68.5,1.7,472.0,31.0,MEDIUM
98.2,242.3,98.4,25.0,1735.0,62.0,HIGH
137.6,171.8,60.7,43.5,410.0,56.6,MEDIUM
95.9,254.6,60.3,42.2,2786.0,66.1,HIGH
247.2,382.7,73.1,29.2,1381.0,78.9,HIGH
77.6,194.0,48.2,59.1,1429.0,64.6,HIGH
112.3,308.1,66.9,7.0,1816.0,48.3,MEDIUM
86.6,213.9,27.3,9.5,2389.0,35.4,MEDIUM
178.4,394.3,81.0,15.5,395.0,64.9,HIGH
52.6,97.5,53.2,48.2,2168.0,59.8,MEDIUM
260.3,499.3,100.0,45.8,2749.0,100.0,CRITICAL
42.6,88.1,40.1,46.4,1430.0,42.5,MEDIUM
218.5,308.4,56.8,52.8,237.0,78.2,HIGH
30.5,60.2,51.6,26.6,893.0,25.9,LOW
114.8,309.8,82.6,19.1,2835.0,78.1,HIGH
72.6,133.3,49.8,36.0,530.0,38.6,MEDIUM
135.7,232.8,38.5,24.6,238.0,48.6,MEDIUM
99.9,119.9,42.1,31.4,2820.0,58.0,MEDIUM
130.6,300.6,80.3,8.4,2616.0,56.4,MEDIUM
29.6,32.0,34.5,23.8,1489.0,28.1,LOW
15.9,45.7,39.2,28.4,215.0,24.3,LOW
25.3,20.3,41.3,5.2,1835.0,20.1,LOW
24.7,15.8,34.2,59.7,2487.0,44.0,MEDIUM
29.2,49.0,45.1,2.3,1001.0,17.3,LOW
45.0,82.1,32.2,55.2,684.0,22.4,LOW
44.7,102.1,30.6,4.8,2733.0,24.8,LOW
73.9,80.6,47.8,51.6,2350.0,50.3,MEDIUM
36.2,63.3,47.7,32.9,1455.0,37.8,MEDIUM
38.8,70.7,46.8,11.8,2734.0,29.0,LOW
62.1,109.7,48.0,13.9,1903.0,29.5,LOW
148.6,286.4,69.1,21.1,2843.0,61.9,HIGH
51.9,104.7,48.2,47.6,489.0,54.3,MEDIUM
70.2,240.7,70.7,8.8,1422.0,43.1,MEDIUM
79.2,101.4,50.5,14.5,2102.0,41.9,MEDIUM
32.4,72.5,72.2,41.6,1342.0,40.0,MEDIUM
56.0,98.6,33.7,36.8,1179.0,36.6,MEDIUM
41.4,41.1,74.9,25.2,2147.0,35.4,MEDIUM
139.1,317.8,62.6,3.6,1896.0,60.3,HIGH
131.3,332.6,84.5,33.5,991.0,74.5,HIGH
37.9,105.6,31.5,13.8,1443.0,28.2,LOW
69.2,195.1,62.9,36.7,2179.0,55.6,MEDIUM
112.3,237.9,77.5,16.5,1955.0,56.9,MEDIUM
92.2,189.0,58.7,58.8,1468.0,43.4,MEDIUM
99.5,241.0,77.8,35.4,928.0,62.7,HIGH
32.6,35.6,30.2,34.3,521.0,29.9,LOW
213.3,459.7,74.4,50.2,2552.0,85.5,CRITICAL
44.3,138.8,58.3,59.6,2497.0,47.3,MEDIUM
43.3,92.2,44.2,46.8,1917.0,41.8,MEDIUM
22.4,62.8,33.7,35.6,1800.0,26.9,LOW
64.2,88.9,38.4,51.8,582.0,35.2,MEDIUM
159.5,389.7,93.3,10.9,1451.0,68.1,HIGH
91.5,163.4,44.7,45.9,1555.0,41.6,MEDIUM
68.2,158.7,58.3,40.8,1492.0,48.0,MEDIUM
124.8,309.9,90.7,33.8,878.0,79.4,HIGH
156.8,260.2,93.8,52.0,547.0,90.6,CRITICAL
131.1,367.8,100.0,42.6,2808.0,100.0,CRITICAL
11.3,31.9,36.7,43.0,1758.0,28.5,LOW
125.5,263.0,72.5,54.6,2615.0,73.2,HIGH
102.3,272.3,66.0,42.0,2082.0,65.4,HIGH
37.2,54.6,32.6,15.3,2497.0,30.6,MEDIUM
102.6,214.2,72.6,11.0,805.0,45.5,MEDIUM
159.7,198.1,56.0,30.8,497.0,66.5,HIGH
46.0,67.6,44.5,14.1,1919.0,34.2,MEDIUM
137.6,183.0,45.9,42.0,1738.0,63.7,HIGH
93.0,132.1,66.3,50.6,470.0,46.4,MEDIUM
1.8,0.0,26.1,17.5,1912.0,18.8,LOW
72.1,187.6,71.2,54.8,709.0,53.0,MEDIUM
90.3,227.9,55.7,44.8,503.0,50.6,MEDIUM
57.8,98.3,35.7,59.3,2959.0,42.0,MEDIUM
95.5,214.3,78.1,11.9,1756.0,49.4,MEDIUM
66.3,169.5,47.9,27.7,1123.0,44.7,MEDIUM
295.2,406.5,72.2,38.4,475.0,87.7,CRITICAL
54.6,132.3,37.4,45.8,2767.0,52.7,MEDIUM
38.2,0.0,40.3,54.7,2839.0,42.0,MEDIUM
132.9,265.8,79.0,53.5,919.0,85.2,CRITICAL
60.3,143.9,42.4,14.2,1418.0,31.5,MEDIUM
69.1,77.7,34.1,25.3,2008.0,34.7,MEDIUM
64.6,155.4,61.4,43.1,511.0,45.3,MEDIUM
127.8,369.4,100.0,7.9,1703.0,61.4,HIGH
29.0,66.0,39.1,57.6,812.0,39.6,MEDIUM
137.4,305.4,82.5,44.8,831.0,96.9,CRITICAL
108.3,274.6,81.7,49.7,1889.0,83.9,CRITICAL
233.8,354.2,100.0,54.4,1068.0,100.0,CRITICAL
85.2,184.5,43.8,10.7,1741.0,43.8,MEDIUM
31.0,64.3,31.6,25.3,934.0,15.4,LOW
85.9,137.6,44.6,39.1,1566.0,54.9,MEDIUM
93.9,243.3,76.4,49.3,2810.0,73.0,HIGH
169.1,338.9,77.8,44.3,1557.0,97.5,CRITICAL
31.0,80.4,45.8,7.3,1604.0,22.2,LOW
17.3,4.8,32.2,38.7,1580.0,32.6,MEDIUM
87.2,118.4,47.8,17.6,2598.0,53.9,MEDIUM
240.5,553.5,100.0,24.4,2109.0,84.9,CRITICAL
119.8,290.2,85.9,59.7,286.0,78.4,HIGH
124.7,186.1,46.3,9.4,530.0,41.2,MEDIUM
21.8,58.1,36.9,6.3,1818.0,29.9,LOW
76.8,126.5,34.4,24.5,2329.0,40.7,MEDIUM
171.3,278.4,74.5,51.8,528.0,73.9,HIGH
94.7,209.2,59.0,9.7,1608.0,44.4,MEDIUM
16.0,29.3,47.2,4.8,1999.0,15.1,LOW
75.7,155.9,53.3,25.1,1322.0,44.5,MEDIUM
113.9,285.0,67.4,37.9,2142.0,62.5,HIGH
69.5,108.6,43.3,9.3,1159.0,38.7,MEDIUM
34.6,90.1,64.2,48.3,1944.0,52.9,MEDIUM
135.7,325.4,60.0,50.8,2344.0,63.2,HIGH
52.9,104.4,38.1,31.4,2876.0,38.2,MEDIUM
101.3,191.6,59.2,1.8,1989.0,44.1,MEDIUM
74.2,201.0,52.5,31.0,1184.0,41.2,MEDIUM
51.2,120.0,53.9,12.9,2219.0,28.9,LOW
258.5,423.7,92.9,26.8,2453.0,84.2,CRITICAL
46.6,50.7,40.7,45.6,1361.0,43.0,MEDIUM
79.0,132.8,51.3,3.3,1215.0,38.7,MEDIUM
74.0,195.1,58.0,0.0,627.0,34.5,MEDIUM
85.6,224.8,48.2,8.0,2095.0,55.1,MEDIUM
245.9,595.5,100.0,2.7,1446.0,74.8,HIGH
114.0,150.9,31.5,15.6,572.0,41.5,MEDIUM
50.8,119.3,39.8,24.3,1772.0,29.1,LOW
196.9,227.4,70.0,46.8,2972.0,88.1,CRITICAL
128.2,274.2,85.4,1.8,344.0,58.9,MEDIUM
51.7,138.5,79.0,21.1,1643.0,49.0,MEDIUM
177.0,363.0,79.3,55.8,2820.0,88.1,CRITICAL
21.6,17.2,22.2,34.6,2886.0,33.8,MEDIUM
27.9,58.3,45.0,49.6,1157.0,34.4,MEDIUM
14.9,3.1,52.9,29.0,680.0,31.9,MEDIUM
8.3,9.6,49.8,5.8,1378.0,10.3,LOW
168.6,210.3,49.1,11.2,1092.0,52.1,MEDIUM
86.4,161.9,52.6,45.5,1551.0,52.1,MEDIUM
16.5,17.7,42.9,51.8,1869.0,32.6,MEDIUM
72.5,97.8,55.7,28.1,2351.0,48.4,MEDIUM
140.6,217.0,69.7,29.5,1976.0,61.9,HIGH
39.8,113.3,41.6,27.0,2698.0,36.1,MEDIUM
57.8,110.9,53.6,1.1,2260.0,35.1,MEDIUM
266.5,450.0,100.0,5.7,1652.0,90.0,CRITICAL
62.2,112.7,35.7,59.5,534.0,44.1,MEDIUM
18.0,43.0,52.4,2.5,2451.0,12.5,LOW
48.3,103.4,57.4,20.9,2200.0,29.3,LOW
15.2,46.8,28.1,41.4,1141.0,31.7,MEDIUM
120.7,325.3,89.9,25.5,849.0,70.7,HIGH
34.9,31.0,44.4,59.0,2043.0,41.9,MEDIUM
33.9,37.4,45.8,2.0,436.0,21.8,LOW
282.6,663.9,100.0,52.5,2404.0,100.0,CRITICAL
25.0,69.2,40.2,8.1,835.0,26.8,LOW
20.7,69.1,44.3,12.3,1862.0,29.4,LOW
29.3,76.8,9.9,31.7,1050.0,19.2,LOW
143.7,272.4,84.2,52.3,1536.0,92.0,CRITICAL
109.7,310.2,88.8,24.8,2442.0,56.2,MEDIUM
47.7,115.6,63.6,17.6,1004.0,39.2,MEDIUM
44.1,102.8,34.2,24.1,293.0,27.7,LOW
103.7,204.4,72.2,5.7,417.0,44.1,MEDIUM
88.9,205.3,73.0,50.3,409.0,60.8,HIGH
65.5,162.1,46.5,54.9,1485.0,51.4,MEDIUM
112.4,269.3,83.1,40.5,433.0,88.7,CRITICAL
27.5,76.6,47.1,26.7,1355.0,33.0,MEDIUM
35.5,59.9,18.6,36.8,2154.0,33.6,MEDIUM
116.7,221.6,70.2,33.1,2664.0,70.0,HIGH
94.4,177.0,47.4,3.1,820.0,45.7,MEDIUM
76.5,99.3,24.8,23.7,2655.0,36.0,MEDIUM
276.0,711.0,100.0,39.4,2939.0,100.0,CRITICAL
130.5,287.9,72.4,50.9,1952.0,68.4,HIGH
49.0,92.3,60.7,21.5,2264.0,42.3,MEDIUM
38.4,98.0,46.9,49.2,1553.0,42.5,MEDIUM
97.7,150.4,61.9,45.4,410.0,44.6,MEDIUM
168.2,219.3,69.0,55.8,2888.0,80.7,CRITICAL
12.7,20.7,45.3,59.4,2847.0,43.8,MEDIUM
92.6,229.2,53.8,2.5,1104.0,45.0,MEDIUM
57.1,116.9,49.9,26.2,748.0,45.7,MEDIUM
86.4,91.9,42.1,46.4,383.0,47.3,MEDIUM
19.2,40.9,44.0,49.4,1594.0,39.7,MEDIUM
168.1,212.8,65.0,5.0,2789.0,60.9,HIGH
199.8,515.7,100.0,36.4,315.0,96.2,CRITICAL
122.1,205.1,56.7,53.9,1912.0,60.6,HIGH
227.3,557.8,100.0,13.6,2540.0,85.7,CRITICAL
54.7,88.9,23.0,20.8,1263.0,33.8,MEDIUM
90.9,133.8,58.6,23.7,1914.0,43.4,MEDIUM
123.4,269.9,85.4,23.7,1443.0,57.8,MEDIUM
98.7,215.8,69.3,33.7,383.0,52.0,MEDIUM
60.7,187.0,81.7,3.6,1612.0,43.6,MEDIUM
66.0,153.0,64.2,46.8,449.0,51.1,MEDIUM
187.7,328.3,83.9,7.4,2118.0,58.4,MEDIUM
73.5,86.0,37.3,48.8,1068.0,37.0,MEDIUM
161.7,323.3,83.3,1.0,2447.0,62.0,HIGH
70.6,100.7,53.3,47.2,1844.0,51.5,MEDIUM
161.0,412.4,91.9,21.3,2818.0,76.1,HIGH
79.7,131.8,40.9,39.4,2266.0,45.5,MEDIUM
116.2,313.7,62.6,10.8,2230.0,57.9,MEDIUM
42.7,79.1,44.1,32.2,1053.0,38.3,MEDIUM
90.8,126.2,31.2,17.9,1437.0,37.8,MEDIUM
43.2,91.1,38.0,0.2,2288.0,25.9,LOW
53.6,148.2,23.1,43.5,2222.0,52.3,MEDIUM
57.3,116.6,57.5,7.9,2138.0,28.4,LOW
65.1,156.0,67.2,56.4,222.0,49.4,MEDIUM
148.4,376.4,87.4,32.6,249.0,84.6,CRITICAL
51.9,83.4,64.5,0.1,389.0,34.3,MEDIUM
83.9,215.0,78.4,56.7,288.0,72.4,HIGH
161.3,322.2,84.1,8.0,2364.0,59.4,MEDIUM
114.5,288.0,71.8,50.0,1731.0,67.7,HIGH
13.0,0.0,25.8,19.8,1614.0,20.6,LOW
18.6,0.0,36.7,34.1,440.0,34.4,MEDIUM
100.0,139.3,49.2,50.1,2369.0,53.9,MEDIUM
49.8,86.3,49.5,3.0,460.0,20.2,LOW
16.0,68.9,47.8,40.8,821.0,30.7,MEDIUM
46.8,96.0,41.6,8.9,2493.0,27.5,LOW
102.8,252.5,81.0,43.0,2139.0,98.0,CRITICAL
56.8,104.8,43.0,9.6,459.0,29.6,LOW
77.9,143.7,51.8,1.3,407.0,33.7,MEDIUM
61.0,111.3,35.0,9.3,1338.0,28.0,LOW
41.4,53.2,34.7,37.5,1890.0,37.6,MEDIUM
89.5,142.5,77.3,59.1,891.0,78.3,HIGH
14.2,26.1,23.1,58.2,1838.0,35.6,MEDIUM
36.9,77.6,46.9,44.7,1206.0,43.9,MEDIUM
130.1,310.3,71.1,49.5,1848.0,71.5,HIGH
19.3,75.6,14.8,52.4,2231.0,31.6,MEDIUM
75.0,107.9,52.9,31.7,2561.0,49.4,MEDIUM
53.2,152.5,46.2,13.7,748.0,32.5,MEDIUM
49.1,113.3,50.8,39.7,438.0,54.7,MEDIUM
138.9,286.2,84.8,8.5,531.0,62.2,HIGH
158.2,222.1,66.1,49.9,663.0,63.8,HIGH
29.2,12.4,35.8,24.7,1108.0,19.2,LOW
65.5,138.2,40.3,16.0,280.0,29.3,LOW
10.1,14.7,40.7,50.6,2531.0,30.6,MEDIUM
133.5,290.6,71.3,6.7,2577.0,52.9,MEDIUM
72.0,84.4,18.7,58.5,2197.0,36.4,MEDIUM
17.9,34.5,45.1,57.0,1198.0,35.2,MEDIUM
38.5,52.1,51.4,36.5,2179.0,38.8,MEDIUM
26.8,23.4,51.3,42.7,1809.0,40.7,MEDIUM
36.6,50.4,63.6,2.2,2055.0,26.6,LOW
11.4,8.9,40.6,26.2,446.0,18.6,LOW
186.3,394.7,95.4,53.1,2649.0,100.0,CRITICAL
30.3,44.3,49.7,0.7,1176.0,23.1,LOW
74.8,132.2,39.2,17.4,954.0,31.3,MEDIUM
102.1,274.1,51.1,21.2,1294.0,44.0,MEDIUM
158.3,431.0,88.9,40.5,892.0,86.6,CRITICAL
76.8,163.9,69.9,42.3,2984.0,49.1,MEDIUM
60.2,114.0,39.2,3.9,2009.0,34.5,MEDIUM
79.3,177.3,62.2,13.1,2710.0,49.9,MEDIUM
29.1,60.1,45.9,49.5,2863.0,39.3,MEDIUM
31.4,43.8,39.5,11.5,1827.0,32.7,MEDIUM
59.1,47.1,21.7,17.2,2441.0,31.6,MEDIUM
7.0,40.5,40.2,9.7,2735.0,23.2,LOW
42.1,60.5,34.0,45.3,620.0,42.6,MEDIUM
50.5,124.1,69.0,1.6,954.0,35.0,MEDIUM
250.2,340.1,94.7,18.1,1325.0,78.6,HIGH
172.4,243.1,61.8,31.9,1944.0,65.2,HIGH
101.8,234.8,86.4,0.4,2351.0,49.1,MEDIUM
135.8,306.3,80.1,57.2,1166.0,78.1,HIGH
31.1,55.9,18.3,52.2,2560.0,31.3,MEDIUM
80.9,253.6,67.1,38.8,2032.0,70.0,HIGH
124.3,338.9,100.0,26.3,1242.0,64.4,HIGH
31.4,64.0,29.8,9.3,2106.0,11.4,LOW
18.7,79.5,41.1,33.2,2586.0,41.2,MEDIUM
94.1,191.6,42.4,14.4,1141.0,40.9,MEDIUM
21.0,3.3,16.1,38.3,1284.0,28.1,LOW
108.6,273.0,60.9,8.7,2137.0,48.1,MEDIUM
156.5,291.5,59.0,43.0,1404.0,74.8,HIGH
32.3,96.3,37.0,19.4,697.0,36.2,MEDIUM
34.7,40.5,56.9,30.1,2592.0,35.8,MEDIUM
153.3,209.2,61.0,9.7,764.0,53.7,MEDIUM
77.1,88.3,52.7,15.4,890.0,42.1,MEDIUM
139.5,322.7,91.5,27.0,2630.0,83.3,CRITICAL
60.9,125.2,35.5,27.5,1997.0,47.3,MEDIUM
64.6,110.6,36.6,60.0,1409.0,51.6,MEDIUM
75.6,64.8,48.9,20.1,1269.0,28.8,LOW
217.1,369.6,77.8,5.1,713.0,76.6,HIGH
132.0,238.3,74.1,31.5,390.0,53.1,MEDIUM
40.9,98.0,64.8,19.3,2746.0,35.2,MEDIUM
85.4,185.3,40.3,52.7,325.0,53.3,MEDIUM
57.5,101.0,40.9,12.6,373.0,34.1,MEDIUM
49.1,119.0,45.5,51.3,2306.0,48.0,MEDIUM
106.5,235.8,59.1,39.8,2702.0,57.6,MEDIUM
91.4,152.5,45.6,11.3,2187.0,37.7,MEDIUM
32.7,51.5,31.8,24.3,878.0,24.3,LOW
75.8,177.8,56.5,29.5,958.0,51.2,MEDIUM
47.8,64.3,41.6,31.3,2892.0,36.0,MEDIUM
101.7,162.9,65.9,23.8,2160.0,47.8,MEDIUM
46.0,94.5,43.9,35.1,2518.0,32.8,MEDIUM
64.9,134.5,63.6,43.0,1450.0,48.3,MEDIUM
50.2,64.4,32.6,30.4,2374.0,35.1,MEDIUM
13.6,42.5,22.0,36.1,2946.0,23.3,LOW
209.9,402.0,86.6,51.6,1199.0,92.9,CRITICAL
75.1,157.9,59.2,29.9,1097.0,52.3,MEDIUM
214.8,515.4,100.0,25.0,320.0,79.4,HIGH
77.7,171.5,73.2,14.9,2264.0,39.0,MEDIUM
120.4,190.5,62.1,7.9,874.0,53.8,MEDIUM
43.3,107.7,55.2,17.5,911.0,38.3,MEDIUM
44.3,112.8,63.3,24.4,1970.0,47.2,MEDIUM
71.9,113.5,37.7,45.9,2269.0,51.3,MEDIUM
213.5,574.5,100.0,13.0,1341.0,90.2,CRITICAL
33.7,87.2,76.3,42.1,2845.0,71.2,HIGH
10.1,26.4,44.2,4.7,653.0,14.3,LOW
150.9,266.2,76.1,9.5,1677.0,51.2,MEDIUM
125.6,167.0,65.8,19.6,1929.0,45.0,MEDIUM
52.6,96.9,28.5,28.2,1929.0,33.6,MEDIUM
269.6,363.7,76.8,10.9,2039.0,65.9,HIGH
277.3,760.5,100.0,6.7,1975.0,77.0,HIGH
12.5,23.5,38.5,33.9,2417.0,31.3,MEDIUM
42.5,120.6,43.7,24.7,2479.0,45.9,MEDIUM
71.6,119.0,49.0,25.0,2937.0,33.8,MEDIUM
99.7,244.4,62.9,18.5,2831.0,52.5,MEDIUM
89.1,160.8,34.6,22.3,1656.0,32.7,MEDIUM
74.9,188.2,68.8,11.0,2177.0,40.8,MEDIUM
29.2,76.3,20.3,16.2,1327.0,27.2,LOW
108.8,239.3,57.2,32.5,2022.0,52.0,MEDIUM
113.2,171.0,39.9,31.3,221.0,44.6,MEDIUM
143.7,307.3,65.5,54.4,1229.0,71.2,HIGH
25.4,54.1,40.5,50.0,2761.0,45.0,MEDIUM
63.0,91.3,58.5,0.4,2090.0,27.8,LOW
50.5,102.8,26.7,13.8,248.0,31.4,MEDIUM
25.0,69.4,33.7,53.3,1664.0,35.0,MEDIUM
62.2,116.5,26.5,18.9,1224.0,33.2,MEDIUM
30.6,33.9,27.8,28.7,2465.0,29.0,LOW
21.1,82.3,43.2,40.5,522.0,39.9,MEDIUM
126.7,237.4,74.8,32.6,1891.0,75.8,HIGH
52.4,77.6,16.2,0.3,2194.0,17.1,LOW
40.7,123.3,55.1,12.4,1867.0,33.2,MEDIUM
168.2,320.7,66.4,6.0,968.0,54.0,MEDIUM
115.7,175.7,41.8,10.1,2421.0,39.0,MEDIUM
8.8,30.5,35.4,8.8,2422.0,15.8,LOW
100.2,237.6,73.2,37.4,1211.0,60.0,HIGH
99.8,163.4,53.3,24.4,947.0,41.1,MEDIUM
60.1,120.6,35.0,4.0,2059.0,23.1,LOW
58.3,68.9,39.1,4.9,1230.0,5.8,LOW
15.4,0.0,21.3,57.0,1167.0,37.7,MEDIUM
267.6,740.7,100.0,9.3,1462.0,91.6,CRITICAL
62.0,129.6,62.3,15.2,1483.0,42.6,MEDIUM
96.3,240.8,78.3,34.5,2523.0,72.4,HIGH
64.7,130.2,49.3,11.2,2868.0,28.8,LOW
41.3,21.8,46.7,11.9,2198.0,18.4,LOW
133.6,349.6,70.2,4.4,447.0,55.9,MEDIUM
83.5,206.9,82.4,58.8,1146.0,84.8,CRITICAL
62.4,136.7,38.2,36.4,731.0,41.7,MEDIUM
95.5,179.7,32.6,31.8,2057.0,51.6,MEDIUM
69.5,151.9,69.2,53.3,1875.0,59.1,MEDIUM
224.6,578.9,100.0,35.7,2951.0,100.0,CRITICAL
130.5,181.3,58.6,15.8,1454.0,55.4,MEDIUM
107.0,262.8,57.1,28.3,495.0,58.1,MEDIUM
17.5,0.0,58.4,28.7,1876.0,27.4,LOW
109.7,211.2,83.5,23.9,1227.0,61.9,HIGH
107.7,274.2,89.7,45.2,698.0,83.1,CRITICAL
31.1,52.5,38.9,6.6,1239.0,19.6,LOW
17.1,15.8,44.1,9.6,867.0,21.9,LOW
126.8,303.6,74.9,22.3,752.0,61.3,HIGH
138.0,390.8,100.0,4.3,1554.0,69.5,HIGH
44.5,69.4,35.5,59.2,2468.0,37.5,MEDIUM
42.8,110.1,65.5,29.7,2680.0,48.2,MEDIUM
82.4,221.9,57.8,3.0,929.0,30.4,MEDIUM
52.2,116.2,43.3,36.5,1456.0,40.3,MEDIUM
16.7,25.4,28.2,46.9,2560.0,34.7,MEDIUM
30.8,69.6,42.8,24.5,2968.0,39.4,MEDIUM
93.7,239.8,61.3,28.8,2580.0,55.6,MEDIUM
32.4,99.6,50.8,42.0,1583.0,41.1,MEDIUM
142.8,206.8,55.2,14.0,2636.0,61.3,HIGH
106.5,152.5,62.4,35.9,2179.0,53.8,MEDIUM
96.5,145.8,70.1,37.9,518.0,51.0,MEDIUM
81.1,202.2,61.3,48.3,436.0,43.5,MEDIUM
39.7,105.2,72.4,53.5,2822.0,51.4,MEDIUM
117.1,229.3,77.9,56.5,2788.0,79.0,HIGH
38.7,65.1,65.4,7.6,1483.0,28.8,LOW
148.3,275.4,70.6,49.0,2053.0,74.3,HIGH
201.6,505.2,85.8,40.5,1053.0,97.2,CRITICAL
83.1,131.4,41.2,22.2,2164.0,36.1,MEDIUM
184.0,235.8,58.1,55.4,1449.0,62.1,HIGH
31.2,18.9,21.4,51.6,1176.0,29.3,LOW
107.4,307.5,49.8,46.5,1434.0,56.3,MEDIUM
73.5,137.2,62.9,3.4,1476.0,48.3,MEDIUM
128.3,172.0,33.5,10.6,2840.0,51.5,MEDIUM
9.4,0.0,41.1,55.1,2678.0,44.6,MEDIUM
123.0,327.6,100.0,58.9,744.0,83.1,CRITICAL
43.0,67.5,30.8,16.6,980.0,24.1,LOW
76.3,174.2,60.8,16.6,1038.0,34.4,MEDIUM
264.5,357.3,78.8,36.6,232.0,100.0,CRITICAL
109.9,154.7,63.1,4.6,1685.0,47.1,MEDIUM
99.8,261.0,54.8,35.7,1552.0,50.2,MEDIUM
94.1,229.1,62.8,58.1,549.0,60.5,HIGH
159.0,297.1,88.0,17.8,2973.0,59.6,MEDIUM
131.4,356.7,82.9,44.6,2332.0,91.5,CRITICAL
94.8,174.2,36.6,31.5,713.0,42.9,MEDIUM
86.5,222.4,78.3,17.2,2175.0,56.6,MEDIUM
82.3,74.8,25.7,24.7,1154.0,39.5,MEDIUM
70.4,90.3,44.5,33.1,1972.0,43.0,MEDIUM
25.0,50.3,44.5,45.7,1517.0,38.0,MEDIUM
108.3,264.4,71.1,32.4,589.0,38.8,MEDIUM
46.7,118.0,78.2,55.5,1488.0,77.7,HIGH
64.0,109.4,55.2,7.0,2893.0,31.1,MEDIUM
137.6,335.7,77.9,57.5,2295.0,91.8,CRITICAL
71.7,163.8,61.8,33.0,1954.0,63.8,HIGH
67.5,107.6,48.7,23.5,2562.0,34.0,MEDIUM
83.3,170.0,56.0,4.6,2520.0,39.3,MEDIUM
57.7,123.7,51.5,17.8,2687.0,41.6,MEDIUM
260.8,544.9,100.0,26.3,505.0,93.7,CRITICAL
237.5,646.3,100.0,56.2,562.0,100.0,CRITICAL
233.5,450.7,91.5,45.4,2437.0,100.0,CRITICAL
94.3,168.4,32.5,3.5,2987.0,31.8,MEDIUM
44.3,61.8,53.0,19.7,1775.0,37.1,MEDIUM
140.1,357.6,76.8,29.5,2900.0,88.2,CRITICAL
58.1,67.7,41.9,51.0,2056.0,44.5,MEDIUM
148.7,389.8,79.4,46.6,439.0,93.0,CRITICAL
42.5,46.4,28.2,13.0,2794.0,20.2,LOW
99.3,183.3,45.0,3.0,2550.0,36.7,MEDIUM
163.2,435.4,100.0,7.9,1700.0,63.7,HIGH
60.7,133.4,64.3,30.2,2283.0,45.0,MEDIUM
60.5,173.3,56.3,5.4,1184.0,40.5,MEDIUM
19.0,0.0,23.6,15.0,1924.0,21.4,LOW
43.7,64.5,19.4,49.3,1357.0,37.6,MEDIUM
93.0,202.5,69.9,24.1,1676.0,42.5,MEDIUM
103.4,286.9,64.9,59.8,1982.0,67.5,HIGH
114.4,144.0,38.2,45.4,351.0,50.6,MEDIUM
12.1,7.2,31.4,15.9,469.0,20.5,LOW
58.3,159.3,49.9,0.5,431.0,35.6,MEDIUM
21.4,72.9,22.7,31.6,1866.0,26.7,LOW
89.6,250.2,51.0,42.4,1356.0,54.3,MEDIUM
15.5,30.7,38.6,28.2,1600.0,34.0,MEDIUM
28.0,46.3,29.1,54.4,1601.0,32.3,MEDIUM
129.8,292.0,79.9,46.1,313.0,84.9,CRITICAL
48.0,118.3,49.5,31.2,2429.0,30.4,MEDIUM
185.1,467.4,100.0,1.1,2162.0,71.8,HIGH
116.5,271.1,60.7,20.3,2126.0,62.9,HIGH
61.0,142.7,54.2,29.7,296.0,42.8,MEDIUM
144.2,393.5,96.7,15.0,2025.0,75.6,HIGH
65.1,59.8,31.5,50.3,1601.0,47.8,MEDIUM
124.7,220.6,76.6,25.5,2330.0,69.0,HIGH
41.8,101.4,25.2,12.2,471.0,19.8,LOW
150.0,306.5,66.0,46.7,2291.0,79.4,HIGH
17.1,22.4,12.9,36.5,2893.0,41.2,MEDIUM
27.9,51.6,28.9,11.8,2583.0,23.2,LOW
32.6,67.1,38.2,32.0,2704.0,28.0,LOW
45.7,106.5,56.0,41.7,412.0,39.7,MEDIUM
95.4,227.0,62.2,26.9,1683.0,55.5,MEDIUM
74.7,121.9,41.1,18.1,891.0,24.8,LOW
125.7,242.6,47.8,41.4,1726.0,55.9,MEDIUM
164.8,200.6,45.5,41.2,2178.0,62.5,HIGH
15.1,26.7,37.7,1.0,2291.0,18.2,LOW
178.3,255.4,78.9,14.0,2976.0,76.3,HIGH
64.0,127.9,44.2,38.8,2881.0,51.2,MEDIUM
230.5,502.3,100.0,13.4,892.0,75.6,HIGH
40.3,73.5,29.6,57.8,2764.0,64.0,HIGH
10.6,0.0,25.3,9.8,2675.0,17.0,LOW
117.4,276.5,67.8,44.9,2226.0,58.3,MEDIUM
112.3,241.7,84.6,59.9,921.0,76.3,HIGH
28.6,26.8,35.6,20.8,727.0,17.9,LOW
31.4,74.4,19.6,36.2,1420.0,22.7,LOW
132.3,219.8,74.4,6.3,309.0,51.4,MEDIUM
98.7,201.4,82.4,37.3,995.0,59.3,MEDIUM
59.0,163.7,51.6,59.3,405.0,53.6,MEDIUM
106.0,168.6,44.5,58.4,1669.0,60.3,HIGH
91.8,222.7,73.8,24.7,1926.0,51.8,MEDIUM
34.6,59.7,62.5,49.2,512.0,48.7,MEDIUM
139.2,349.0,92.5,49.6,2647.0,89.5,CRITICAL
121.1,168.2,35.8,19.6,471.0,36.2,MEDIUM
76.0,123.0,57.5,49.4,1309.0,55.2,MEDIUM
132.4,269.0,75.2,9.7,1603.0,53.6,MEDIUM
249.5,573.0,100.0,58.7,1830.0,100.0,CRITICAL
31.1,51.0,53.1,51.9,1093.0,40.7,MEDIUM
61.2,154.8,58.5,30.6,2197.0,55.0,MEDIUM
63.6,147.1,67.8,23.1,1156.0,51.4,MEDIUM
130.4,370.9,72.9,56.8,908.0,74.8,HIGH
45.2,64.1,44.4,4.3,1469.0,22.3,LOW
125.4,265.2,59.0,29.9,518.0,59.4,MEDIUM
49.8,116.9,50.5,29.2,2905.0,36.9,MEDIUM
27.8,39.9,53.7,22.9,1740.0,39.3,MEDIUM
79.4,191.1,41.5,6.8,603.0,38.2,MEDIUM
49.0,53.5,21.6,15.1,2429.0,37.3,MEDIUM
85.4,177.1,68.0,59.0,2217.0,55.3,MEDIUM
100.9,111.4,46.5,48.5,1405.0,46.8,MEDIUM
16.4,33.9,49.1,50.3,2954.0,44.2,MEDIUM
53.7,137.2,40.9,30.6,1602.0,37.9,MEDIUM
79.4,186.5,58.6,39.7,796.0,57.7,MEDIUM
132.8,204.1,68.9,30.3,2416.0,69.7,HIGH
121.7,253.1,70.5,40.6,2800.0,77.6,HIGH
37.2,109.5,25.0,51.8,935.0,37.5,MEDIUM
66.1,112.0,80.7,14.6,219.0,45.4,MEDIUM
104.7,186.6,60.5,57.1,1906.0,57.4,MEDIUM
62.5,166.1,38.8,54.8,2252.0,50.6,MEDIUM
40.5,86.4,46.7,25.2,930.0,33.0,MEDIUM
72.5,68.3,45.4,58.6,2898.0,48.3,MEDIUM
97.7,207.1,73.0,53.0,669.0,71.6,HIGH
34.1,43.4,47.6,2.4,2443.0,16.2,LOW
112.8,293.9,71.5,2.5,2654.0,51.1,MEDIUM
83.0,171.5,35.1,42.4,678.0,47.0,MEDIUM
115.7,212.3,67.4,47.0,1604.0,67.9,HIGH
71.3,98.4,25.1,14.9,279.0,20.0,LOW
225.2,469.8,100.0,29.9,1997.0,100.0,CRITICAL
96.4,154.4,44.4,32.4,1730.0,44.5,MEDIUM
125.0,289.3,81.0,26.7,2379.0,52.0,MEDIUM
112.5,227.6,56.3,4.1,1604.0,50.3,MEDIUM
65.4,136.6,44.6,13.1,1191.0,24.6,LOW
90.2,214.5,52.6,48.9,583.0,45.0,MEDIUM
46.1,63.2,48.1,4.4,343.0,28.6,LOW
214.5,286.1,65.5,37.3,1681.0,74.8,HIGH
104.1,197.2,68.8,38.0,2773.0,59.4,MEDIUM
38.5,67.2,32.9,57.4,2345.0,39.1,MEDIUM
183.0,258.2,66.0,59.2,1301.0,80.5,CRITICAL
68.0,166.3,55.4,56.7,2954.0,51.5,MEDIUM
137.3,263.3,71.3,32.5,715.0,66.0,HIGH
15.9,56.6,27.4,2.5,2993.0,10.5,LOW
161.2,318.3,86.2,16.6,844.0,66.9,HIGH
101.1,115.4,44.1,28.5,671.0,48.4,MEDIUM
35.8,20.7,39.6,2.3,2603.0,30.1,MEDIUM
99.8,266.6,69.8,2.2,1513.0,36.2,MEDIUM
200.5,410.3,98.6,19.4,2697.0,80.3,CRITICAL
47.3,65.7,34.9,23.2,2295.0,42.3,MEDIUM
46.8,110.5,37.1,34.9,639.0,41.9,MEDIUM
64.6,83.7,47.7,56.0,541.0,43.4,MEDIUM
78.9,141.1,45.2,23.5,1451.0,40.8,MEDIUM
143.5,254.4,85.7,2.9,1772.0,57.6,MEDIUM
105.1,141.7,52.1,32.4,1385.0,47.6,MEDIUM
64.6,183.9,41.1,21.5,794.0,40.4,MEDIUM
93.1,235.6,58.3,54.1,809.0,60.8,HIGH
222.2,381.3,75.2,25.9,1628.0,71.9,HIGH
118.1,298.3,87.6,19.3,240.0,55.6,MEDIUM
70.0,79.7,51.2,43.4,1429.0,44.7,MEDIUM
63.1,140.1,50.3,29.6,293.0,38.4,MEDIUM
89.1,218.1,66.2,33.3,2645.0,58.8,MEDIUM
142.3,208.1,60.2,9.1,1936.0,51.6,MEDIUM
41.9,109.4,56.7,22.5,649.0,30.7,MEDIUM
129.3,319.1,84.1,2.8,2352.0,65.4,HIGH
68.9,120.4,56.5,45.3,1579.0,51.3,MEDIUM
76.8,135.3,48.0,14.7,1630.0,46.2,MEDIUM
339.7,706.9,100.0,7.2,917.0,88.3,CRITICAL
120.5,133.0,57.9,35.4,1303.0,47.9,MEDIUM
50.2,63.4,58.1,34.8,2659.0,41.4,MEDIUM
100.9,167.0,68.3,18.9,612.0,44.1,MEDIUM
147.1,346.3,100.0,57.7,1946.0,99.5,CRITICAL
121.4,199.5,61.9,38.1,807.0,62.5,HIGH
8.5,12.4,20.2,55.6,1445.0,30.2,MEDIUM
74.5,106.2,35.3,18.0,1692.0,31.1,MEDIUM
104.0,172.7,72.5,33.1,541.0,64.4,HIGH
98.2,234.5,42.8,24.8,420.0,42.1,MEDIUM
53.5,62.5,57.4,24.8,1555.0,42.5,MEDIUM
122.8,277.6,62.2,2.9,1346.0,46.8,MEDIUM
161.6,303.1,98.5,13.2,2779.0,69.3,HIGH
16.9,47.0,36.2,52.2,2154.0,41.5,MEDIUM
15.3,60.8,47.8,51.0,2711.0,50.7,MEDIUM
100.3,255.5,96.9,6.3,2799.0,57.8,MEDIUM
129.8,190.7,54.6,1.1,253.0,36.5,MEDIUM
47.4,101.6,41.1,6.1,2664.0,37.4,MEDIUM
9.2,2.2,22.0,38.3,2884.0,31.8,MEDIUM
75.4,52.9,25.9,14.4,1467.0,29.0,LOW
99.2,211.4,57.8,45.8,1981.0,66.4,HIGH
60.7,107.5,39.5,0.3,1169.0,26.5,LOW
149.6,238.3,50.7,42.9,476.0,76.8,HIGH
95.0,239.7,63.4,53.2,935.0,59.9,MEDIUM
43.4,119.0,53.2,2.7,426.0,32.4,MEDIUM
47.1,112.8,36.2,52.0,1563.0,45.5,MEDIUM
76.7,188.0,56.3,55.1,2030.0,58.6,MEDIUM
57.5,127.1,65.9,32.2,215.0,41.5,MEDIUM
14.3,18.2,15.7,17.1,841.0,13.3,LOW
89.3,236.0,88.6,33.8,407.0,77.0,HIGH
48.2,72.3,32.8,18.6,2904.0,25.7,LOW
55.0,89.2,45.8,56.0,2449.0,43.9,MEDIUM
30.8,62.6,54.7,32.6,287.0,35.0,MEDIUM
203.9,347.6,100.0,47.9,2479.0,100.0,CRITICAL
115.6,204.7,66.3,36.6,2516.0,62.3,HIGH
237.1,424.4,85.3,17.3,2455.0,81.3,CRITICAL
60.4,127.2,39.7,30.0,2660.0,35.2,MEDIUM
120.2,266.2,63.0,52.8,1512.0,75.7,HIGH
90.4,257.6,91.3,23.0,870.0,63.6,HIGH
44.8,89.2,38.8,20.5,2637.0,40.8,MEDIUM
60.0,112.1,50.7,57.4,2537.0,41.6,MEDIUM
115.4,261.8,56.7,20.0,969.0,52.9,MEDIUM
30.8,0.0,16.1,51.6,1826.0,26.1,LOW
150.6,257.3,68.9,10.7,1759.0,60.8,HIGH
85.1,175.5,52.4,47.5,1565.0,56.5,MEDIUM
137.5,337.6,77.6,36.9,1904.0,89.8,CRITICAL
99.5,187.8,40.4,7.2,435.0,30.4,MEDIUM
17.1,17.1,31.7,3.8,1473.0,9.1,LOW
74.5,211.3,80.3,17.9,984.0,44.4,MEDIUM
152.8,385.8,77.6,39.4,207.0,90.0,CRITICAL
84.2,128.0,60.0,21.6,1654.0,42.8,MEDIUM
76.0,199.3,18.3,16.3,1221.0,33.8,MEDIUM
84.1,220.7,53.5,34.9,1407.0,45.6,MEDIUM
13.1,33.7,12.1,57.2,512.0,26.6,LOW
163.4,343.0,96.3,7.3,1616.0,74.7,HIGH
6.5,24.9,44.3,38.7,956.0,33.6,MEDIUM
186.1,284.4,60.3,54.7,202.0,74.2,HIGH
57.1,93.9,47.6,32.5,2384.0,45.0,MEDIUM
104.5,196.3,73.9,57.9,1958.0,61.3,HIGH
11.8,12.4,48.1,35.9,1678.0,43.0,MEDIUM
128.9,175.8,51.5,40.4,1942.0,61.3,HIGH
114.3,217.2,36.1,47.5,1106.0,56.2,MEDIUM
109.5,159.3,43.1,12.0,545.0,42.1,MEDIUM
11.2,7.4,40.3,33.6,1199.0,34.5,MEDIUM
39.9,112.0,72.0,36.9,2409.0,41.6,MEDIUM
99.9,186.6,57.3,7.2,1903.0,42.6,MEDIUM
160.4,354.5,75.9,27.3,2415.0,100.0,CRITICAL
34.9,80.8,70.9,46.2,2726.0,60.6,HIGH
35.7,51.9,42.7,2.4,899.0,19.4,LOW
95.3,228.5,49.5,24.8,2760.0,54.9,MEDIUM
320.4,442.5,95.0,8.7,2055.0,77.4,HIGH
45.4,121.5,60.2,10.5,1770.0,36.3,MEDIUM
56.6,123.3,47.6,30.8,1609.0,38.5,MEDIUM
50.1,122.7,57.9,1.8,1512.0,26.9,LOW
69.1,112.5,27.6,25.5,407.0,28.8,LOW
168.9,307.9,59.0,1.5,353.0,61.0,HIGH
71.9,89.2,34.6,55.5,1127.0,41.0,MEDIUM
340.2,900.0,100.0,53.0,770.0,100.0,CRITICAL
82.0,189.7,62.5,12.7,443.0,37.8,MEDIUM
179.8,414.0,99.7,3.9,268.0,64.5,HIGH
60.0,134.7,79.8,15.0,2939.0,47.5,MEDIUM
25.1,32.4,26.0,1.7,794.0,5.3,LOW
71.8,133.2,46.2,44.1,2957.0,55.3,MEDIUM
110.6,266.5,61.4,34.4,1725.0,58.8,MEDIUM
40.2,93.3,56.9,32.6,737.0,35.6,MEDIUM
161.3,446.6,100.0,51.1,607.0,96.0,CRITICAL
52.1,125.2,43.4,48.6,762.0,55.8,MEDIUM
30.8,64.4,64.4,24.5,1219.0,35.7,MEDIUM
299.7,715.2,100.0,36.6,774.0,100.0,CRITICAL
38.4,47.5,49.5,26.5,2518.0,41.5,MEDIUM
50.9,123.6,66.0,37.4,1228.0,42.1,MEDIUM
123.5,163.5,38.2,9.1,1675.0,46.9,MEDIUM
58.3,121.3,55.1,18.0,1603.0,37.3,MEDIUM
31.9,29.1,5.0,15.1,2047.0,9.1,LOW
46.8,134.2,60.0,10.0,2993.0,33.0,MEDIUM
247.4,390.4,75.3,24.8,1442.0,71.5,HIGH
113.4,152.7,59.7,43.6,1103.0,58.2,MEDIUM
129.3,163.7,63.6,23.8,2927.0,50.9,MEDIUM
92.0,259.2,82.3,59.0,2993.0,78.1,HIGH
103.5,179.4,67.6,18.1,2387.0,52.7,MEDIUM
54.9,112.6,47.6,56.9,2433.0,49.0,MEDIUM
83.8,88.3,38.7,11.6,1341.0,39.4,MEDIUM
10.1,14.0,31.2,19.2,1709.0,28.5,LOW
146.2,382.8,74.0,9.8,1185.0,60.5,HIGH
54.5,118.7,45.3,14.3,1933.0,36.5,MEDIUM
27.2,65.3,36.3,9.4,2512.0,16.1,LOW
87.4,135.2,40.8,37.5,1247.0,50.5,MEDIUM
65.3,62.9,18.5,12.0,1699.0,27.0,LOW
142.7,241.4,50.9,5.1,2370.0,54.5,MEDIUM
73.0,112.9,9.1,16.0,785.0,23.1,LOW
46.0,71.6,37.0,40.7,1909.0,38.4,MEDIUM
74.3,104.3,50.0,25.7,2372.0,41.2,MEDIUM
193.5,333.4,47.8,9.4,346.0,64.6,HIGH
145.9,351.4,85.6,3.8,910.0,60.1,HIGH
113.2,153.4,51.5,43.8,271.0,44.9,MEDIUM
150.2,357.7,69.5,42.2,218.0,74.8,HIGH
119.3,274.3,66.0,27.7,1537.0,56.1,MEDIUM
36.0,94.4,56.8,31.7,2162.0,47.7,MEDIUM
130.0,193.3,47.3,14.4,1273.0,49.1,MEDIUM
162.3,399.3,90.8,29.1,1939.0,99.9,CRITICAL
168.5,419.7,97.1,43.7,736.0,100.0,CRITICAL
29.4,65.5,30.0,46.3,2542.0,44.7,MEDIUM
51.0,138.0,62.8,20.4,1215.0,46.1,MEDIUM
45.0,48.6,42.1,40.7,2180.0,45.9,MEDIUM
59.5,177.9,53.7,29.2,564.0,38.1,MEDIUM
105.1,262.1,97.7,44.4,2491.0,82.1,CRITICAL
85.8,148.5,64.4,41.4,1651.0,50.2,MEDIUM
85.8,138.4,30.5,45.0,2917.0,54.2,MEDIUM
22.5,77.6,37.0,9.9,1335.0,8.8,LOW
49.4,62.1,68.9,19.3,2644.0,40.0,MEDIUM
176.8,440.1,84.2,15.9,1354.0,70.6,HIGH
161.9,313.9,77.9,26.8,502.0,73.8,HIGH
72.1,138.9,65.6,27.9,2125.0,47.6,MEDIUM
130.3,209.5,69.3,40.0,712.0,60.0,MEDIUM
98.5,277.8,81.2,34.2,2440.0,87.8,CRITICAL
140.1,301.9,84.1,34.8,1138.0,84.0,CRITICAL
134.2,370.4,85.9,38.0,2318.0,89.5,CRITICAL
76.5,126.6,39.5,16.4,1548.0,32.5,MEDIUM
113.7,149.9,57.7,13.6,1704.0,46.9,MEDIUM
103.1,153.9,48.3,12.9,2257.0,40.5,MEDIUM
78.0,122.7,42.6,46.8,2062.0,48.2,MEDIUM
66.0,163.2,72.3,5.8,2060.0,48.9,MEDIUM
225.6,293.9,69.5,19.0,2045.0,71.8,HIGH
78.1,110.9,67.1,16.8,1839.0,40.1,MEDIUM
124.8,324.6,81.8,35.5,2460.0,80.2,CRITICAL
214.5,324.8,76.8,55.5,1040.0,99.3,CRITICAL
113.6,172.2,34.0,52.7,708.0,48.4,MEDIUM
110.0,248.3,92.7,6.3,2258.0,53.2,MEDIUM
78.4,123.9,48.5,32.4,1712.0,40.3,MEDIUM
104.4,216.1,35.2,2.2,2722.0,38.9,MEDIUM
61.8,116.7,59.4,47.5,2902.0,45.1,MEDIUM
368.4,617.2,100.0,22.5,2628.0,92.5,CRITICAL
23.0,59.4,27.7,12.9,1733.0,18.2,LOW
69.2,188.8,69.5,29.0,2312.0,56.1,MEDIUM
114.9,217.0,32.0,26.1,1136.0,48.7,MEDIUM
110.1,249.4,58.8,56.6,241.0,60.3,HIGH
61.7,98.3,41.1,2.0,2385.0,33.3,MEDIUM
15.5,39.5,46.2,57.0,2388.0,49.3,MEDIUM
26.9,59.6,65.8,14.1,223.0,36.4,MEDIUM
90.2,135.1,47.3,8.7,2618.0,30.5,MEDIUM
10.9,28.6,39.8,44.5,2668.0,33.7,MEDIUM
120.5,188.6,91.3,31.4,1098.0,74.6,HIGH
171.0,394.3,89.2,53.7,248.0,100.0,CRITICAL
135.4,315.6,83.0,32.6,2653.0,83.2,CRITICAL
153.9,305.9,61.0,30.3,397.0,58.8,MEDIUM
11.4,16.1,55.9,12.4,850.0,18.5,LOW
63.6,180.6,48.5,57.0,1719.0,53.0,MEDIUM
33.5,38.5,39.0,39.9,2486.0,42.4,MEDIUM
18.4,48.1,40.1,36.1,2389.0,28.0,LOW
53.6,95.6,45.4,47.4,2107.0,43.5,MEDIUM
211.1,438.3,90.5,6.1,2520.0,65.3,HIGH
249.4,417.0,95.4,52.0,2119.0,95.3,CRITICAL
37.5,101.3,66.3,30.0,1986.0,45.8,MEDIUM
82.3,196.4,86.8,48.1,670.0,78.5,HIGH
103.4,141.0,49.0,42.8,1432.0,54.6,MEDIUM
64.0,145.1,46.4,27.1,1464.0,50.3,MEDIUM
179.2,278.7,62.1,46.2,252.0,61.1,HIGH
54.3,83.2,74.7,43.2,1335.0,38.5,MEDIUM
47.2,125.7,50.4,0.2,836.0,18.6,LOW
39.3,49.0,50.7,42.6,451.0,26.5,LOW
63.6,167.9,63.5,30.5,1730.0,44.4,MEDIUM
3.5,0.0,56.5,50.4,864.0,39.4,MEDIUM
66.0,113.0,44.0,48.6,733.0,47.3,MEDIUM
86.0,262.4,56.1,10.2,2403.0,51.7,MEDIUM
90.0,181.6,79.6,1.3,2468.0,47.2,MEDIUM
31.7,49.1,48.2,11.8,2050.0,25.1,LOW
88.8,175.6,61.8,44.5,731.0,52.2,MEDIUM
87.4,231.4,83.1,52.3,1972.0,83.4,CRITICAL
88.9,171.6,61.9,42.0,2197.0,48.3,MEDIUM
137.2,242.4,85.2,49.2,853.0,66.9,HIGH
30.5,54.4,41.1,35.2,572.0,35.2,MEDIUM
64.6,88.3,54.1,30.4,1414.0,43.3,MEDIUM
14.4,32.7,41.2,58.2,1388.0,45.5,MEDIUM
128.7,278.4,67.8,4.8,629.0,52.7,MEDIUM
35.0,83.6,40.1,25.3,737.0,32.2,MEDIUM
151.8,361.6,79.5,16.7,1599.0,63.5,HIGH
155.4,206.0,64.1,7.3,1677.0,47.0,MEDIUM
69.6,151.0,47.2,36.3,1706.0,45.0,MEDIUM
66.8,71.9,46.0,15.8,2950.0,41.2,MEDIUM
21.1,48.4,42.1,27.8,311.0,30.5,MEDIUM
80.3,168.2,57.7,8.2,2402.0,46.1,MEDIUM
136.4,243.3,69.2,23.4,1185.0,58.7,MEDIUM
97.0,267.6,63.3,12.0,2308.0,44.3,MEDIUM
193.6,401.9,86.9,53.8,2259.0,100.0,CRITICAL
58.8,162.9,34.4,31.3,1936.0,47.2,MEDIUM
58.7,159.4,52.5,48.0,1967.0,52.4,MEDIUM
37.2,110.0,34.7,29.1,2058.0,38.4,MEDIUM
279.7,769.7,100.0,2.5,2293.0,83.7,CRITICAL
20.9,29.6,25.9,41.7,569.0,26.8,LOW
129.8,261.4,44.6,2.9,1210.0,41.1,MEDIUM
138.3,201.9,87.3,23.7,2558.0,58.8,MEDIUM
134.3,246.5,64.2,32.8,1734.0,60.5,HIGH
40.0,73.8,58.4,46.8,583.0,49.8,MEDIUM
69.5,53.8,31.8,53.9,2893.0,49.6,MEDIUM
117.2,295.2,94.7,12.3,2966.0,65.3,HIGH
47.9,47.8,23.4,39.8,1635.0,40.8,MEDIUM
62.2,153.7,55.2,28.2,1693.0,41.9,MEDIUM
48.6,62.3,26.2,46.1,1018.0,30.3,MEDIUM
84.4,196.2,90.6,56.4,1645.0,79.1,HIGH
80.4,100.3,42.1,32.0,2913.0,44.2,MEDIUM
216.6,382.8,97.4,17.2,913.0,82.3,CRITICAL
119.0,270.5,76.0,47.9,1053.0,85.8,CRITICAL
26.0,28.3,33.9,31.6,2713.0,38.3,MEDIUM
28.0,44.5,42.9,52.9,1276.0,26.4,LOW
131.4,339.4,97.2,34.0,2923.0,86.1,CRITICAL
79.7,195.0,67.3,56.2,1179.0,56.9,MEDIUM
269.0,391.9,90.7,1.1,213.0,71.7,HIGH
268.5,614.4,100.0,44.3,2870.0,100.0,CRITICAL
37.0,51.4,60.7,20.8,864.0,26.9,LOW
98.1,125.0,43.7,40.1,2144.0,47.1,MEDIUM
28.3,57.2,16.3,56.5,333.0,27.8,LOW
129.8,185.4,44.7,39.2,2295.0,53.8,MEDIUM
237.2,461.9,87.0,44.7,816.0,100.0,CRITICAL
88.4,154.5,42.6,9.5,2441.0,38.2,MEDIUM
57.2,191.0,48.5,10.2,2906.0,43.0,MEDIUM
105.3,185.6,57.6,34.4,327.0,52.2,MEDIUM
148.6,219.3,65.9,25.8,1230.0,53.9,MEDIUM
149.2,431.1,97.5,6.7,2204.0,68.1,HIGH
57.7,134.7,41.4,43.7,2990.0,41.8,MEDIUM
46.9,92.1,55.7,41.9,1217.0,50.6,MEDIUM
94.3,270.8,77.0,5.5,2986.0,59.2,MEDIUM
60.8,123.7,67.5,2.9,2718.0,26.8,LOW
179.2,337.3,90.8,22.7,2214.0,76.4,HIGH
60.2,116.1,43.2,38.0,1269.0,38.1,MEDIUM
83.8,87.7,58.8,53.6,1703.0,53.2,MEDIUM
103.5,223.9,66.9,26.1,2217.0,55.2,MEDIUM
21.6,89.0,52.9,5.0,2120.0,18.1,LOW
50.3,104.0,54.2,50.4,1008.0,53.4,MEDIUM
261.3,424.2,92.1,7.5,1760.0,75.7,HIGH
144.3,162.2,55.6,38.2,2538.0,59.2,MEDIUM
59.6,78.6,40.2,24.8,1530.0,35.8,MEDIUM
130.2,204.4,50.4,54.6,1785.0,56.7,MEDIUM
177.3,481.8,76.5,42.3,1117.0,97.1,CRITICAL
67.1,149.9,44.2,0.0,648.0,16.0,LOW
139.7,329.2,81.8,22.4,385.0,48.6,MEDIUM
126.4,263.0,82.5,10.8,1337.0,49.7,MEDIUM
28.8,59.6,48.5,17.0,1969.0,26.6,LOW
67.3,90.3,40.2,23.9,2328.0,27.6,LOW
220.4,385.5,79.7,32.5,435.0,92.1,CRITICAL
256.5,648.6,100.0,47.9,1092.0,100.0,CRITICAL
145.1,262.5,57.7,5.2,2462.0,51.6,MEDIUM
48.9,55.4,12.9,26.5,514.0,28.1,LOW
7.7,19.7,14.4,51.0,2981.0,40.7,MEDIUM
43.6,67.0,56.5,25.9,1972.0,40.6,MEDIUM
25.2,38.0,58.0,31.2,2832.0,32.4,MEDIUM
231.2,284.0,81.6,46.7,2245.0,100.0,CRITICAL
14.0,42.9,35.7,42.8,2899.0,45.0,MEDIUM
29.5,74.7,24.5,30.6,2063.0,24.0,LOW
92.9,258.2,66.8,58.0,951.0,54.8,MEDIUM
79.3,173.2,63.3,2.2,2441.0,30.9,MEDIUM
213.3,281.0,82.1,3.3,833.0,60.1,HIGH
121.0,307.4,84.4,25.6,1782.0,66.9,HIGH
71.2,161.3,68.7,9.5,1245.0,48.6,MEDIUM
181.4,401.0,100.0,13.0,2438.0,81.8,CRITICAL
58.2,170.0,50.6,9.0,2327.0,38.3,MEDIUM
224.8,586.2,100.0,41.5,2619.0,100.0,CRITICAL
38.7,23.7,9.3,25.3,891.0,23.5,LOW
77.1,172.5,46.5,50.1,2993.0,56.8,MEDIUM
9.3,39.7,38.3,15.0,2455.0,31.8,MEDIUM
150.3,305.7,82.4,37.4,1283.0,87.1,CRITICAL
89.1,238.1,63.5,12.8,557.0,45.4,MEDIUM
225.2,499.8,99.0,0.9,1178.0,74.7,HIGH
65.5,98.5,71.2,41.3,497.0,50.2,MEDIUM
21.3,54.2,31.6,8.7,1923.0,19.0,LOW
110.4,226.6,51.8,41.6,516.0,48.9,MEDIUM
51.5,48.9,57.6,41.4,1405.0,49.6,MEDIUM
135.9,406.8,100.0,40.1,2069.0,100.0,CRITICAL
39.4,70.2,53.7,35.5,1469.0,39.8,MEDIUM
199.2,407.6,93.5,53.1,2669.0,100.0,CRITICAL
83.8,164.1,38.1,4.5,875.0,36.0,MEDIUM
71.4,174.6,57.2,55.9,1667.0,53.3,MEDIUM
190.4,303.3,57.3,4.0,2757.0,60.3,HIGH
151.8,264.9,72.6,29.7,1189.0,63.4,HIGH
44.2,95.8,52.2,55.4,1524.0,42.4,MEDIUM
148.8,374.7,99.1,16.1,2812.0,75.4,HIGH
128.5,187.4,57.0,50.3,1598.0,65.3,HIGH
74.5,118.2,56.7,35.6,2620.0,55.4,MEDIUM
140.7,390.2,77.7,51.7,2833.0,94.2,CRITICAL
198.6,499.4,100.0,2.9,917.0,67.6,HIGH
76.2,130.2,57.6,33.4,2400.0,56.3,MEDIUM
76.4,132.0,40.2,11.3,2031.0,30.3,MEDIUM
73.3,172.6,62.3,1.1,2963.0,33.4,MEDIUM
42.7,78.4,54.8,41.3,1840.0,41.3,MEDIUM
75.6,121.1,49.1,45.0,2420.0,41.8,MEDIUM
69.3,180.4,47.2,44.2,1168.0,48.8,MEDIUM
66.3,72.7,43.0,43.6,1898.0,49.4,MEDIUM
65.5,142.9,58.1,48.0,2380.0,51.3,MEDIUM
29.5,55.8,28.4,28.2,2907.0,38.9,MEDIUM
162.2,420.5,81.0,20.9,905.0,77.5,HIGH
50.2,38.5,42.0,46.3,421.0,44.5,MEDIUM
206.0,328.1,89.1,40.0,2934.0,89.7,CRITICAL
35.6,20.7,58.9,12.0,1887.0,37.9,MEDIUM
237.4,367.9,93.2,26.1,248.0,78.2,HIGH
60.5,73.7,26.5,10.9,1656.0,35.8,MEDIUM
150.1,342.9,100.0,46.7,2821.0,95.6,CRITICAL
88.5,219.7,75.6,14.8,2956.0,50.5,MEDIUM
25.8,68.9,16.3,37.4,1112.0,29.3,LOW
27.1,55.3,25.9,44.1,2389.0,31.2,MEDIUM
46.8,107.1,40.2,59.5,1484.0,33.7,MEDIUM
57.8,134.8,60.3,26.0,1314.0,27.8,LOW
78.0,75.3,12.7,52.3,2323.0,59.2,MEDIUM
102.8,177.6,55.2,39.9,956.0,44.1,MEDIUM
70.5,90.5,52.9,0.5,1394.0,19.3,LOW
98.9,116.1,13.4,23.5,890.0,36.7,MEDIUM
110.7,215.6,71.3,23.6,599.0,44.2,MEDIUM
68.1,80.7,52.5,7.2,1262.0,21.4,LOW
127.0,204.0,50.4,26.2,2886.0,37.5,MEDIUM
147.1,385.0,73.9,7.0,1373.0,61.2,HIGH
112.7,149.6,42.1,50.1,2113.0,49.6,MEDIUM
117.3,264.3,37.6,21.7,998.0,51.1,MEDIUM
92.6,122.5,44.5,11.0,2623.0,38.1,MEDIUM
171.8,441.3,98.8,36.1,1950.0,100.0,CRITICAL
79.4,193.2,44.3,51.5,2861.0,51.9,MEDIUM
47.5,64.9,51.4,56.1,1113.0,42.1,MEDIUM
81.2,202.9,61.7,53.7,1706.0,52.4,MEDIUM
26.2,48.0,40.3,52.9,735.0,31.8,MEDIUM
23.3,45.8,32.0,20.9,580.0,16.4,LOW
147.6,335.8,89.3,30.3,1839.0,96.9,CRITICAL
208.2,506.3,100.0,22.3,2450.0,85.8,CRITICAL
62.0,110.9,41.7,55.3,759.0,30.8,MEDIUM
148.5,272.0,79.9,5.6,2168.0,59.4,MEDIUM
12.1,51.9,47.0,33.3,2080.0,29.5,LOW
113.0,259.4,73.9,14.8,1551.0,53.4,MEDIUM
79.6,252.3,88.0,51.0,2347.0,81.0,CRITICAL
230.9,417.5,83.9,20.4,1863.0,89.2,CRITICAL
71.5,167.8,50.1,51.8,2850.0,51.7,MEDIUM
33.2,46.5,27.6,55.7,2338.0,42.8,MEDIUM
20.2,45.5,45.5,10.3,2682.0,29.8,LOW
81.1,247.0,63.8,45.3,1212.0,50.8,MEDIUM
92.5,190.1,50.2,21.0,2471.0,48.1,MEDIUM
68.2,92.1,63.8,24.2,2978.0,40.1,MEDIUM
150.8,267.9,91.9,16.5,658.0,55.1,MEDIUM
193.5,260.8,65.2,37.0,1631.0,65.4,HIGH
61.5,129.5,33.0,20.6,2615.0,40.9,MEDIUM
14.8,48.5,59.6,44.4,1311.0,56.8,MEDIUM
99.3,200.2,65.7,46.7,1623.0,56.1,MEDIUM
174.1,285.1,77.8,23.7,2293.0,71.0,HIGH
61.7,101.2,46.4,0.3,2509.0,31.1,MEDIUM
117.3,231.5,55.1,4.0,759.0,38.7,MEDIUM
31.1,96.3,39.5,16.4,1295.0,36.0,MEDIUM
97.5,131.4,57.8,57.2,1305.0,68.5,HIGH
118.8,321.0,72.8,23.6,628.0,54.9,MEDIUM
99.5,160.3,59.2,44.7,455.0,65.4,HIGH
271.0,625.2,100.0,56.2,2285.0,100.0,CRITICAL
206.6,402.3,77.7,20.5,2586.0,72.0,HIGH
132.3,143.5,71.0,33.7,2865.0,60.7,HIGH
163.3,340.9,88.3,51.1,2878.0,100.0,CRITICAL
97.1,227.1,68.0,36.9,2985.0,60.1,HIGH
77.0,133.2,56.6,6.7,432.0,37.7,MEDIUM
56.6,133.9,28.6,46.2,1311.0,43.9,MEDIUM
30.5,73.7,35.1,54.2,430.0,44.3,MEDIUM
212.9,349.4,64.1,46.1,2098.0,86.3,CRITICAL
277.9,733.2,100.0,45.2,2923.0,100.0,CRITICAL
82.6,241.5,70.1,45.3,303.0,53.3,MEDIUM
83.6,123.5,50.2,36.8,1674.0,47.1,MEDIUM
122.2,326.8,93.2,14.9,1693.0,62.8,HIGH
71.7,189.2,40.4,54.7,657.0,43.1,MEDIUM
34.1,48.6,27.7,7.7,2534.0,15.9,LOW
25.5,78.3,46.7,49.6,1305.0,42.9,MEDIUM
271.6,344.1,84.8,21.6,1377.0,81.0,CRITICAL
17.1,63.2,23.7,40.4,2893.0,34.4,MEDIUM
102.2,237.9,80.0,48.3,893.0,86.2,CRITICAL
19.5,44.1,55.1,47.9,1279.0,33.8,MEDIUM
74.4,141.9,56.4,9.7,2356.0,36.5,MEDIUM
61.2,78.6,23.7,36.7,1544.0,29.5,LOW
22.8,70.4,42.5,12.9,1890.0,26.7,LOW
125.2,328.8,83.4,6.7,1538.0,59.8,MEDIUM
32.0,9.3,28.1,30.8,993.0,35.1,MEDIUM
20.0,55.9,54.6,59.3,656.0,32.3,MEDIUM
134.9,250.3,66.2,58.9,2580.0,72.2,HIGH
61.4,132.8,75.2,34.4,971.0,72.9,HIGH
43.3,83.9,52.0,46.3,2993.0,41.2,MEDIUM
140.6,294.1,77.4,15.0,228.0,49.5,MEDIUM
30.5,48.4,48.3,13.5,2669.0,20.3,LOW
15.2,29.3,52.8,42.4,2853.0,44.0,MEDIUM
185.0,430.7,100.0,47.2,364.0,98.3,CRITICAL
247.2,571.3,100.0,44.5,1957.0,100.0,CRITICAL
72.9,133.4,42.1,6.3,2392.0,32.1,MEDIUM
72.2,191.5,45.3,21.4,1923.0,52.8,MEDIUM
146.2,228.5,35.0,2.7,2664.0,48.7,MEDIUM
172.8,204.1,62.7,47.2,571.0,63.2,HIGH
33.8,60.7,34.5,18.7,2857.0,27.2,LOW
63.8,95.3,40.3,25.8,1741.0,42.0,MEDIUM
96.6,264.4,82.0,34.7,1164.0,70.2,HIGH
140.4,317.2,76.2,0.0,1671.0,61.1,HIGH
130.4,333.5,100.0,21.2,1150.0,66.0,HIGH
116.2,247.9,60.3,43.6,1475.0,67.8,HIGH
172.5,406.0,79.3,17.2,638.0,66.8,HIGH
76.9,161.4,39.1,34.2,2565.0,43.8,MEDIUM
214.2,437.7,100.0,58.6,1291.0,100.0,CRITICAL
51.6,97.2,58.4,7.1,1508.0,41.8,MEDIUM
131.8,126.2,41.8,16.1,2747.0,43.8,MEDIUM
57.8,71.4,27.9,41.0,2740.0,59.5,MEDIUM
73.7,193.5,77.4,35.9,2407.0,73.8,HIGH
82.7,154.9,35.8,58.7,284.0,41.3,MEDIUM
55.2,116.5,59.6,2.1,2738.0,23.5,LOW
177.6,360.3,77.2,52.7,728.0,100.0,CRITICAL
60.1,106.6,50.8,29.3,1427.0,39.6,MEDIUM
79.6,216.8,75.4,13.6,2728.0,54.4,MEDIUM
121.3,160.0,59.7,30.2,466.0,65.6,HIGH
349.1,717.1,100.0,24.7,573.0,90.6,CRITICAL
124.4,228.0,80.9,10.8,1813.0,56.6,MEDIUM
84.9,141.0,54.6,13.2,1510.0,46.8,MEDIUM
12.5,49.4,81.6,17.3,1291.0,38.9,MEDIUM
72.3,183.8,37.1,33.1,2467.0,38.6,MEDIUM
47.6,87.4,22.5,5.0,2705.0,30.8,MEDIUM
63.2,120.2,60.0,5.3,2976.0,35.5,MEDIUM
56.9,106.1,45.5,19.9,544.0,42.0,MEDIUM
120.4,157.7,63.2,42.4,2093.0,64.5,HIGH
71.1,166.3,41.8,58.7,2640.0,58.9,MEDIUM
38.6,48.6,37.9,0.7,873.0,17.0,LOW
150.4,387.2,93.6,58.3,1544.0,88.1,CRITICAL
27.7,64.4,33.1,41.2,220.0,36.3,MEDIUM
82.1,106.0,48.7,54.1,577.0,54.1,MEDIUM
72.7,149.8,36.1,32.2,552.0,36.5,MEDIUM
104.4,181.9,62.0,27.8,2181.0,52.4,MEDIUM
173.7,333.1,97.3,47.1,1942.0,86.8,CRITICAL
383.6,507.4,91.3,33.1,308.0,100.0,CRITICAL
84.9,94.3,28.6,53.8,1868.0,38.6,MEDIUM
47.0,45.3,51.1,53.6,391.0,44.3,MEDIUM
43.3,108.5,30.5,31.8,766.0,35.1,MEDIUM
43.1,106.2,56.0,34.4,2724.0,44.5,MEDIUM
101.7,182.6,58.1,27.4,1452.0,58.4,MEDIUM
9.5,37.0,30.5,41.4,2388.0,35.0,MEDIUM
26.1,41.6,53.8,40.9,1080.0,39.8,MEDIUM
101.7,109.0,57.5,39.0,510.0,52.4,MEDIUM
155.5,318.7,81.2,3.7,2687.0,57.4,MEDIUM
156.1,309.7,50.6,57.8,659.0,73.1,HIGH
87.9,97.0,53.1,20.1,1179.0,34.6,MEDIUM
142.1,291.4,60.9,14.8,2163.0,59.6,MEDIUM
175.7,290.6,70.9,12.7,1857.0,69.8,HIGH
59.4,142.6,51.5,4.2,2798.0,27.4,LOW
163.9,249.9,90.2,27.4,2965.0,79.0,HIGH
18.4,55.2,35.2,2.5,611.0,9.1,LOW
25.5,0.0,12.9,9.7,834.0,23.1,LOW
62.2,110.1,64.1,0.3,1990.0,29.2,LOW
16.0,41.5,44.9,10.5,611.0,13.2,LOW
121.8,319.1,87.0,59.7,1718.0,91.5,CRITICAL
52.5,119.9,65.8,32.5,1244.0,28.7,LOW
73.2,76.6,62.2,4.0,2687.0,29.7,LOW
75.3,151.3,42.0,33.8,2771.0,55.3,MEDIUM
61.0,84.4,26.0,36.0,925.0,29.9,LOW
42.9,106.4,56.1,32.9,468.0,37.6,MEDIUM
117.7,228.5,61.1,20.2,2975.0,56.2,MEDIUM
51.6,102.3,43.3,39.4,620.0,42.0,MEDIUM
74.6,199.5,46.5,8.6,686.0,31.2,MEDIUM
105.1,137.0,57.6,13.2,906.0,44.7,MEDIUM
174.8,342.1,86.1,59.7,1154.0,100.0,CRITICAL
165.6,332.1,77.9,24.9,614.0,60.8,HIGH
55.4,136.4,33.8,8.9,1102.0,24.3,LOW
41.0,61.0,53.7,13.0,262.0,26.6,LOW
198.9,370.4,88.6,43.4,2443.0,100.0,CRITICAL
51.4,64.3,53.1,7.0,938.0,27.6,LOW
114.4,254.0,42.9,21.2,2490.0,50.1,MEDIUM
15.1,8.7,32.0,19.7,2011.0,13.8,LOW
9.2,38.1,27.1,13.7,1546.0,11.7,LOW
84.8,214.4,62.6,28.6,2922.0,54.7,MEDIUM
67.1,178.6,68.1,6.6,1283.0,35.4,MEDIUM
135.5,327.9,83.6,27.4,699.0,78.5,HIGH
43.3,67.3,40.3,2.0,1817.0,22.6,LOW
99.5,202.3,60.5,58.2,592.0,71.5,HIGH
130.6,281.2,53.5,36.3,975.0,57.1,MEDIUM
44.8,29.5,23.6,4.5,2742.0,28.5,LOW
62.1,51.6,51.2,11.4,2698.0,41.3,MEDIUM
30.4,44.9,30.7,44.2,1504.0,40.8,MEDIUM
138.9,157.9,67.4,43.9,1539.0,59.3,MEDIUM
118.8,296.0,84.3,21.9,1787.0,63.1,HIGH
125.1,160.3,64.6,8.9,436.0,41.5,MEDIUM
66.9,151.3,56.7,32.2,909.0,57.1,MEDIUM
117.4,260.6,63.9,16.6,1824.0,55.7,MEDIUM
71.5,164.0,52.8,5.8,1099.0,32.6,MEDIUM
221.5,338.6,88.5,20.8,797.0,86.7,CRITICAL
79.8,181.1,31.7,45.1,2013.0,47.8,MEDIUM
159.2,393.7,100.0,21.2,1786.0,78.6,HIGH
67.1,191.4,52.7,2.4,1116.0,37.1,MEDIUM
191.3,328.2,78.2,7.2,2825.0,69.1,HIGH
40.9,44.4,35.7,35.8,2378.0,36.3,MEDIUM
108.7,245.8,66.4,31.3,1869.0,63.8,HIGH
48.0,87.0,27.3,40.5,787.0,32.2,MEDIUM
96.5,254.1,69.9,34.3,2015.0,66.6,HIGH
51.6,83.8,49.7,29.8,2126.0,38.5,MEDIUM
79.6,190.3,34.0,28.5,1828.0,51.1,MEDIUM
57.8,137.6,35.0,57.7,1986.0,52.3,MEDIUM
127.4,283.2,83.2,51.7,654.0,88.6,CRITICAL
111.9,310.8,85.1,23.0,1138.0,60.5,HIGH
46.6,98.4,48.3,39.2,2694.0,51.4,MEDIUM
45.5,53.3,29.8,1.2,584.0,20.4,LOW
38.0,106.1,54.5,1.3,1851.0,7.8,LOW
31.7,70.6,26.2,19.1,2713.0,22.3,LOW
133.4,397.3,87.9,45.3,240.0,92.1,CRITICAL
36.1,92.9,28.3,55.5,2908.0,42.4,MEDIUM
102.4,197.4,57.7,41.0,2673.0,63.7,HIGH
53.9,140.3,38.7,42.4,2202.0,55.1,MEDIUM
156.1,239.5,75.0,1.9,2186.0,58.3,MEDIUM
257.1,573.8,100.0,55.8,2630.0,100.0,CRITICAL
2.0,0.0,23.2,5.2,679.0,10.4,LOW
40.5,46.0,50.0,56.8,2160.0,51.4,MEDIUM
53.2,63.9,28.1,8.5,1162.0,23.2,LOW
68.6,171.2,55.3,2.0,2652.0,37.1,MEDIUM
65.4,89.4,36.0,33.8,1693.0,36.7,MEDIUM
25.1,31.8,43.7,6.8,2344.0,29.0,LOW
260.5,609.1,100.0,1.7,668.0,74.5,HIGH
67.3,155.0,68.9,40.1,878.0,55.3,MEDIUM
111.6,219.8,64.0,44.3,2547.0,67.3,HIGH
114.0,141.4,15.7,17.6,1307.0,35.6,MEDIUM
19.9,54.3,33.0,32.0,1678.0,33.4,MEDIUM
60.5,60.0,57.8,35.2,2232.0,46.3,MEDIUM
133.4,201.7,56.4,9.7,675.0,53.2,MEDIUM
199.5,540.4,88.0,26.4,1047.0,86.7,CRITICAL
61.5,113.7,52.4,38.2,1112.0,51.1,MEDIUM
23.8,42.9,42.7,53.1,2767.0,36.1,MEDIUM
49.6,119.8,39.3,25.1,585.0,28.2,LOW
59.4,74.7,38.2,42.0,1240.0,41.8,MEDIUM
57.7,114.2,37.0,30.1,2886.0,44.5,MEDIUM
38.0,83.1,48.7,42.4,2538.0,47.7,MEDIUM
21.4,49.3,38.1,47.3,2077.0,33.9,MEDIUM
30.1,58.2,24.7,31.8,1737.0,34.7,MEDIUM
50.0,106.1,45.8,3.7,2548.0,25.4,LOW
131.9,364.3,75.8,52.5,2850.0,95.6,CRITICAL
167.6,211.2,79.2,36.1,2787.0,88.8,CRITICAL
86.2,200.2,70.8,36.0,1990.0,56.0,MEDIUM
30.9,50.6,36.1,30.6,2238.0,30.0,MEDIUM
52.3,131.6,50.7,10.4,2371.0,35.2,MEDIUM
9.7,16.0,44.6,29.2,2466.0,31.5,MEDIUM
202.0,381.4,85.1,32.2,2253.0,91.6,CRITICAL
45.9,104.7,54.8,23.0,704.0,38.9,MEDIUM
105.0,206.1,78.6,8.9,2327.0,57.7,MEDIUM
159.7,184.6,51.8,45.7,1293.0,69.5,HIGH
239.6,511.6,100.0,27.4,759.0,100.0,CRITICAL
142.0,410.9,100.0,42.0,487.0,92.2,CRITICAL
57.4,85.6,45.8,2.8,873.0,26.0,LOW
115.2,168.0,49.9,30.3,1622.0,50.6,MEDIUM
233.9,646.0,100.0,4.4,891.0,79.1,HIGH
45.5,107.0,43.1,44.0,2065.0,50.5,MEDIUM
20.3,23.2,24.0,34.9,2900.0,29.5,LOW
38.3,74.7,47.6,27.1,323.0,21.2,LOW
109.8,239.8,53.7,58.4,566.0,63.4,HIGH
58.5,108.2,42.2,19.6,892.0,35.3,MEDIUM
74.1,97.2,40.7,25.4,2452.0,41.2,MEDIUM
123.1,316.6,61.1,44.3,960.0,58.9,MEDIUM
37.5,85.8,50.8,31.5,736.0,31.2,MEDIUM
71.3,134.0,47.4,39.5,628.0,40.9,MEDIUM
51.6,126.2,64.5,58.6,620.0,45.4,MEDIUM
227.7,269.3,67.5,41.7,2215.0,77.6,HIGH
139.0,348.4,77.4,9.0,2183.0,53.4,MEDIUM
58.9,149.6,41.6,12.6,1071.0,44.7,MEDIUM
56.3,142.7,51.9,52.2,1458.0,58.0,MEDIUM
244.8,345.2,82.3,2.9,1959.0,71.1,HIGH
231.8,393.0,97.8,30.6,2930.0,100.0,CRITICAL
109.3,225.6,64.6,54.4,2281.0,75.6,HIGH
76.7,215.7,87.5,46.6,2448.0,90.6,CRITICAL
25.6,87.4,48.6,6.9,2938.0,22.8,LOW
38.6,28.5,22.4,44.4,1267.0,35.4,MEDIUM
23.7,33.4,22.2,22.9,393.0,19.4,LOW
164.1,248.7,73.7,54.1,2291.0,73.7,HIGH
25.9,31.8,22.5,34.4,539.0,25.3,LOW
55.7,157.1,60.7,32.9,1428.0,45.7,MEDIUM
12.1,51.1,48.4,0.5,2267.0,21.8,LOW
18.3,28.8,45.4,15.0,1763.0,26.3,LOW
127.1,332.9,69.5,24.8,1228.0,69.8,HIGH
97.6,89.7,54.5,43.4,1640.0,48.0,MEDIUM
78.9,173.2,59.9,31.2,887.0,53.6,MEDIUM
56.5,158.0,46.4,51.2,408.0,39.4,MEDIUM
15.9,68.6,38.4,2.1,1355.0,19.2,LOW
50.6,118.1,53.4,19.4,363.0,40.0,MEDIUM
68.1,126.2,40.9,35.9,2943.0,48.9,MEDIUM
121.1,177.1,60.2,39.5,1453.0,56.9,MEDIUM
158.0,232.5,82.2,30.1,2671.0,86.5,CRITICAL
129.9,276.0,83.0,23.9,2865.0,75.0,HIGH
97.2,230.7,65.6,4.3,1458.0,39.9,MEDIUM
77.9,159.5,56.7,41.8,1377.0,55.6,MEDIUM
90.3,180.3,50.6,54.2,2702.0,63.0,HIGH
47.8,82.6,36.3,48.5,297.0,36.6,MEDIUM
83.1,193.7,40.6,42.1,1564.0,61.2,HIGH
67.8,116.8,50.5,38.0,952.0,57.4,MEDIUM
310.5,590.2,100.0,46.3,2308.0,100.0,CRITICAL
92.0,172.5,55.0,46.6,2543.0,64.8,HIGH
8.8,0.0,19.5,0.4,1936.0,0.0,LOW
54.1,97.2,45.4,21.5,1339.0,26.6,LOW
62.1,74.1,57.2,52.1,1754.0,48.5,MEDIUM
142.2,327.1,89.8,51.0,1808.0,89.4,CRITICAL
100.7,180.9,56.8,42.6,1978.0,61.7,HIGH
97.1,170.8,80.2,18.5,2782.0,36.3,MEDIUM
187.5,520.6,100.0,47.9,898.0,100.0,CRITICAL
232.5,456.2,92.7,13.9,764.0,77.6,HIGH
127.0,270.9,67.7,13.4,733.0,48.8,MEDIUM
57.5,96.3,52.8,32.1,2152.0,54.8,MEDIUM
58.9,90.6,32.6,34.3,2734.0,38.2,MEDIUM
171.6,223.3,73.7,21.1,1115.0,52.3,MEDIUM
58.8,155.0,54.5,36.2,1378.0,49.1,MEDIUM
74.0,122.4,52.8,42.5,2911.0,54.4,MEDIUM
53.2,142.9,44.5,10.8,607.0,28.6,LOW
30.4,108.2,36.8,17.3,2663.0,44.5,MEDIUM
294.8,378.8,63.0,42.0,2886.0,85.8,CRITICAL
74.4,200.4,77.9,55.6,2439.0,83.6,CRITICAL
205.5,327.0,90.3,53.1,1142.0,100.0,CRITICAL
59.4,149.5,60.5,7.8,2030.0,44.2,MEDIUM
45.9,124.0,52.8,34.2,1016.0,39.2,MEDIUM
119.5,153.0,25.3,48.0,538.0,42.9,MEDIUM
157.5,401.9,81.3,14.2,501.0,69.3,HIGH
164.5,350.4,79.5,38.6,226.0,90.3,CRITICAL
67.4,133.8,37.1,25.7,2939.0,45.0,MEDIUM
128.4,158.9,33.5,39.8,2034.0,50.2,MEDIUM
50.1,69.5,28.7,1.9,1099.0,22.3,LOW
82.3,158.1,54.3,18.8,1821.0,33.4,MEDIUM
62.4,109.2,47.0,18.4,1933.0,33.6,MEDIUM
55.1,88.8,54.2,25.1,712.0,32.5,MEDIUM
84.8,106.9,70.8,6.9,1009.0,41.2,MEDIUM
29.6,91.6,52.0,26.2,1732.0,32.7,MEDIUM
148.8,280.1,69.9,32.5,2551.0,60.2,HIGH
55.3,143.1,73.1,1.6,563.0,29.4,LOW
144.1,346.2,62.9,18.1,2603.0,65.8,HIGH
35.7,87.1,18.1,10.6,1905.0,22.0,LOW
55.1,148.8,41.7,58.3,1571.0,42.3,MEDIUM
29.6,93.0,53.7,7.8,603.0,30.4,MEDIUM
28.5,53.6,40.1,37.6,1740.0,45.4,MEDIUM
40.0,101.4,31.7,24.1,1190.0,35.6,MEDIUM
36.2,36.5,26.7,17.2,729.0,7.9,LOW
29.8,46.3,22.0,51.2,2664.0,37.8,MEDIUM
78.1,193.1,44.1,39.8,1490.0,49.0,MEDIUM
117.9,137.7,69.3,37.2,423.0,43.5,MEDIUM
122.3,280.2,70.3,5.6,1046.0,41.9,MEDIUM
14.6,33.0,56.2,15.5,708.0,30.0,LOW
62.1,116.4,36.8,16.6,2830.0,35.8,MEDIUM
57.3,141.6,57.1,26.1,881.0,41.1,MEDIUM
189.7,535.0,100.0,55.3,1618.0,100.0,CRITICAL
64.0,136.2,61.0,24.2,2287.0,51.2,MEDIUM
73.3,141.5,54.3,19.7,644.0,31.4,MEDIUM
20.8,64.2,51.4,4.3,1425.0,17.4,LOW
39.1,62.2,46.0,23.1,2029.0,31.6,MEDIUM
19.5,20.8,20.0,3.1,2669.0,5.7,LOW
81.9,136.4,59.2,21.9,2031.0,39.8,MEDIUM
193.7,428.6,93.1,58.1,424.0,100.0,CRITICAL
40.2,109.8,37.2,33.4,1100.0,30.7,MEDIUM
64.4,130.6,57.9,12.5,1183.0,40.7,MEDIUM
36.4,67.4,51.2,18.0,1287.0,34.5,MEDIUM
46.9,35.4,29.5,34.3,2837.0,34.4,MEDIUM
83.2,243.9,62.4,1.2,300.0,28.7,LOW
255.6,522.1,91.7,54.0,1046.0,100.0,CRITICAL
187.4,325.2,57.1,34.7,1579.0,58.5,MEDIUM
224.6,247.4,64.2,29.5,442.0,66.2,HIGH
144.9,346.9,91.5,43.0,1554.0,94.9,CRITICAL
63.7,132.2,43.0,12.0,500.0,35.7,MEDIUM
57.0,91.2,60.8,1.3,2546.0,31.3,MEDIUM
40.5,81.1,39.7,36.9,956.0,32.9,MEDIUM
62.9,134.7,47.8,9.6,1664.0,29.2,LOW
195.6,372.2,82.4,0.7,1931.0,63.4,HIGH
194.1,460.8,100.0,55.7,1056.0,100.0,CRITICAL
318.3,593.4,100.0,47.3,1184.0,100.0,CRITICAL
87.8,206.2,59.4,6.9,1629.0,41.0,MEDIUM
25.5,67.8,33.6,53.8,2455.0,43.3,MEDIUM
112.5,187.5,51.4,4.1,1468.0,40.1,MEDIUM
257.4,630.2,100.0,48.2,1575.0,100.0,CRITICAL
212.8,387.2,86.7,24.9,1868.0,74.1,HIGH
51.9,123.3,61.1,31.1,1391.0,47.2,MEDIUM
27.9,60.8,39.0,40.1,2233.0,30.0,LOW
27.2,10.6,38.2,5.9,214.0,14.0,LOW
42.7,101.6,47.3,54.5,1552.0,43.9,MEDIUM
48.3,65.8,56.7,8.6,2784.0,26.0,LOW
60.0,168.4,51.6,56.5,1925.0,41.5,MEDIUM
123.2,370.2,81.9,5.5,1562.0,50.3,MEDIUM
58.4,127.2,58.0,10.3,2362.0,26.0,LOW
79.5,123.2,44.7,3.5,1300.0,34.4,MEDIUM
18.1,35.2,41.3,23.9,1508.0,29.9,LOW
40.5,82.4,70.4,35.5,746.0,38.6,MEDIUM
38.9,55.9,26.6,37.5,548.0,23.2,LOW
15.1,37.3,54.0,49.7,271.0,44.0,MEDIUM
57.2,128.6,43.4,31.7,2248.0,45.0,MEDIUM
18.3,33.8,51.1,30.6,1511.0,29.2,LOW
54.0,79.3,50.1,19.6,2830.0,43.9,MEDIUM
84.2,219.1,70.1,39.1,695.0,56.8,MEDIUM
197.8,500.7,100.0,54.5,883.0,100.0,CRITICAL
37.2,72.0,37.8,21.3,1988.0,24.5,LOW
82.4,138.1,42.1,21.4,353.0,27.8,LOW
45.2,91.4,43.8,20.6,1610.0,23.5,LOW
17.2,31.4,32.5,13.6,546.0,30.9,MEDIUM
199.3,544.9,100.0,34.0,652.0,98.1,CRITICAL
87.0,217.5,45.7,6.3,1634.0,38.2,MEDIUM
108.4,246.1,67.2,50.1,1793.0,67.6,HIGH
221.1,305.2,90.9,8.3,794.0,69.6,HIGH
53.8,120.5,59.4,10.4,959.0,32.2,MEDIUM
24.3,55.7,38.6,4.1,996.0,17.6,LOW
36.7,48.8,68.1,22.9,597.0,37.7,MEDIUM
22.2,55.3,31.4,45.5,2904.0,31.8,MEDIUM
163.6,321.7,77.2,54.6,2138.0,91.0,CRITICAL
264.0,731.1,100.0,26.1,510.0,73.2,HIGH
83.5,182.8,52.6,14.1,1200.0,29.0,LOW
125.6,176.3,77.9,43.5,683.0,71.1,HIGH
149.1,320.6,73.7,41.3,856.0,76.3,HIGH
230.9,305.2,57.4,40.9,2831.0,78.1,HIGH
256.8,475.7,100.0,26.6,583.0,90.7,CRITICAL
11.4,43.2,41.1,33.9,2663.0,36.0,MEDIUM
46.3,69.7,50.4,3.7,2557.0,29.9,LOW
76.6,212.0,58.2,15.0,2282.0,39.0,MEDIUM
41.7,46.9,25.0,55.6,1591.0,37.2,MEDIUM
61.2,107.6,43.9,2.5,923.0,27.7,LOW
103.5,290.9,80.3,18.1,2527.0,72.1,HIGH
101.5,234.9,64.4,13.6,2535.0,48.3,MEDIUM
145.8,379.0,91.5,7.8,1671.0,68.9,HIGH
77.9,237.6,59.2,55.5,333.0,54.3,MEDIUM
5.2,0.0,35.1,7.6,740.0,9.6,LOW
57.2,104.9,45.7,29.4,357.0,41.8,MEDIUM
96.3,106.5,37.5,50.4,704.0,59.0,MEDIUM
153.0,257.4,70.3,0.2,1624.0,53.4,MEDIUM
138.2,236.4,60.8,6.5,2592.0,47.3,MEDIUM
70.0,161.4,61.6,20.5,2029.0,47.3,MEDIUM
43.8,119.8,58.4,8.9,1883.0,34.6,MEDIUM
72.6,177.7,62.7,11.0,2294.0,55.4,MEDIUM
13.5,17.9,13.1,35.5,1992.0,29.9,LOW
47.5,47.6,25.6,10.2,1442.0,16.3,LOW
172.5,481.0,94.5,38.3,2483.0,100.0,CRITICAL
72.4,118.2,38.2,54.9,1069.0,50.5,MEDIUM
99.3,134.0,43.6,13.8,2799.0,46.5,MEDIUM
21.2,52.5,49.0,12.7,525.0,26.1,LOW
152.3,222.0,71.7,0.7,1986.0,57.8,MEDIUM
67.3,143.3,46.4,0.9,1601.0,32.5,MEDIUM
96.9,258.3,75.8,23.8,1392.0,54.0,MEDIUM
112.6,344.5,85.6,29.3,1403.0,81.9,CRITICAL
148.5,216.0,62.0,11.0,318.0,48.6,MEDIUM
86.3,103.8,59.4,19.4,2304.0,46.0,MEDIUM
68.5,77.7,33.7,8.4,1187.0,27.1,LOW
26.2,53.4,38.6,40.9,1535.0,34.5,MEDIUM
19.3,14.0,19.5,23.6,2573.0,22.5,LOW
85.1,126.9,37.0,44.1,1816.0,48.9,MEDIUM
97.3,239.1,49.5,33.0,2584.0,44.2,MEDIUM
109.2,304.6,63.9,22.6,584.0,59.9,MEDIUM
37.4,90.7,44.6,37.6,989.0,40.2,MEDIUM
47.9,39.9,32.4,0.4,838.0,14.0,LOW
83.9,163.6,51.3,41.4,2682.0,57.8,MEDIUM
53.0,69.5,36.8,22.3,2388.0,30.8,MEDIUM
335.4,584.1,100.0,30.8,2535.0,100.0,CRITICAL
47.0,74.5,27.5,31.4,1792.0,35.9,MEDIUM
102.2,289.7,58.5,33.5,818.0,64.8,HIGH
135.4,295.1,64.1,42.1,1256.0,68.9,HIGH
141.2,194.8,58.4,6.6,1741.0,43.2,MEDIUM
52.2,136.9,56.7,29.3,253.0,37.7,MEDIUM
113.0,315.9,84.8,5.0,1991.0,60.4,HIGH
103.2,106.0,57.2,14.0,2594.0,46.3,MEDIUM
116.4,284.4,71.4,11.4,1112.0,57.7,MEDIUM
83.1,112.7,42.2,35.9,2103.0,48.8,MEDIUM
136.1,210.1,81.1,36.4,1554.0,85.9,CRITICAL
90.6,231.5,31.3,49.9,211.0,61.5,HIGH
23.3,26.5,34.7,31.3,995.0,20.3,LOW
88.6,207.6,66.3,44.7,1678.0,74.4,HIGH
96.4,99.5,67.4,53.3,2230.0,64.0,HIGH
129.5,311.6,56.8,8.0,1326.0,66.0,HIGH
85.1,200.0,55.0,43.3,721.0,47.6,MEDIUM
234.5,590.3,100.0,19.7,371.0,86.2,CRITICAL
70.4,181.0,35.6,16.7,2201.0,38.4,MEDIUM
50.1,134.4,47.7,57.8,1222.0,51.5,MEDIUM
187.8,340.8,91.1,12.4,2012.0,74.2,HIGH
68.9,132.2,64.3,54.9,821.0,54.1,MEDIUM
79.4,234.3,58.8,49.4,2313.0,64.1,HIGH
96.4,189.8,66.5,52.7,1164.0,58.7,MEDIUM
90.6,108.4,43.9,35.2,347.0,40.3,MEDIUM
115.8,296.1,81.1,35.1,1629.0,84.2,CRITICAL
124.3,167.4,69.0,24.2,2248.0,52.9,MEDIUM
46.4,80.8,39.8,24.1,2811.0,34.4,MEDIUM
28.4,67.9,53.1,51.0,2918.0,36.2,MEDIUM
31.6,84.6,28.1,23.3,1478.0,28.1,LOW
174.1,434.7,100.0,29.2,1913.0,92.2,CRITICAL
64.6,71.7,53.2,59.8,1760.0,48.1,MEDIUM
134.5,229.9,75.7,21.3,1694.0,52.6,MEDIUM
126.6,317.6,63.4,49.4,521.0,66.2,HIGH
79.4,125.7,46.4,16.6,2078.0,44.3,MEDIUM
36.9,72.5,44.5,1.5,2903.0,21.2,LOW
128.8,181.8,62.6,35.6,555.0,51.3,MEDIUM
77.3,115.9,48.8,28.8,1073.0,46.6,MEDIUM
26.7,62.7,56.6,47.2,416.0,46.0,MEDIUM
53.4,101.8,29.7,0.2,1328.0,23.8,LOW
17.7,31.9,31.9,4.2,1549.0,13.6,LOW
55.4,166.1,34.7,51.6,1202.0,41.1,MEDIUM
82.5,202.0,67.8,28.8,1534.0,49.9,MEDIUM
71.3,112.5,53.5,30.4,2448.0,45.6,MEDIUM
64.9,192.3,99.0,13.5,799.0,38.1,MEDIUM
81.8,122.8,60.7,55.6,2322.0,49.9,MEDIUM
110.9,230.6,68.6,54.9,2421.0,73.8,HIGH
142.0,364.3,87.7,31.0,1827.0,89.4,CRITICAL
155.2,382.9,83.6,13.1,1083.0,72.3,HIGH
42.1,89.4,45.0,59.0,2822.0,51.7,MEDIUM
165.6,282.6,75.7,53.5,1219.0,88.0,CRITICAL
77.4,156.2,29.8,31.3,340.0,36.5,MEDIUM
59.4,161.9,56.6,37.6,581.0,51.9,MEDIUM
32.5,78.1,42.9,26.4,2696.0,39.6,MEDIUM
105.5,216.2,83.5,12.4,620.0,56.1,MEDIUM
102.6,287.1,71.5,40.9,1453.0,64.1,HIGH
49.5,66.8,30.8,40.1,2138.0,40.0,MEDIUM
50.7,143.5,54.7,32.8,1806.0,42.8,MEDIUM
69.3,162.3,55.2,48.9,2029.0,53.4,MEDIUM
58.6,88.8,41.7,27.1,1177.0,31.9,MEDIUM
40.5,85.3,27.4,51.7,2054.0,39.3,MEDIUM
29.3,94.5,42.3,13.0,225.0,23.2,LOW
166.9,282.7,65.5,57.7,937.0,69.1,HIGH
53.1,134.2,47.5,12.3,546.0,35.3,MEDIUM
102.2,225.5,72.6,9.6,1475.0,39.6,MEDIUM
116.8,219.8,54.9,36.2,608.0,57.2,MEDIUM
105.9,196.4,56.8,5.6,1733.0,36.7,MEDIUM
121.2,257.4,75.1,10.1,706.0,45.9,MEDIUM
105.0,202.7,57.2,43.7,1360.0,54.0,MEDIUM
45.7,85.7,74.2,18.5,408.0,39.5,MEDIUM
61.2,92.4,46.9,48.0,1432.0,32.8,MEDIUM
163.9,474.0,86.2,9.3,2462.0,72.9,HIGH
51.9,64.9,29.7,23.1,1087.0,29.4,LOW
77.5,64.9,28.5,23.2,2178.0,29.0,LOW
111.2,254.5,58.3,28.8,1393.0,56.3,MEDIUM
204.7,245.6,73.3,24.6,856.0,61.0,HIGH
154.1,237.4,52.3,23.2,1050.0,55.4,MEDIUM
35.6,80.6,38.1,19.7,1047.0,20.6,LOW
99.9,186.9,71.7,0.9,2279.0,56.2,MEDIUM
91.8,178.9,50.6,37.0,763.0,55.0,MEDIUM
61.6,96.9,52.6,28.4,2938.0,44.5,MEDIUM
79.2,139.3,30.7,22.4,2125.0,32.4,MEDIUM
45.3,53.9,33.6,12.7,1323.0,23.1,LOW
68.3,228.4,53.6,53.5,2994.0,55.5,MEDIUM
52.3,79.3,45.5,14.3,805.0,30.6,MEDIUM
83.7,199.2,47.5,55.3,2336.0,58.3,MEDIUM
59.9,127.9,74.0,13.0,959.0,40.4,MEDIUM
215.0,460.2,79.4,58.3,1722.0,100.0,CRITICAL
85.7,259.4,82.5,25.2,352.0,53.0,MEDIUM
74.1,167.5,65.7,32.0,2570.0,54.5,MEDIUM
65.6,123.5,52.3,17.9,1225.0,33.2,MEDIUM
60.0,114.3,47.8,56.4,1837.0,41.8,MEDIUM
26.7,59.4,61.2,17.0,2796.0,44.9,MEDIUM
134.3,231.2,94.3,43.8,285.0,88.1,CRITICAL
188.0,313.5,74.5,1.2,2910.0,73.2,HIGH
51.6,74.0,43.0,33.5,1671.0,37.1,MEDIUM
163.3,261.0,62.5,44.5,2386.0,87.3,CRITICAL
333.2,900.0,100.0,28.3,1525.0,100.0,CRITICAL
257.9,662.2,100.0,38.6,2485.0,100.0,CRITICAL
182.5,266.5,73.0,46.1,2666.0,79.0,HIGH
29.9,45.0,17.4,30.0,1269.0,26.8,LOW
29.6,54.8,43.7,13.1,2223.0,26.6,LOW
120.8,239.6,69.3,23.8,2996.0,56.0,MEDIUM
78.1,129.3,42.2,43.8,2320.0,56.3,MEDIUM
10.6,6.1,22.9,16.3,2879.0,19.6,LOW
56.5,65.9,45.0,37.9,2263.0,47.9,MEDIUM
117.1,294.3,93.5,8.9,1124.0,62.4,HIGH
69.1,103.3,50.3,55.8,2516.0,59.6,MEDIUM
78.4,105.0,55.1,36.2,2066.0,51.3,MEDIUM
29.5,45.2,26.8,28.1,293.0,16.0,LOW
55.9,149.6,47.5,48.7,683.0,44.4,MEDIUM
121.2,303.0,82.7,47.8,932.0,85.6,CRITICAL
53.8,60.5,22.8,5.8,2282.0,22.6,LOW
172.1,395.6,91.8,18.4,2432.0,83.2,CRITICAL
79.7,220.9,69.1,27.5,2515.0,61.0,HIGH
105.2,218.9,62.4,20.4,388.0,47.1,MEDIUM
119.3,357.4,87.4,19.0,402.0,75.7,HIGH
116.0,333.9,80.8,21.1,1038.0,58.3,MEDIUM
34.7,72.5,33.4,8.5,2107.0,22.3,LOW
40.2,132.6,35.7,7.2,2558.0,21.4,LOW
10.3,14.9,31.2,15.6,2634.0,12.4,LOW
61.1,110.0,62.2,4.2,781.0,24.1,LOW
37.7,118.6,60.1,30.6,2349.0,49.2,MEDIUM
52.5,83.8,38.4,9.2,1994.0,32.5,MEDIUM
66.0,105.5,41.4,4.1,2795.0,25.1,LOW
87.4,133.0,44.7,50.2,2364.0,53.7,MEDIUM
69.9,98.7,39.5,35.3,1680.0,47.0,MEDIUM
68.9,216.1,65.9,53.9,2393.0,47.1,MEDIUM
99.5,145.8,64.6,59.0,1063.0,67.9,HIGH
75.9,147.0,79.2,35.6,2401.0,77.9,HIGH
141.0,291.9,63.8,47.8,2387.0,76.5,HIGH
76.0,108.2,54.0,9.6,2595.0,44.7,MEDIUM
205.6,557.8,100.0,41.9,879.0,95.7,CRITICAL
33.5,60.6,35.1,33.0,2577.0,34.1,MEDIUM
60.2,121.2,35.9,40.6,673.0,48.5,MEDIUM
46.0,93.7,47.4,6.3,2361.0,29.3,LOW
89.9,212.6,87.3,56.1,2804.0,87.1,CRITICAL
33.5,53.3,41.2,25.0,300.0,36.8,MEDIUM
21.4,30.0,25.1,46.5,1953.0,38.4,MEDIUM
39.2,87.5,41.2,59.4,2047.0,41.6,MEDIUM
22.9,84.1,28.9,52.4,2482.0,42.1,MEDIUM
66.7,173.5,56.2,18.7,488.0,28.8,LOW
87.3,172.6,64.1,24.1,2746.0,53.5,MEDIUM
18.4,50.4,29.2,38.9,2983.0,38.6,MEDIUM
57.4,185.0,18.7,32.3,2082.0,39.2,MEDIUM
153.9,362.9,87.8,24.6,1404.0,77.9,HIGH
184.1,385.2,81.8,39.2,1978.0,98.9,CRITICAL
127.8,323.3,69.5,54.6,353.0,68.7,HIGH
6.2,30.0,25.4,18.6,2308.0,32.2,MEDIUM
81.7,174.3,60.9,7.7,396.0,31.2,MEDIUM
165.9,423.9,88.7,40.5,1103.0,100.0,CRITICAL
53.0,111.7,57.9,35.4,590.0,50.4,MEDIUM
27.1,90.6,55.0,54.3,2233.0,50.5,MEDIUM
157.7,247.6,63.9,44.6,1864.0,68.3,HIGH
173.3,365.0,78.5,23.8,2158.0,74.7,HIGH
75.5,125.4,50.3,38.0,381.0,40.1,MEDIUM
27.4,43.0,34.7,51.7,1237.0,32.9,MEDIUM
16.2,33.7,14.0,20.8,1337.0,19.5,LOW
96.4,168.1,78.2,0.8,1887.0,38.1,MEDIUM
46.3,142.6,60.0,37.6,487.0,42.7,MEDIUM
72.0,88.9,37.8,1.6,2012.0,20.8,LOW
66.4,83.5,19.5,56.2,1305.0,43.5,MEDIUM
37.5,48.7,35.1,10.1,2737.0,35.1,MEDIUM
15.3,13.2,24.9,22.5,1459.0,34.6,MEDIUM
54.1,113.0,46.2,56.8,486.0,37.7,MEDIUM
84.0,173.0,30.0,4.8,490.0,23.3,LOW
86.9,215.0,56.6,0.3,912.0,35.8,MEDIUM
43.9,113.8,42.1,6.2,871.0,30.1,MEDIUM
171.0,211.1,59.4,59.2,2431.0,70.9,HIGH
29.9,53.2,35.2,58.3,2223.0,45.8,MEDIUM
145.8,183.5,58.1,23.1,415.0,56.2,MEDIUM
82.1,111.5,65.0,44.6,2584.0,46.8,MEDIUM
54.4,90.1,37.3,44.2,469.0,41.4,MEDIUM
105.4,263.8,58.6,6.0,2400.0,40.3,MEDIUM
63.4,173.0,35.2,14.1,513.0,28.4,LOW
21.2,68.4,34.1,53.3,1254.0,34.5,MEDIUM
28.0,50.2,20.7,9.9,2303.0,25.1,LOW
60.4,97.1,56.1,31.3,910.0,41.9,MEDIUM
48.9,93.6,42.9,14.6,517.0,26.0,LOW
143.6,203.6,71.8,33.5,2404.0,78.6,HIGH
47.2,104.9,63.3,11.8,2135.0,31.2,MEDIUM
44.9,44.1,26.2,12.9,2696.0,27.6,LOW
40.2,106.0,41.7,2.8,1996.0,29.9,LOW
37.4,113.1,62.9,59.4,407.0,47.3,MEDIUM
38.5,60.3,41.3,6.8,1988.0,20.1,LOW
24.3,7.0,37.3,24.9,2503.0,24.0,LOW
84.6,230.3,76.9,25.1,434.0,55.8,MEDIUM
67.5,127.8,59.9,18.2,580.0,45.0,MEDIUM
65.4,129.8,54.4,47.6,2097.0,52.1,MEDIUM
17.2,9.3,48.1,20.3,2416.0,21.3,LOW
99.1,181.9,56.5,37.5,1189.0,54.3,MEDIUM
106.2,280.2,78.3,32.6,2259.0,88.9,CRITICAL
199.1,493.3,100.0,51.8,669.0,100.0,CRITICAL
102.2,218.0,75.0,49.2,1443.0,62.8,HIGH
225.7,371.4,77.3,13.1,2294.0,75.5,HIGH
43.1,53.6,17.8,45.0,757.0,40.7,MEDIUM
206.2,454.6,100.0,47.6,1177.0,100.0,CRITICAL
104.5,158.1,41.5,55.2,1961.0,58.3,MEDIUM
95.5,129.5,36.0,57.8,1169.0,58.2,MEDIUM
64.2,125.8,64.1,44.2,2648.0,46.2,MEDIUM
54.3,120.4,59.7,27.0,2879.0,36.9,MEDIUM
45.8,124.3,44.5,17.6,1998.0,34.1,MEDIUM
210.8,531.3,73.2,51.9,2391.0,98.3,CRITICAL
62.6,178.3,63.1,54.9,2739.0,59.1,MEDIUM
105.8,272.5,78.8,5.9,2165.0,59.0,MEDIUM
122.2,304.9,81.9,33.3,2365.0,74.3,HIGH
121.1,119.1,53.5,7.8,425.0,41.1,MEDIUM
84.9,165.7,52.7,15.1,2507.0,26.7,LOW
203.7,303.0,70.5,23.0,969.0,77.9,HIGH
100.1,306.4,62.7,18.7,398.0,57.9,MEDIUM
44.9,126.2,40.6,43.0,1851.0,42.6,MEDIUM
56.3,100.1,48.9,4.7,835.0,14.0,LOW
18.2,10.0,35.6,36.8,424.0,27.8,LOW
91.6,235.8,74.9,34.9,1907.0,67.1,HIGH
112.0,148.5,35.4,47.2,476.0,53.6,MEDIUM
118.8,157.2,33.7,5.8,2684.0,50.2,MEDIUM
104.5,231.6,60.2,20.0,2914.0,51.3,MEDIUM
64.4,132.2,37.6,41.8,2267.0,59.4,MEDIUM
73.7,192.8,61.1,42.7,1005.0,42.2,MEDIUM
73.9,131.6,34.0,27.0,1775.0,35.3,MEDIUM
143.9,291.9,88.0,27.7,288.0,73.5,HIGH
11.7,27.5,24.3,57.9,1940.0,37.6,MEDIUM
51.4,47.6,56.3,19.6,939.0,26.5,LOW
31.5,111.2,53.0,9.0,1474.0,35.4,MEDIUM
258.4,446.1,84.3,57.2,701.0,100.0,CRITICAL
163.2,263.4,94.6,48.6,2962.0,98.2,CRITICAL
53.1,86.3,46.1,14.2,781.0,29.6,LOW
22.0,53.1,40.0,51.4,1367.0,31.9,MEDIUM
28.0,56.7,37.7,15.1,913.0,27.9,LOW
142.6,226.7,69.6,49.6,1716.0,66.7,HIGH
17.6,42.1,42.6,37.7,2735.0,41.7,MEDIUM
74.6,192.2,48.5,29.0,657.0,53.3,MEDIUM
127.3,253.9,65.5,55.7,594.0,63.3,HIGH
25.6,52.9,39.3,48.6,407.0,44.2,MEDIUM
74.0,95.9,51.4,7.8,1850.0,35.5,MEDIUM
53.8,120.0,55.2,42.3,1886.0,52.6,MEDIUM
48.5,121.0,50.1,47.4,2500.0,41.7,MEDIUM
42.1,63.0,32.8,32.5,2541.0,32.4,MEDIUM
134.5,178.4,49.5,16.6,485.0,42.1,MEDIUM
186.4,293.6,59.7,14.1,2749.0,72.0,HIGH
60.6,109.9,53.6,58.4,2522.0,49.6,MEDIUM
95.8,128.8,41.9,26.2,2012.0,48.6,MEDIUM
75.3,95.5,42.0,31.1,1172.0,40.6,MEDIUM
13.5,5.9,33.7,35.9,2288.0,29.4,LOW
58.7,117.7,47.7,6.0,1938.0,22.8,LOW
10.8,24.0,33.5,4.9,1189.0,4.2,LOW
50.3,86.1,32.1,11.9,237.0,22.2,LOW
72.5,167.5,58.4,3.9,1859.0,35.4,MEDIUM
120.4,205.8,57.1,53.9,1814.0,57.7,MEDIUM
89.8,230.8,63.6,8.9,633.0,43.6,MEDIUM
136.8,378.0,100.0,13.6,2738.0,82.2,CRITICAL
36.6,117.7,53.7,32.2,646.0,47.8,MEDIUM
171.1,248.6,60.4,53.8,1004.0,70.5,HIGH
186.5,316.2,75.6,2.9,1242.0,61.2,HIGH
10.2,25.1,53.0,13.0,2112.0,29.7,LOW
16.6,29.0,30.7,43.0,429.0,32.4,MEDIUM
71.2,51.5,38.2,31.2,2167.0,43.6,MEDIUM
47.4,43.0,44.4,35.7,1361.0,39.6,MEDIUM
53.5,97.7,47.2,1.0,712.0,25.3,LOW
89.2,215.6,57.9,52.0,514.0,52.2,MEDIUM
140.5,229.1,55.4,34.7,1355.0,62.5,HIGH
35.0,97.3,44.5,50.1,1449.0,29.1,LOW
156.4,391.5,96.6,57.8,584.0,98.7,CRITICAL
41.5,41.2,52.0,43.9,1551.0,30.6,MEDIUM
281.1,534.3,92.6,1.9,1607.0,78.8,HIGH
171.9,261.2,90.3,42.7,2947.0,89.9,CRITICAL
45.0,112.9,43.5,33.8,2197.0,48.8,MEDIUM
22.4,40.3,47.1,6.2,234.0,20.0,LOW
44.2,87.9,34.3,16.2,1535.0,28.4,LOW
39.3,91.9,24.4,10.1,260.0,22.4,LOW
110.4,172.3,40.1,55.5,1631.0,50.1,MEDIUM
10.5,0.0,26.0,47.7,1146.0,36.9,MEDIUM
16.8,15.9,38.7,42.1,2730.0,40.7,MEDIUM
108.2,278.3,72.1,45.8,1581.0,63.8,HIGH
37.9,99.6,41.9,36.1,2580.0,34.6,MEDIUM
50.9,96.9,57.9,51.3,1835.0,46.5,MEDIUM
126.9,162.5,54.4,13.7,1310.0,45.2,MEDIUM
144.7,185.9,61.2,15.0,843.0,43.9,MEDIUM
166.5,349.7,100.0,35.5,713.0,90.7,CRITICAL
119.7,266.7,69.9,48.6,2425.0,65.8,HIGH
62.7,139.9,42.6,50.1,2672.0,48.6,MEDIUM
58.8,92.2,49.6,58.6,1107.0,44.8,MEDIUM
53.6,98.7,53.6,45.7,1585.0,50.5,MEDIUM
25.7,72.2,44.4,14.0,1005.0,25.5,LOW
33.8,92.3,45.7,13.8,1475.0,31.0,MEDIUM
152.3,345.9,99.7,26.7,2635.0,77.9,HIGH
41.2,78.7,58.1,39.0,586.0,40.1,MEDIUM
25.9,49.2,36.0,30.8,1016.0,33.9,MEDIUM
160.8,327.8,71.4,4.0,2147.0,42.4,MEDIUM
85.4,144.0,56.8,28.9,1070.0,44.0,MEDIUM
213.8,295.6,66.6,49.0,427.0,74.5,HIGH
199.1,336.1,91.0,14.4,1248.0,72.6,HIGH
28.0,57.7,43.7,38.1,2094.0,34.3,MEDIUM
67.8,170.2,87.6,16.2,2955.0,53.4,MEDIUM
31.6,59.7,56.6,33.3,2698.0,45.0,MEDIUM
31.3,95.0,31.3,42.1,1773.0,29.6,LOW
52.4,101.6,39.0,12.4,2377.0,32.5,MEDIUM
112.6,224.9,40.8,44.4,1800.0,50.0,MEDIUM
113.1,334.7,54.6,40.6,1583.0,66.3,HIGH
103.6,150.3,53.9,18.8,678.0,40.0,MEDIUM
62.6,130.6,35.3,53.7,1018.0,39.4,MEDIUM
117.3,163.3,74.2,46.8,1466.0,53.5,MEDIUM
25.5,56.5,52.4,31.3,2960.0,37.2,MEDIUM
86.3,167.3,51.8,5.0,1904.0,30.3,MEDIUM
74.2,108.5,42.3,26.4,2846.0,32.9,MEDIUM
59.7,74.2,58.9,19.8,924.0,37.2,MEDIUM
88.8,228.6,84.9,15.7,393.0,55.5,MEDIUM
32.1,91.1,32.5,38.6,2939.0,40.7,MEDIUM
106.4,241.2,53.5,55.3,1123.0,50.8,MEDIUM
72.8,160.2,50.4,8.8,1699.0,35.2,MEDIUM
18.5,47.9,42.4,44.5,399.0,39.1,MEDIUM
71.6,168.5,49.1,37.3,2609.0,49.5,MEDIUM
47.8,55.0,43.7,40.0,202.0,39.4,MEDIUM
154.9,349.1,100.0,50.7,2737.0,97.5,CRITICAL
27.3,59.6,22.1,22.5,663.0,20.1,LOW
28.2,16.0,27.0,34.8,714.0,23.7,LOW
97.0,216.9,45.9,16.6,2512.0,49.4,MEDIUM
64.5,122.5,38.3,17.1,1281.0,37.1,MEDIUM
62.2,164.6,51.2,30.8,917.0,39.6,MEDIUM
282.1,730.1,100.0,0.4,1870.0,83.3,CRITICAL
115.3,191.8,65.0,14.9,912.0,39.1,MEDIUM
56.2,131.6,51.5,9.1,1002.0,30.4,MEDIUM
16.2,11.5,35.3,7.2,328.0,6.6,LOW
53.8,126.8,45.3,23.1,1710.0,30.4,MEDIUM
24.7,31.1,32.1,6.3,562.0,7.8,LOW
34.0,53.6,33.8,9.3,2544.0,20.4,LOW
35.0,114.1,44.1,40.1,2303.0,46.5,MEDIUM
146.7,204.2,65.7,39.1,999.0,63.1,HIGH
20.1,58.9,15.8,56.7,1695.0,28.7,LOW
136.9,284.8,76.2,55.2,1817.0,86.5,CRITICAL
100.2,136.1,40.0,52.4,2066.0,40.8,MEDIUM
99.1,249.6,63.4,41.5,1373.0,63.6,HIGH
32.8,104.3,26.9,16.0,2027.0,12.9,LOW
124.7,343.8,77.3,10.7,674.0,51.4,MEDIUM
29.5,108.6,49.6,57.0,1519.0,43.1,MEDIUM
188.5,251.3,73.2,57.6,463.0,77.1,HIGH
149.0,232.7,50.7,30.3,2835.0,62.2,HIGH
210.2,318.6,82.7,32.9,1324.0,93.7,CRITICAL
74.5,128.6,63.0,0.3,1929.0,43.6,MEDIUM
64.5,97.5,38.7,8.9,1571.0,41.3,MEDIUM
52.6,93.8,44.1,32.8,275.0,36.5,MEDIUM
278.2,688.0,100.0,10.9,376.0,79.4,HIGH
111.9,115.4,36.5,28.7,941.0,42.3,MEDIUM
25.0,57.8,41.9,47.7,2090.0,36.6,MEDIUM
174.2,315.8,88.8,48.0,1996.0,99.7,CRITICAL
62.6,67.7,33.0,51.7,726.0,48.1,MEDIUM
4.2,23.3,65.5,14.1,1568.0,12.1,LOW
39.2,35.3,39.1,25.9,1228.0,29.1,LOW
148.9,307.7,60.9,37.6,1792.0,76.9,HIGH
100.4,138.2,66.2,34.9,1137.0,55.5,MEDIUM
114.8,306.4,60.9,59.9,2709.0,70.6,HIGH
173.1,423.1,97.4,16.6,1523.0,65.4,HIGH
13.4,47.1,25.9,4.3,1394.0,18.8,LOW
39.6,78.3,25.4,23.3,2169.0,35.5,MEDIUM
75.8,178.2,68.3,31.1,2386.0,54.3,MEDIUM
151.9,162.1,51.2,23.2,1425.0,49.0,MEDIUM
29.3,46.7,57.7,19.2,505.0,31.9,MEDIUM
56.0,98.9,32.6,15.4,438.0,20.7,LOW
72.2,143.9,32.9,25.6,1115.0,30.1,MEDIUM
38.0,28.0,28.4,41.4,2251.0,41.0,MEDIUM
71.6,187.2,92.8,8.9,2030.0,54.9,MEDIUM
64.2,180.1,67.0,51.9,1006.0,49.9,MEDIUM
46.8,150.5,59.2,38.5,212.0,37.3,MEDIUM
124.5,364.5,91.7,6.4,1999.0,55.9,MEDIUM
109.3,126.1,43.1,1.4,1780.0,35.9,MEDIUM
128.3,294.6,100.0,3.1,2363.0,53.4,MEDIUM
136.2,232.8,70.4,5.4,2121.0,59.7,MEDIUM
17.8,15.4,36.7,38.6,891.0,27.9,LOW
19.9,31.9,46.6,56.5,2252.0,42.3,MEDIUM
117.2,291.2,58.4,8.0,1562.0,44.2,MEDIUM
50.4,103.2,34.9,17.1,1809.0,34.3,MEDIUM
45.4,65.6,36.9,52.0,1200.0,44.1,MEDIUM
39.9,140.8,63.0,30.3,2414.0,35.0,MEDIUM
131.4,350.6,67.0,25.6,749.0,57.0,MEDIUM
266.7,465.2,99.0,28.4,773.0,100.0,CRITICAL
135.7,266.6,67.5,6.1,865.0,46.9,MEDIUM
48.6,113.3,28.1,13.2,2411.0,34.1,MEDIUM
126.8,260.5,63.0,57.7,2239.0,64.3,HIGH
19.3,20.7,39.6,38.6,955.0,36.3,MEDIUM
60.8,106.7,28.2,17.2,603.0,30.8,MEDIUM
13.4,28.5,51.2,56.8,279.0,35.1,MEDIUM
50.5,120.0,53.6,23.8,2115.0,44.4,MEDIUM
82.1,157.9,57.8,8.5,1709.0,29.7,LOW
299.2,519.2,100.0,57.9,2166.0,100.0,CRITICAL
160.3,262.9,56.3,40.0,2183.0,63.8,HIGH
13.7,11.0,23.9,45.2,2565.0,32.6,MEDIUM
15.2,27.7,38.5,1.4,1365.0,13.0,LOW
38.2,57.3,30.8,17.0,2516.0,28.1,LOW
227.8,344.6,83.9,56.7,1420.0,100.0,CRITICAL
14.4,32.3,24.1,9.3,2182.0,18.5,LOW
40.1,60.6,44.5,52.4,1743.0,43.4,MEDIUM
40.0,87.8,49.5,46.2,2780.0,49.8,MEDIUM
96.9,130.9,30.1,22.7,1236.0,30.6,MEDIUM
129.1,319.4,78.7,53.2,2132.0,92.3,CRITICAL
110.1,182.0,39.0,55.4,1875.0,46.6,MEDIUM
87.3,168.6,33.0,52.0,2996.0,35.1,MEDIUM
18.5,46.2,29.8,24.4,416.0,34.8,MEDIUM
77.5,203.7,94.1,35.2,1875.0,70.8,HIGH
176.4,331.0,88.9,18.4,851.0,66.3,HIGH
216.8,392.1,100.0,7.8,2676.0,67.5,HIGH
95.0,274.9,78.5,54.1,2425.0,80.7,CRITICAL
13.9,30.0,37.0,58.9,2053.0,37.6,MEDIUM
96.2,222.0,74.1,3.5,1545.0,46.4,MEDIUM
64.1,141.6,43.6,41.3,2108.0,40.5,MEDIUM
16.4,61.4,44.9,57.0,1752.0,36.5,MEDIUM
27.8,82.1,56.4,36.5,1004.0,41.2,MEDIUM
32.8,48.5,45.7,2.8,2494.0,25.5,LOW
117.5,305.1,90.7,0.9,1635.0,55.1,MEDIUM
210.7,500.0,100.0,30.2,920.0,100.0,CRITICAL
105.1,205.9,81.2,56.4,2060.0,81.2,CRITICAL
120.1,210.4,59.1,16.7,252.0,55.4,MEDIUM
67.6,90.2,68.9,21.0,2216.0,42.0,MEDIUM
44.8,108.2,53.1,47.8,1517.0,50.6,MEDIUM
107.2,262.1,64.7,48.1,1976.0,69.5,HIGH
88.1,138.6,36.6,56.6,640.0,37.7,MEDIUM
35.6,68.5,30.6,50.3,2211.0,42.2,MEDIUM
83.8,121.7,36.7,35.6,2225.0,41.9,MEDIUM
71.1,143.9,50.5,56.3,2276.0,46.5,MEDIUM
55.6,120.0,32.7,36.9,1508.0,37.1,MEDIUM
43.5,99.9,60.5,36.1,1993.0,45.9,MEDIUM
94.9,115.2,48.6,0.9,1738.0,24.0,LOW
45.9,64.2,40.5,27.3,853.0,32.5,MEDIUM
267.0,395.8,75.4,2.6,264.0,64.5,HIGH
102.6,234.2,55.9,53.9,1358.0,66.0,HIGH
96.1,236.5,38.8,0.6,2482.0,33.7,MEDIUM
62.1,175.5,75.7,18.4,1102.0,51.6,MEDIUM
51.7,74.9,24.2,59.7,2297.0,43.0,MEDIUM
10.5,51.6,21.6,47.7,1991.0,32.5,MEDIUM
37.7,19.2,49.8,45.5,1189.0,48.0,MEDIUM
13.5,11.5,36.4,42.8,202.0,41.9,MEDIUM
13.3,32.6,36.3,3.1,1407.0,14.8,LOW
23.9,44.9,40.8,17.3,1300.0,20.8,LOW
164.1,331.7,91.2,47.9,588.0,96.7,CRITICAL
163.5,390.8,89.8,53.7,2492.0,91.8,CRITICAL
38.5,49.9,19.0,21.0,2875.0,18.5,LOW
18.0,13.9,40.9,15.6,539.0,28.5,LOW
49.8,103.3,50.6,14.2,847.0,34.5,MEDIUM
116.7,136.7,64.6,32.9,1971.0,50.8,MEDIUM
141.7,229.5,49.4,17.5,2862.0,72.5,HIGH
82.9,208.5,52.5,1.3,2815.0,30.1,MEDIUM
94.1,260.9,73.8,23.4,2808.0,60.9,HIGH
87.5,178.4,45.4,33.2,1432.0,43.0,MEDIUM
14.6,0.0,5.0,38.1,2961.0,35.8,MEDIUM
19.9,26.8,36.4,20.6,1221.0,20.9,LOW
216.5,379.6,97.7,18.8,443.0,76.1,HIGH
82.6,223.1,61.9,17.0,2172.0,36.6,MEDIUM
7.6,28.7,40.9,37.4,1757.0,44.8,MEDIUM
98.2,190.5,63.4,17.0,2438.0,45.6,MEDIUM
31.4,85.0,42.9,55.0,1939.0,45.0,MEDIUM
149.7,297.7,76.3,16.9,2498.0,63.9,HIGH
138.8,284.3,88.8,47.5,1163.0,86.2,CRITICAL
112.1,279.8,60.4,19.2,1006.0,38.3,MEDIUM
81.9,137.3,59.9,38.1,2320.0,51.8,MEDIUM
175.0,286.2,58.8,41.9,1594.0,69.9,HIGH
187.1,487.5,93.6,10.5,702.0,75.9,HIGH
32.1,69.7,54.8,22.8,1250.0,46.0,MEDIUM
111.2,173.6,41.5,7.7,2442.0,44.6,MEDIUM
43.9,45.1,33.9,30.6,2787.0,40.0,MEDIUM
28.0,61.8,67.6,54.6,2329.0,46.0,MEDIUM
187.0,363.2,96.8,35.8,2211.0,91.6,CRITICAL
124.2,249.2,58.5,42.1,2473.0,63.5,HIGH
87.1,123.4,41.7,17.0,761.0,31.4,MEDIUM
35.0,42.9,34.4,28.1,1823.0,30.7,MEDIUM
190.7,463.1,100.0,44.4,1864.0,100.0,CRITICAL
30.9,50.7,25.6,7.9,2849.0,11.1,LOW
24.8,54.9,25.5,7.3,243.0,22.8,LOW
71.3,196.2,68.0,13.5,2917.0,44.7,MEDIUM
116.6,291.9,53.6,14.2,2233.0,49.7,MEDIUM
54.0,106.0,35.0,57.7,263.0,33.7,MEDIUM
80.9,149.2,51.4,9.5,1653.0,34.3,MEDIUM
43.7,55.9,38.0,6.3,395.0,15.5,LOW
48.0,81.9,25.9,8.3,1890.0,16.4,LOW
233.0,609.5,100.0,12.2,1465.0,84.0,CRITICAL
66.1,107.8,52.8,22.1,2363.0,38.2,MEDIUM
182.6,475.0,93.3,11.8,1822.0,80.4,CRITICAL
12.8,21.7,53.2,5.3,2402.0,20.9,LOW
151.8,343.1,85.5,8.2,1233.0,62.3,HIGH
36.6,70.1,28.5,47.4,2599.0,40.4,MEDIUM
126.3,204.9,80.2,31.2,2626.0,81.6,CRITICAL
36.3,88.5,37.0,44.8,2035.0,36.5,MEDIUM
51.0,125.0,50.9,10.6,938.0,36.2,MEDIUM
27.2,52.2,32.0,18.3,2976.0,19.9,LOW
128.0,324.9,86.2,58.9,2490.0,92.2,CRITICAL
142.4,370.0,79.7,5.1,2585.0,54.2,MEDIUM
37.6,83.1,37.4,26.3,232.0,28.8,LOW
16.8,43.0,34.5,17.7,2513.0,30.9,MEDIUM
180.8,250.3,61.5,0.4,810.0,54.7,MEDIUM
41.7,48.3,50.1,33.1,1623.0,44.2,MEDIUM
63.4,121.4,33.1,33.0,2172.0,38.9,MEDIUM
31.9,99.0,44.4,19.2,1349.0,35.8,MEDIUM
119.4,243.1,67.5,28.3,882.0,52.7,MEDIUM
121.5,293.1,72.5,23.5,1601.0,57.1,MEDIUM
201.4,533.6,100.0,27.9,1039.0,100.0,CRITICAL
154.8,253.4,50.0,50.9,1923.0,72.5,HIGH
147.5,372.2,92.6,42.8,507.0,89.4,CRITICAL
68.1,136.4,35.5,16.8,1343.0,37.6,MEDIUM
61.7,82.9,36.3,14.4,1856.0,32.1,MEDIUM
118.2,216.1,46.2,43.5,2973.0,62.7,HIGH
65.2,153.8,49.1,13.5,1587.0,31.1,MEDIUM
158.5,298.3,67.8,54.5,1392.0,70.7,HIGH
30.0,83.5,62.2,50.0,2970.0,47.4,MEDIUM
12.5,20.8,36.0,15.2,2791.0,25.3,LOW
108.5,180.0,62.3,48.1,2084.0,56.8,MEDIUM
46.3,111.1,33.4,11.5,1725.0,19.7,LOW
25.9,63.9,48.5,1.5,959.0,7.6,LOW
287.3,749.7,100.0,57.7,1947.0,100.0,CRITICAL
73.2,139.2,61.3,45.7,2535.0,61.5,HIGH
20.4,53.3,22.2,29.3,2948.0,16.5,LOW
41.7,100.3,39.5,50.6,679.0,40.9,MEDIUM
57.6,150.5,53.9,4.5,967.0,28.6,LOW
106.9,171.2,48.8,44.4,2676.0,65.6,HIGH
41.9,30.0,64.9,57.4,2611.0,46.9,MEDIUM
64.2,190.1,52.7,49.1,2207.0,57.1,MEDIUM
89.3,195.2,58.8,25.9,490.0,44.1,MEDIUM
102.0,239.6,58.7,20.8,2178.0,47.6,MEDIUM
68.0,101.3,48.0,53.5,1513.0,52.7,MEDIUM
230.5,537.0,100.0,17.5,1240.0,91.4,CRITICAL
120.3,168.1,56.6,56.2,902.0,51.0,MEDIUM
115.6,208.6,58.7,19.2,1090.0,56.0,MEDIUM
112.6,136.9,37.7,7.5,1700.0,30.9,MEDIUM
159.3,184.0,72.1,14.2,653.0,40.2,MEDIUM
84.9,108.2,44.5,31.2,1626.0,44.0,MEDIUM
29.6,81.8,40.0,7.9,335.0,23.9,LOW
98.5,174.1,28.1,22.8,1350.0,30.8,MEDIUM
107.8,265.6,68.3,54.4,2888.0,55.5,MEDIUM
176.6,483.0,97.6,5.6,2269.0,71.8,HIGH
26.8,49.1,15.5,36.9,392.0,22.3,LOW
33.4,104.3,57.5,24.2,2126.0,46.2,MEDIUM
75.0,144.2,45.2,38.8,749.0,45.7,MEDIUM
114.9,272.2,93.6,29.4,1528.0,85.2,CRITICAL
22.3,42.6,53.4,52.6,1024.0,41.0,MEDIUM
27.5,51.5,29.1,24.1,2816.0,38.2,MEDIUM
134.9,235.8,81.8,30.5,352.0,71.6,HIGH
23.2,30.7,53.9,7.8,2667.0,25.8,LOW
33.8,46.5,30.3,29.4,2164.0,21.9,LOW
140.9,373.1,73.6,6.9,1216.0,62.5,HIGH
113.7,169.7,29.6,35.0,2663.0,56.9,MEDIUM
42.3,88.2,47.8,25.6,1338.0,40.2,MEDIUM
104.5,238.9,54.2,47.0,2155.0,60.8,HIGH
90.4,102.1,50.2,25.1,2406.0,36.0,MEDIUM
65.9,117.0,40.7,37.8,1002.0,41.7,MEDIUM
52.9,107.7,36.8,3.5,402.0,18.5,LOW
101.5,241.8,59.5,42.6,2631.0,67.9,HIGH
25.3,59.1,23.3,57.4,848.0,30.3,MEDIUM
100.6,153.1,46.2,26.9,2809.0,45.7,MEDIUM
84.2,168.8,46.5,0.6,1082.0,44.9,MEDIUM
88.8,108.5,46.1,36.2,1362.0,51.3,MEDIUM
32.5,67.6,41.4,8.7,1405.0,30.3,MEDIUM
179.6,436.5,82.6,28.1,1510.0,89.8,CRITICAL
42.4,105.1,59.0,1.9,2896.0,24.0,LOW
48.4,120.4,46.1,26.6,886.0,42.5,MEDIUM
63.9,66.3,58.0,52.5,1903.0,58.5,MEDIUM
113.5,184.4,60.6,8.1,1024.0,35.5,MEDIUM
86.8,218.2,63.6,29.9,567.0,47.2,MEDIUM
16.1,0.0,24.1,15.2,1009.0,11.1,LOW
72.4,86.7,50.4,15.7,1747.0,39.1,MEDIUM
77.1,123.6,48.9,38.6,1900.0,55.0,MEDIUM
182.6,466.8,100.0,44.9,938.0,100.0,CRITICAL
56.8,120.5,67.3,52.4,2964.0,52.2,MEDIUM
106.6,309.5,67.7,16.7,1216.0,41.6,MEDIUM
375.7,694.5,100.0,4.2,2530.0,76.2,HIGH
161.8,252.9,75.0,26.5,298.0,71.8,HIGH
30.8,54.7,43.7,35.1,2147.0,40.1,MEDIUM
124.4,339.6,75.7,44.4,1050.0,91.5,CRITICAL
101.0,160.3,49.1,45.4,1703.0,53.5,MEDIUM
55.3,157.7,46.7,51.8,2542.0,48.9,MEDIUM
125.5,245.3,59.5,1.9,2230.0,47.1,MEDIUM
30.4,88.4,33.2,58.9,1207.0,40.0,MEDIUM
43.2,108.2,45.0,58.0,2251.0,54.2,MEDIUM
64.4,90.0,34.4,2.1,1359.0,20.3,LOW
53.2,119.9,53.2,18.8,378.0,33.1,MEDIUM
116.0,183.3,58.2,45.9,2064.0,57.0,MEDIUM
70.8,179.2,58.9,28.7,2823.0,37.5,MEDIUM
48.9,104.9,42.5,0.3,434.0,27.4,LOW
159.9,346.4,82.8,21.3,2125.0,80.4,CRITICAL
113.0,175.9,53.4,34.7,2551.0,60.8,HIGH
19.6,29.0,43.7,52.8,1871.0,39.7,MEDIUM
19.2,42.3,31.0,49.8,1559.0,46.1,MEDIUM
49.2,120.3,52.6,56.8,864.0,48.7,MEDIUM
22.1,84.4,27.0,28.1,743.0,31.4,MEDIUM
142.8,268.1,78.8,47.9,1310.0,88.0,CRITICAL
45.0,59.0,32.1,6.0,1996.0,24.8,LOW
106.5,245.2,55.8,31.1,1081.0,53.1,MEDIUM
123.2,156.7,39.8,55.0,1568.0,60.9,HIGH
10.6,23.9,19.0,50.3,1880.0,24.2,LOW
46.7,91.1,37.9,39.3,788.0,40.6,MEDIUM
62.1,89.7,61.4,9.0,2276.0,30.8,MEDIUM
89.7,178.6,49.1,10.9,1960.0,43.3,MEDIUM
137.3,328.2,52.7,40.7,1857.0,81.0,CRITICAL
295.7,751.6,100.0,19.5,1539.0,90.7,CRITICAL
215.5,599.0,100.0,19.8,1221.0,92.3,CRITICAL
70.2,92.2,53.6,50.9,1737.0,55.3,MEDIUM
69.6,163.4,49.5,1.2,2344.0,19.6,LOW
200.6,273.6,67.8,23.6,2177.0,69.2,HIGH
73.2,107.5,60.5,14.3,2266.0,42.9,MEDIUM
45.8,133.0,57.4,1.6,786.0,15.2,LOW
144.4,279.5,57.0,13.0,2383.0,53.9,MEDIUM
92.9,223.4,50.3,11.1,1139.0,40.5,MEDIUM
18.9,15.4,10.9,30.3,853.0,13.2,LOW
57.2,95.3,75.5,26.1,540.0,36.8,MEDIUM
22.8,22.7,23.0,28.3,2525.0,35.4,MEDIUM
4.2,0.0,44.0,52.7,1945.0,13.8,LOW
235.5,405.6,84.5,29.7,2556.0,100.0,CRITICAL
80.5,112.5,33.9,38.3,1772.0,51.3,MEDIUM
59.0,95.0,44.5,38.8,2609.0,45.1,MEDIUM
48.9,115.2,43.4,31.0,1758.0,47.7,MEDIUM
74.3,118.0,57.3,18.3,2008.0,38.6,MEDIUM
48.4,108.8,56.1,54.2,358.0,39.7,MEDIUM
31.4,52.1,30.7,26.3,2075.0,29.7,LOW
50.8,90.6,26.3,34.3,1874.0,33.6,MEDIUM
187.6,366.5,70.6,33.5,878.0,70.7,HIGH
142.1,327.6,51.7,49.7,516.0,64.8,HIGH
50.9,129.6,46.2,32.1,1172.0,35.1,MEDIUM
251.4,364.4,84.5,27.4,369.0,88.0,CRITICAL
69.5,175.0,42.5,27.6,1882.0,36.2,MEDIUM
38.0,48.6,22.1,46.8,1729.0,38.4,MEDIUM
96.0,173.6,55.8,19.8,2770.0,41.8,MEDIUM
207.7,441.3,88.6,56.1,1649.0,98.7,CRITICAL
181.6,265.7,67.3,50.8,2243.0,70.2,HIGH
39.7,55.9,34.0,8.3,2059.0,25.1,LOW
25.8,0.0,33.0,19.0,2159.0,28.5,LOW
54.7,64.6,32.9,54.3,1078.0,44.6,MEDIUM
107.9,206.4,55.1,16.7,1363.0,47.9,MEDIUM
129.3,167.7,32.6,19.1,535.0,44.7,MEDIUM
164.5,458.7,98.2,13.0,2021.0,74.7,HIGH
83.9,226.2,65.0,3.3,1047.0,42.6,MEDIUM
85.9,167.8,53.0,28.7,1737.0,50.4,MEDIUM
81.6,136.5,73.4,45.3,2780.0,55.6,MEDIUM
150.2,298.3,76.7,39.6,2112.0,81.9,CRITICAL
130.9,337.6,78.8,1.7,949.0,61.4,HIGH
38.4,102.9,51.4,31.4,1641.0,40.0,MEDIUM
119.9,181.6,82.6,19.8,1886.0,63.0,HIGH
143.6,399.4,92.9,38.5,2580.0,89.3,CRITICAL
151.5,308.3,49.6,24.3,2423.0,58.6,MEDIUM
93.0,159.8,59.2,58.8,1083.0,47.4,MEDIUM
89.3,236.0,54.8,49.7,2775.0,64.2,HIGH
71.9,192.1,35.7,42.0,613.0,42.1,MEDIUM
77.7,162.7,74.8,30.9,973.0,47.8,MEDIUM
226.3,417.4,100.0,35.5,295.0,100.0,CRITICAL
79.7,133.1,39.1,26.5,1072.0,43.5,MEDIUM
41.2,86.7,32.2,47.7,1359.0,43.5,MEDIUM
94.4,178.2,58.7,54.5,876.0,48.8,MEDIUM
127.5,225.2,53.2,59.9,235.0,48.5,MEDIUM
147.3,316.7,75.9,35.9,229.0,88.5,CRITICAL
31.0,83.2,33.9,40.9,2787.0,25.8,LOW
196.2,536.5,100.0,24.0,2257.0,83.9,CRITICAL
124.2,281.8,55.4,0.5,2156.0,41.6,MEDIUM
188.8,287.4,83.0,42.2,2400.0,91.0,CRITICAL
21.3,13.9,46.5,56.0,2144.0,36.6,MEDIUM
155.5,320.6,76.9,51.6,372.0,82.1,CRITICAL
29.7,26.8,33.6,52.7,2792.0,31.2,MEDIUM
60.0,46.6,44.5,24.1,1401.0,35.9,MEDIUM
127.0,301.7,75.3,42.8,1470.0,91.3,CRITICAL
27.1,36.1,56.2,38.3,2682.0,30.8,MEDIUM
48.1,39.4,20.1,32.5,773.0,29.8,LOW
20.9,41.4,46.5,9.1,1076.0,25.2,LOW
124.7,314.9,75.9,34.5,2594.0,86.6,CRITICAL
37.9,89.1,29.9,17.9,1655.0,25.9,LOW
75.9,107.8,73.1,42.2,1376.0,50.6,MEDIUM
101.1,154.9,81.9,56.7,2873.0,85.0,CRITICAL
93.7,237.1,63.1,43.7,2688.0,64.4,HIGH
87.6,122.0,53.6,15.6,2685.0,30.8,MEDIUM
87.4,172.9,50.3,27.9,794.0,43.6,MEDIUM
22.3,62.8,35.7,33.9,2563.0,34.9,MEDIUM
62.6,154.3,39.6,43.6,2039.0,41.4,MEDIUM
86.9,104.7,30.3,8.9,2136.0,30.3,MEDIUM
80.0,212.0,83.9,31.5,334.0,72.4,HIGH
68.4,133.8,49.6,51.6,1756.0,45.4,MEDIUM
42.5,36.9,36.1,1.7,812.0,19.6,LOW
92.2,118.8,38.1,43.7,2796.0,45.3,MEDIUM
104.9,225.7,66.1,52.8,1773.0,55.8,MEDIUM
53.5,50.4,19.5,47.7,1929.0,41.6,MEDIUM
148.0,371.3,76.4,55.9,881.0,97.5,CRITICAL
198.9,492.6,89.5,47.0,1380.0,99.6,CRITICAL
77.1,90.9,59.1,31.1,1682.0,51.6,MEDIUM
39.2,106.8,26.2,28.6,2474.0,33.7,MEDIUM
26.7,26.0,19.7,1.9,1912.0,0.9,LOW
59.3,63.3,14.9,1.1,517.0,6.7,LOW
72.9,180.5,46.4,38.4,1462.0,52.1,MEDIUM
25.4,75.6,35.8,16.5,1027.0,14.7,LOW
57.9,132.8,61.6,18.4,1709.0,36.3,MEDIUM
142.7,264.6,67.0,48.4,1516.0,69.1,HIGH
8.7,35.3,30.4,6.7,263.0,15.8,LOW
80.7,181.9,60.9,17.0,781.0,43.3,MEDIUM
47.8,90.7,38.3,41.1,2048.0,51.4,MEDIUM
74.6,123.9,77.5,1.8,1724.0,33.7,MEDIUM
206.0,407.2,84.0,31.2,349.0,94.9,CRITICAL
72.0,150.7,57.6,5.1,1873.0,38.8,MEDIUM
64.2,99.1,54.8,45.7,1609.0,53.7,MEDIUM
119.2,200.7,52.7,38.1,621.0,61.4,HIGH
93.1,264.1,71.6,36.5,205.0,54.8,MEDIUM
81.0,209.5,55.4,13.3,1139.0,45.0,MEDIUM
95.5,161.7,57.5,43.5,2383.0,52.4,MEDIUM
169.6,319.0,79.1,18.1,572.0,63.8,HIGH
136.5,194.8,57.5,34.2,2844.0,64.0,HIGH
60.9,88.8,29.5,5.5,1719.0,30.7,MEDIUM
198.8,437.1,100.0,5.8,2324.0,80.2,CRITICAL
50.3,46.5,44.0,11.6,2935.0,30.4,MEDIUM
80.7,246.8,48.0,13.0,935.0,39.6,MEDIUM
87.7,132.9,44.9,7.6,1832.0,38.6,MEDIUM
58.6,91.2,24.8,7.1,1154.0,36.1,MEDIUM
184.8,497.8,100.0,52.7,437.0,100.0,CRITICAL
56.3,112.8,46.7,33.3,2422.0,45.8,MEDIUM
67.7,104.6,45.7,37.3,234.0,33.2,MEDIUM
150.3,202.0,50.2,17.3,2633.0,48.7,MEDIUM
51.8,63.3,35.7,3.3,2425.0,22.9,LOW
24.4,41.0,45.6,58.1,1988.0,45.7,MEDIUM
82.4,223.6,76.2,3.2,1855.0,38.6,MEDIUM
31.7,65.2,49.9,49.4,2568.0,48.3,MEDIUM
28.6,62.7,20.8,39.9,356.0,30.2,MEDIUM
8.9,13.7,29.8,24.5,2262.0,26.7,LOW
10.5,50.0,40.5,44.8,705.0,33.1,MEDIUM
11.5,25.4,25.0,45.9,257.0,25.2,LOW
216.3,456.7,78.6,52.7,1074.0,98.3,CRITICAL
11.4,14.8,16.8,32.7,1116.0,26.4,LOW
31.0,74.4,59.2,12.8,739.0,28.2,LOW
68.6,74.4,26.9,34.4,2190.0,32.1,MEDIUM
115.5,309.2,77.0,6.0,1765.0,54.7,MEDIUM
123.9,204.2,58.8,22.6,2776.0,75.3,HIGH
39.2,123.6,46.7,36.6,2333.0,41.7,MEDIUM
79.6,101.4,41.4,15.1,2513.0,46.9,MEDIUM
67.1,113.5,56.5,51.9,2727.0,37.3,MEDIUM
76.3,95.8,44.8,58.6,2458.0,48.7,MEDIUM
84.0,138.8,43.3,4.6,531.0,36.1,MEDIUM
100.8,99.8,45.6,12.4,719.0,35.7,MEDIUM
47.1,73.5,25.7,28.4,1325.0,26.9,LOW
56.7,97.3,50.3,2.3,1130.0,26.9,LOW
287.4,534.1,100.0,5.6,2679.0,88.4,CRITICAL
49.5,106.7,38.5,54.0,1668.0,56.6,MEDIUM
80.7,199.4,66.1,2.7,2653.0,48.1,MEDIUM
67.5,118.8,42.9,14.8,1284.0,30.5,MEDIUM
78.4,157.3,49.4,25.4,2738.0,44.2,MEDIUM
153.0,264.3,83.7,1.2,401.0,51.8,MEDIUM
64.6,77.0,29.9,48.6,1448.0,36.8,MEDIUM
27.5,64.7,45.7,49.8,2723.0,41.8,MEDIUM
46.4,137.1,62.0,23.7,1459.0,38.8,MEDIUM
64.7,124.8,62.7,12.1,2252.0,32.1,MEDIUM
86.0,194.3,85.3,53.5,1210.0,82.9,CRITICAL
39.4,91.5,36.0,40.7,2522.0,43.7,MEDIUM
43.1,32.6,24.5,31.4,1968.0,27.2,LOW
88.3,192.8,68.7,23.5,2473.0,53.2,MEDIUM
90.5,263.7,80.8,32.4,1702.0,69.9,HIGH
138.6,234.3,55.7,15.0,1985.0,49.4,MEDIUM
45.9,142.4,57.2,27.0,1680.0,45.5,MEDIUM
107.9,246.0,99.6,41.2,1788.0,88.9,CRITICAL
67.6,136.6,51.8,24.7,2130.0,39.7,MEDIUM
51.5,69.1,51.5,41.1,538.0,43.3,MEDIUM
69.3,167.6,74.1,44.3,2352.0,58.6,MEDIUM
76.8,134.5,80.2,45.2,1195.0,67.0,HIGH
24.8,30.7,37.6,34.2,235.0,28.2,LOW
26.7,62.2,54.4,11.1,2002.0,31.1,MEDIUM
118.3,230.7,55.1,42.0,1918.0,63.3,HIGH
55.6,79.5,42.2,49.2,2232.0,35.6,MEDIUM
86.5,264.0,64.2,5.7,2995.0,46.9,MEDIUM
115.9,160.4,31.4,53.8,1492.0,52.9,MEDIUM
69.6,104.3,26.4,56.5,2925.0,33.9,MEDIUM
109.3,268.2,75.4,40.1,1818.0,75.9,HIGH
77.1,87.9,48.6,6.7,1202.0,34.1,MEDIUM
79.8,182.6,44.9,39.2,2098.0,59.2,MEDIUM
161.4,348.8,100.0,21.4,750.0,61.6,HIGH
64.1,114.8,33.9,18.2,2906.0,40.8,MEDIUM
119.2,214.7,65.3,2.2,1435.0,33.5,MEDIUM
20.7,44.9,31.8,43.5,230.0,40.3,MEDIUM
84.2,236.8,66.8,34.0,2035.0,55.3,MEDIUM
188.9,260.5,79.9,27.0,537.0,79.4,HIGH
300.8,548.5,100.0,23.3,449.0,87.8,CRITICAL
21.7,34.1,43.6,24.7,266.0,20.4,LOW
55.4,166.0,61.9,27.2,2672.0,49.8,MEDIUM
32.3,70.9,25.4,28.6,294.0,25.6,LOW
66.0,77.9,55.3,5.9,1704.0,8.9,LOW
132.7,353.7,70.3,22.8,1570.0,58.0,MEDIUM
165.2,313.6,75.8,3.8,2751.0,61.9,HIGH
168.8,264.6,65.5,46.6,2751.0,81.4,CRITICAL
19.8,67.1,44.3,31.3,2778.0,37.4,MEDIUM
75.5,116.6,41.7,48.0,1320.0,54.0,MEDIUM
45.2,112.6,45.0,25.8,1526.0,30.8,MEDIUM
63.1,152.0,72.2,9.2,2512.0,46.2,MEDIUM
50.5,125.7,33.3,18.0,536.0,33.2,MEDIUM
20.8,52.3,37.8,14.0,520.0,11.3,LOW
166.3,269.4,57.0,26.4,2781.0,71.0,HIGH
39.7,112.6,55.0,47.3,282.0,45.6,MEDIUM
45.9,116.3,38.7,7.0,1272.0,24.2,LOW
189.7,318.6,78.3,24.0,746.0,68.1,HIGH
17.3,48.3,21.4,5.5,435.0,6.2,LOW
99.8,199.8,75.5,23.5,2927.0,59.7,MEDIUM
145.4,197.6,60.5,35.0,665.0,61.0,HIGH
179.8,466.9,100.0,4.1,1410.0,76.1,HIGH
95.1,138.2,60.7,4.0,917.0,37.3,MEDIUM
120.8,169.5,40.4,43.8,1575.0,57.0,MEDIUM
145.3,210.8,54.2,24.4,2347.0,55.6,MEDIUM
66.8,168.9,57.4,21.1,2047.0,50.0,MEDIUM
35.0,133.3,28.9,41.2,1801.0,42.7,MEDIUM
199.1,360.5,64.2,5.1,1630.0,63.9,HIGH
112.0,110.0,36.7,51.6,569.0,48.6,MEDIUM
75.5,84.5,29.0,46.5,1327.0,32.6,MEDIUM
21.9,54.6,34.1,23.4,2735.0,17.2,LOW
6.7,13.9,38.4,28.1,2497.0,26.3,LOW
98.5,217.8,71.7,23.9,381.0,58.5,MEDIUM
6.2,29.9,56.2,47.1,2553.0,36.9,MEDIUM
74.9,164.2,54.4,1.7,2519.0,32.1,MEDIUM
41.3,87.7,45.0,40.3,2445.0,37.3,MEDIUM
50.4,126.2,48.6,18.2,2481.0,29.4,LOW
170.0,230.8,68.5,46.8,2952.0,69.0,HIGH
41.6,102.0,50.1,59.0,355.0,44.1,MEDIUM
77.7,144.8,62.8,16.7,1275.0,38.8,MEDIUM
41.8,57.7,49.7,26.8,2912.0,34.1,MEDIUM
92.0,138.6,57.0,32.9,1747.0,46.5,MEDIUM
82.9,147.8,70.3,33.1,2110.0,55.0,MEDIUM
74.9,145.3,52.1,9.4,1213.0,37.6,MEDIUM
145.7,270.3,63.2,35.0,793.0,51.9,MEDIUM
17.3,5.1,25.4,43.4,2940.0,28.7,LOW
12.8,0.0,28.7,56.6,1213.0,30.5,MEDIUM
26.0,37.5,22.6,43.5,1770.0,36.0,MEDIUM
83.2,179.8,49.6,36.2,883.0,49.1,MEDIUM
103.5,176.0,42.7,14.0,2907.0,48.0,MEDIUM
2.0,5.6,35.0,5.9,924.0,4.8,LOW
102.5,245.1,71.0,38.1,2759.0,65.9,HIGH
56.5,99.6,23.7,37.5,1017.0,48.2,MEDIUM
202.5,545.0,100.0,50.4,2851.0,100.0,CRITICAL
97.3,133.5,71.9,26.8,1229.0,51.1,MEDIUM
187.2,485.0,100.0,10.3,2642.0,82.6,CRITICAL
164.4,399.0,95.3,13.5,1880.0,68.5,HIGH
56.5,53.1,30.0,28.6,519.0,24.8,LOW
133.1,288.2,76.7,18.7,1028.0,59.2,MEDIUM
56.4,160.8,53.9,10.8,2330.0,27.1,LOW
219.2,458.0,89.1,6.5,2069.0,79.8,HIGH
60.7,117.4,41.7,24.7,1197.0,39.8,MEDIUM
107.0,277.1,65.9,20.3,747.0,42.5,MEDIUM
246.3,565.9,97.0,57.9,2521.0,100.0,CRITICAL
110.3,324.0,62.7,51.4,1943.0,66.1,HIGH
51.8,86.7,40.6,11.0,2110.0,38.6,MEDIUM
23.2,50.9,27.5,45.2,1541.0,42.7,MEDIUM
17.5,56.0,34.8,28.8,1181.0,33.2,MEDIUM
102.1,205.4,41.5,55.6,1270.0,62.0,HIGH
69.3,190.0,68.1,36.5,287.0,48.1,MEDIUM
26.5,65.3,64.8,12.2,2843.0,34.4,MEDIUM
123.4,133.9,62.4,11.8,1226.0,43.6,MEDIUM
122.2,262.4,82.9,58.0,1552.0,79.8,HIGH
68.4,80.9,49.7,55.1,1200.0,47.5,MEDIUM
192.7,532.1,100.0,29.0,1195.0,100.0,CRITICAL
14.2,45.1,37.8,33.8,2120.0,31.1,MEDIUM
53.4,119.6,37.0,32.8,2077.0,39.6,MEDIUM
109.9,168.1,63.5,45.8,2469.0,62.9,HIGH
29.5,65.5,47.4,28.5,401.0,36.7,MEDIUM
131.9,207.1,55.5,7.4,2647.0,44.9,MEDIUM
159.0,362.1,90.6,19.5,2879.0,64.8,HIGH
3.9,0.0,21.7,34.1,2969.0,30.2,MEDIUM
197.0,414.4,84.6,21.1,561.0,79.7,HIGH
105.2,182.5,66.7,48.8,1563.0,63.3,HIGH
48.4,112.5,52.0,56.9,2829.0,42.3,MEDIUM
19.1,71.4,37.9,14.5,2325.0,25.2,LOW
144.2,362.8,80.2,53.3,369.0,91.1,CRITICAL
25.2,55.2,40.4,42.9,2637.0,33.4,MEDIUM
105.1,246.7,45.0,35.2,2548.0,51.5,MEDIUM
26.2,12.8,22.8,7.8,2384.0,17.1,LOW
73.6,62.3,24.2,24.7,1353.0,39.0,MEDIUM
139.8,387.2,88.2,59.7,1970.0,96.8,CRITICAL
49.0,108.6,59.4,38.9,2205.0,44.0,MEDIUM
196.1,253.7,73.8,35.5,1311.0,72.2,HIGH
111.7,254.5,62.0,2.1,2395.0,42.6,MEDIUM
29.6,47.3,28.6,19.3,965.0,20.7,LOW
20.7,47.5,28.1,29.3,714.0,30.0,MEDIUM
37.5,106.1,69.9,38.5,2605.0,37.4,MEDIUM
70.9,175.0,57.1,51.4,1150.0,60.8,HIGH
208.5,597.6,100.0,27.5,359.0,100.0,CRITICAL
235.0,350.7,57.3,16.5,2532.0,71.6,HIGH
47.4,66.0,25.7,16.9,2437.0,22.9,LOW
46.2,126.7,48.5,8.3,2447.0,39.0,MEDIUM
125.1,270.9,64.7,8.7,1154.0,51.6,MEDIUM
124.4,220.9,64.7,18.3,1889.0,50.6,MEDIUM
175.5,393.2,90.4,46.0,239.0,91.4,CRITICAL
178.7,228.0,71.4,24.8,206.0,59.9,MEDIUM
35.2,72.4,18.4,51.6,926.0,34.9,MEDIUM
16.7,44.6,23.4,56.9,1671.0,38.4,MEDIUM
112.9,153.4,51.8,4.5,1881.0,41.8,MEDIUM
86.6,112.0,39.0,42.6,574.0,48.3,MEDIUM
8.5,6.7,27.3,5.1,2629.0,13.5,LOW
16.2,47.2,38.4,4.3,2887.0,25.7,LOW
109.0,160.4,45.1,16.5,534.0,39.2,MEDIUM
66.1,102.1,47.6,6.1,2507.0,43.7,MEDIUM
110.8,232.6,71.4,39.8,1920.0,59.7,MEDIUM
27.7,39.1,36.6,43.0,1607.0,38.9,MEDIUM
116.6,228.1,72.9,38.4,1569.0,76.3,HIGH
94.6,177.1,30.5,34.5,2300.0,53.7,MEDIUM
122.7,257.7,61.6,46.9,785.0,68.0,HIGH
50.3,128.8,60.0,46.4,1905.0,52.4,MEDIUM
41.6,119.3,37.5,52.2,932.0,41.6,MEDIUM
19.1,11.4,19.7,41.6,438.0,25.7,LOW
57.5,99.2,43.4,21.4,1748.0,32.1,MEDIUM
154.4,299.9,74.8,31.5,952.0,58.0,MEDIUM
184.1,361.9,77.9,29.4,2279.0,95.5,CRITICAL
25.4,34.4,57.3,6.5,2021.0,16.7,LOW
70.9,124.8,52.2,48.7,828.0,52.8,MEDIUM
210.6,378.1,75.9,54.8,2612.0,100.0,CRITICAL
229.8,386.2,70.7,59.1,1172.0,79.4,HIGH
55.6,121.7,53.1,14.9,2185.0,45.1,MEDIUM
163.8,232.1,53.7,5.7,949.0,40.4,MEDIUM
145.2,387.1,100.0,6.7,750.0,60.3,HIGH
137.1,323.7,83.7,48.3,2609.0,89.1,CRITICAL
13.8,0.0,36.7,37.9,2772.0,33.8,MEDIUM
45.0,124.9,51.7,45.4,1186.0,42.4,MEDIUM
65.0,90.1,57.0,54.3,1082.0,57.3,MEDIUM
63.5,194.1,30.4,13.6,2167.0,26.1,LOW
70.3,155.3,38.9,21.8,837.0,61.0,HIGH
246.5,627.4,100.0,47.5,2620.0,100.0,CRITICAL
57.2,153.0,71.0,15.6,224.0,56.3,MEDIUM
97.9,275.4,56.5,30.4,598.0,59.2,MEDIUM
95.4,222.0,41.5,26.6,538.0,44.0,MEDIUM
71.0,163.6,56.5,35.7,1090.0,49.4,MEDIUM
27.0,24.6,39.5,59.3,2625.0,37.3,MEDIUM
78.5,234.6,67.0,6.2,1992.0,45.5,MEDIUM
8.3,28.3,33.5,29.1,501.0,19.6,LOW
105.1,194.9,37.0,57.5,421.0,55.9,MEDIUM
6.6,19.8,28.5,20.9,1008.0,20.8,LOW
98.4,220.5,60.4,44.4,1936.0,54.9,MEDIUM
43.0,129.5,42.8,55.8,1863.0,47.9,MEDIUM
30.7,42.3,13.3,14.4,520.0,18.3,LOW
126.5,260.1,76.0,4.9,2330.0,49.1,MEDIUM
51.9,93.1,54.3,4.5,1970.0,27.6,LOW
75.4,111.2,37.2,4.4,2953.0,34.0,MEDIUM
14.3,43.5,34.3,21.0,1747.0,31.4,MEDIUM
193.3,421.3,87.2,7.6,1117.0,69.4,HIGH
81.2,156.7,47.7,24.3,534.0,46.2,MEDIUM
81.0,191.4,64.6,45.2,2773.0,66.9,HIGH
106.8,155.8,59.6,17.9,305.0,51.5,MEDIUM
3.1,25.5,46.7,28.8,1176.0,30.4,MEDIUM
206.4,547.2,100.0,7.6,1686.0,74.3,HIGH
55.5,115.5,45.3,41.9,1795.0,50.9,MEDIUM
198.3,395.1,100.0,19.1,1831.0,78.6,HIGH
53.9,139.0,69.4,8.1,2208.0,41.2,MEDIUM
44.1,62.7,31.5,57.3,559.0,33.2,MEDIUM
101.6,278.6,73.3,46.2,2214.0,64.1,HIGH
279.5,470.1,76.7,39.1,2691.0,100.0,CRITICAL
163.7,311.1,77.0,43.4,285.0,80.3,CRITICAL
109.8,209.2,81.5,25.5,300.0,51.5,MEDIUM
100.4,219.7,96.3,17.9,2976.0,53.3,MEDIUM
77.9,207.1,59.6,30.0,1073.0,52.3,MEDIUM
192.3,286.6,77.0,49.5,1474.0,88.2,CRITICAL
128.7,194.1,66.4,57.8,1068.0,59.6,MEDIUM
18.7,50.7,61.4,36.3,1758.0,39.4,MEDIUM
30.9,59.2,27.1,22.6,2192.0,38.6,MEDIUM
112.6,199.7,91.8,43.1,2328.0,80.9,CRITICAL
26.0,85.5,39.0,41.8,1195.0,29.0,LOW
80.8,150.4,38.5,14.8,930.0,26.8,LOW
136.4,174.7,52.4,26.1,1731.0,48.4,MEDIUM
102.1,216.0,52.7,8.0,1276.0,37.6,MEDIUM
22.1,69.6,45.5,24.1,1942.0,45.5,MEDIUM
32.6,50.0,17.7,45.8,1912.0,40.3,MEDIUM
104.4,181.4,58.9,18.8,2704.0,47.7,MEDIUM
259.5,640.5,100.0,38.0,211.0,100.0,CRITICAL
68.3,77.0,59.3,19.7,485.0,32.7,MEDIUM
139.7,386.5,96.1,8.8,2403.0,64.8,HIGH
102.7,240.6,83.1,44.5,1834.0,79.9,HIGH
42.6,83.5,35.3,35.4,375.0,40.0,MEDIUM
140.8,206.2,65.7,49.5,2839.0,68.4,HIGH
13.8,0.0,5.0,40.7,2021.0,34.2,MEDIUM
133.7,377.0,85.2,49.0,1561.0,95.1,CRITICAL
107.4,212.5,66.5,9.3,2383.0,54.1,MEDIUM
46.3,56.0,44.1,36.9,1869.0,28.6,LOW
28.3,41.0,17.3,22.0,1245.0,11.6,LOW
49.9,31.8,30.1,44.8,1031.0,27.2,LOW
39.8,96.4,41.4,34.8,1470.0,35.2,MEDIUM
59.7,135.4,45.2,3.3,1531.0,19.9,LOW
54.4,134.0,58.8,32.0,2194.0,53.4,MEDIUM
46.2,83.7,40.0,44.7,1524.0,41.1,MEDIUM
13.2,26.5,35.2,15.8,251.0,22.3,LOW
24.5,66.5,34.1,39.3,2117.0,33.1,MEDIUM
156.5,214.5,75.0,50.5,395.0,73.8,HIGH
47.4,130.6,63.3,3.9,2570.0,22.5,LOW
60.7,65.9,36.2,34.7,2183.0,39.4,MEDIUM
51.9,87.2,77.3,53.3,1874.0,71.5,HIGH
195.3,414.0,82.9,7.6,1472.0,73.5,HIGH
38.9,63.4,51.6,16.2,682.0,26.9,LOW
36.5,30.4,23.2,37.6,2034.0,22.3,LOW
109.1,230.3,73.8,35.1,507.0,64.7,HIGH
85.6,133.6,58.4,47.6,1893.0,52.9,MEDIUM
111.3,234.3,53.0,37.7,713.0,53.7,MEDIUM
106.3,172.0,54.2,34.6,1871.0,67.2,HIGH
143.3,339.6,100.0,27.1,623.0,86.5,CRITICAL
21.5,54.4,28.4,4.7,465.0,11.5,LOW
101.7,124.5,53.5,35.5,1518.0,47.3,MEDIUM
36.7,94.0,48.1,9.4,2187.0,33.1,MEDIUM
8.9,0.0,29.5,59.8,868.0,24.9,LOW
105.8,194.1,38.3,4.7,1594.0,39.9,MEDIUM
101.4,173.9,66.0,4.5,2437.0,50.8,MEDIUM
73.1,116.0,47.5,47.2,1738.0,49.2,MEDIUM
145.1,196.0,72.6,6.1,1872.0,58.0,MEDIUM
37.0,121.8,51.1,24.3,816.0,34.2,MEDIUM
118.4,300.1,75.8,55.6,549.0,78.5,HIGH
65.1,183.5,62.0,47.3,617.0,42.5,MEDIUM
69.2,172.5,44.0,14.0,2924.0,40.2,MEDIUM
10.7,36.2,54.1,15.1,443.0,25.2,LOW
146.1,201.1,55.7,35.5,624.0,64.3,HIGH
98.5,89.4,39.1,29.2,776.0,46.1,MEDIUM
115.2,232.3,80.4,7.0,2406.0,65.4,HIGH
32.5,87.5,46.1,9.5,1314.0,22.5,LOW
90.3,130.8,46.8,48.2,2415.0,56.2,MEDIUM
65.0,96.3,49.4,20.7,1373.0,32.6,MEDIUM
102.3,193.2,66.5,47.9,2425.0,68.7,HIGH
87.3,228.4,62.8,11.4,2707.0,41.2,MEDIUM
221.0,449.5,100.0,36.0,1452.0,100.0,CRITICAL
176.8,390.4,73.3,30.3,2962.0,72.1,HIGH
59.2,155.6,56.5,19.6,2812.0,46.7,MEDIUM
105.7,189.2,68.0,36.5,243.0,62.4,HIGH
55.3,117.0,55.0,7.5,1780.0,23.3,LOW
142.4,348.6,55.4,51.4,2040.0,63.1,HIGH
67.2,127.2,47.6,44.6,2561.0,52.4,MEDIUM
49.2,71.9,26.2,17.2,2085.0,28.6,LOW
89.4,135.1,65.7,34.8,2127.0,51.9,MEDIUM
167.6,258.4,64.1,54.1,1011.0,68.0,HIGH
150.1,152.7,67.0,25.3,2498.0,54.4,MEDIUM
51.6,54.2,23.5,21.8,377.0,26.9,LOW
208.2,308.0,80.9,47.9,2041.0,94.1,CRITICAL
34.3,88.4,43.4,0.1,766.0,22.3,LOW
44.3,120.0,81.2,41.2,2344.0,65.6,HIGH
138.3,309.4,90.5,12.9,2413.0,61.9,HIGH
9.0,0.0,43.4,41.7,689.0,38.8,MEDIUM
75.6,221.7,87.6,26.3,2422.0,63.3,HIGH
59.0,190.4,62.0,1.2,2545.0,30.7,MEDIUM
216.3,345.7,80.7,52.5,348.0,93.4,CRITICAL
28.8,18.3,30.2,32.8,1404.0,34.0,MEDIUM
31.9,37.5,39.6,18.8,740.0,16.5,LOW
236.1,629.6,91.2,42.2,554.0,100.0,CRITICAL
59.6,76.6,41.5,29.8,2450.0,40.5,MEDIUM
163.2,312.9,79.7,2.1,1021.0,53.8,MEDIUM
52.1,125.2,46.9,39.0,2003.0,45.1,MEDIUM
42.8,97.0,26.2,58.2,210.0,44.4,MEDIUM
168.7,324.3,76.8,13.3,422.0,48.6,MEDIUM
274.2,660.2,100.0,51.8,1909.0,100.0,CRITICAL
177.5,364.5,100.0,37.3,1237.0,100.0,CRITICAL
49.4,111.6,43.6,4.7,2663.0,27.3,LOW
73.1,101.4,20.5,43.8,430.0,38.5,MEDIUM
33.2,89.8,41.0,26.5,1947.0,34.7,MEDIUM
38.5,49.2,48.1,47.6,2168.0,47.9,MEDIUM
36.8,73.4,43.1,38.1,1911.0,35.0,MEDIUM
53.1,147.2,41.1,0.2,2106.0,27.5,LOW
82.2,229.5,56.3,7.6,898.0,38.6,MEDIUM
75.4,207.3,57.7,21.1,2348.0,51.1,MEDIUM
124.8,316.4,72.2,28.9,1753.0,79.9,HIGH
85.5,180.0,41.9,55.9,2407.0,49.7,MEDIUM
116.6,179.6,56.1,49.3,541.0,58.1,MEDIUM
129.8,224.0,47.6,48.1,556.0,54.6,MEDIUM
50.1,112.3,58.2,32.4,1307.0,39.6,MEDIUM
66.1,195.6,72.2,5.6,1292.0,33.2,MEDIUM
400.0,900.0,100.0,44.7,560.0,100.0,CRITICAL
46.7,170.4,47.0,5.2,427.0,34.6,MEDIUM
121.3,249.3,62.3,5.5,426.0,47.0,MEDIUM
23.0,54.0,37.7,15.3,347.0,22.2,LOW
132.4,186.5,61.1,55.4,293.0,55.5,MEDIUM
40.4,93.5,49.6,45.0,2462.0,46.1,MEDIUM
77.5,187.3,63.4,4.6,2818.0,34.0,MEDIUM
19.3,6.6,49.6,55.1,1392.0,37.6,MEDIUM
71.6,134.9,51.0,47.0,723.0,50.9,MEDIUM
72.8,217.1,46.9,36.2,1119.0,45.0,MEDIUM
64.2,110.6,27.3,7.6,2492.0,23.8,LOW
103.0,210.8,81.3,19.2,2802.0,53.4,MEDIUM
159.1,349.4,88.5,18.0,868.0,72.0,HIGH
31.8,89.2,45.9,38.4,286.0,37.6,MEDIUM
65.4,104.6,51.1,35.3,1064.0,33.6,MEDIUM
11.9,7.6,33.1,16.6,1279.0,24.1,LOW
84.7,102.9,50.6,18.7,208.0,39.9,MEDIUM
29.5,84.9,38.3,31.1,2108.0,36.0,MEDIUM
74.8,182.9,70.1,50.7,549.0,65.5,HIGH
87.2,269.1,64.1,7.6,429.0,42.5,MEDIUM
14.5,60.6,28.3,43.5,2214.0,37.7,MEDIUM
97.2,125.6,28.5,59.7,2358.0,52.9,MEDIUM
153.9,394.8,86.4,45.0,715.0,99.6,CRITICAL
113.6,158.9,69.0,26.5,2352.0,54.2,MEDIUM
32.5,51.6,32.3,43.9,1033.0,31.9,MEDIUM
71.2,172.0,39.3,51.6,1063.0,54.0,MEDIUM
77.5,217.9,66.1,46.1,543.0,61.9,HIGH
66.4,197.9,51.9,0.8,834.0,39.1,MEDIUM
21.9,65.7,58.4,7.9,309.0,26.2,LOW
37.4,51.6,50.6,6.4,2081.0,16.8,LOW
61.9,99.9,29.7,1.9,2584.0,26.7,LOW
86.3,156.4,51.4,42.9,335.0,50.2,MEDIUM
46.5,69.2,31.3,16.0,915.0,32.8,MEDIUM
10.3,30.2,20.6,43.3,1169.0,35.3,MEDIUM
48.9,103.9,44.9,40.0,1299.0,45.8,MEDIUM
220.7,405.6,100.0,31.4,2508.0,92.7,CRITICAL
97.7,225.9,62.9,3.6,320.0,34.8,MEDIUM
84.5,221.8,57.1,18.3,1920.0,44.3,MEDIUM
36.9,39.1,9.4,1.6,1690.0,10.8,LOW
50.8,101.1,37.2,54.6,2548.0,46.3,MEDIUM
9.4,15.8,39.0,18.5,1056.0,30.5,MEDIUM
34.6,78.3,25.6,5.7,485.0,21.9,LOW
94.1,147.2,67.5,0.2,566.0,30.7,MEDIUM
85.0,130.9,42.6,36.7,1966.0,42.6,MEDIUM
42.8,113.9,49.4,37.3,1728.0,37.0,MEDIUM
66.4,150.6,47.8,59.7,1858.0,49.9,MEDIUM
75.4,105.8,31.8,17.3,584.0,35.6,MEDIUM
44.8,87.5,48.4,2.8,319.0,28.8,LOW
101.8,197.5,52.4,46.8,1786.0,56.0,MEDIUM
83.8,108.0,36.2,18.3,427.0,33.0,MEDIUM
52.4,81.3,13.7,19.8,2803.0,37.7,MEDIUM
23.4,71.9,56.4,54.5,2449.0,36.1,MEDIUM
49.3,123.3,48.6,34.5,704.0,43.9,MEDIUM
46.6,75.0,54.5,24.0,1874.0,40.4,MEDIUM
42.7,96.3,51.9,57.0,570.0,41.5,MEDIUM
15.2,9.4,44.7,15.9,2821.0,25.6,LOW
182.5,411.3,84.9,1.3,1850.0,69.2,HIGH
176.5,293.5,57.6,13.9,1090.0,56.4,MEDIUM
64.5,81.7,51.4,2.6,2105.0,26.4,LOW
86.0,131.2,51.2,24.5,207.0,36.4,MEDIUM
100.5,287.5,67.5,49.9,1006.0,74.9,HIGH
65.3,149.0,61.3,58.5,856.0,48.8,MEDIUM
90.6,225.7,67.6,42.0,1169.0,60.1,HIGH
110.9,120.9,55.8,55.6,439.0,58.9,MEDIUM
81.5,185.3,45.5,24.5,2910.0,44.5,MEDIUM
125.0,263.9,81.3,18.2,1510.0,59.0,MEDIUM
41.5,85.5,42.8,9.3,2598.0,31.9,MEDIUM
71.2,99.3,57.9,30.1,367.0,36.6,MEDIUM
363.1,819.6,100.0,19.6,2566.0,79.5,HIGH
145.6,164.2,62.9,6.5,2028.0,44.5,MEDIUM
82.9,106.2,44.6,55.9,2101.0,61.2,HIGH
31.8,88.7,51.8,7.4,2458.0,25.6,LOW
74.0,103.6,58.9,44.4,1673.0,52.6,MEDIUM
139.0,120.3,55.3,4.1,1975.0,35.3,MEDIUM
119.8,326.4,81.4,31.6,2719.0,91.8,CRITICAL
11.4,45.0,45.3,40.5,550.0,31.4,MEDIUM
15.8,49.4,31.1,14.1,356.0,15.6,LOW
16.6,0.0,48.2,4.5,2952.0,20.5,LOW
101.7,285.9,52.7,35.6,2668.0,74.4,HIGH
16.9,0.0,30.4,36.2,1639.0,31.7,MEDIUM
30.6,42.5,31.5,18.7,2386.0,25.9,LOW
63.5,146.9,44.3,22.6,2669.0,23.4,LOW
155.1,282.0,76.0,2.7,1507.0,63.5,HIGH
105.2,254.7,54.7,17.7,474.0,42.3,MEDIUM
57.6,146.6,77.8,53.0,1546.0,65.9,HIGH
127.5,209.6,45.2,10.3,1184.0,39.1,MEDIUM
263.9,377.3,75.2,28.1,265.0,100.0,CRITICAL
74.5,145.6,39.3,40.6,2885.0,48.6,MEDIUM
22.0,67.1,42.4,48.2,2204.0,31.5,MEDIUM
31.6,82.4,54.5,4.9,2400.0,26.9,LOW
31.3,66.9,46.3,35.5,1871.0,32.9,MEDIUM
38.1,59.6,56.6,37.6,954.0,42.1,MEDIUM
54.4,173.9,46.2,11.8,1837.0,32.4,MEDIUM
88.2,240.0,73.9,1.9,2105.0,35.6,MEDIUM
18.8,25.7,30.2,50.7,1873.0,34.2,MEDIUM
22.5,72.6,43.6,26.4,556.0,28.9,LOW
110.2,194.2,72.4,3.6,2478.0,40.0,MEDIUM
46.8,73.4,20.7,34.7,1033.0,19.8,LOW
34.4,10.4,55.5,22.6,1311.0,33.0,MEDIUM
59.5,96.5,42.7,4.8,1742.0,26.4,LOW
173.6,398.9,70.6,17.2,2937.0,68.6,HIGH
121.2,198.4,51.4,19.6,1075.0,52.3,MEDIUM
115.4,209.8,62.7,34.5,317.0,43.5,MEDIUM
215.2,345.4,73.5,24.2,2923.0,77.6,HIGH
91.3,220.4,38.5,6.4,2881.0,42.7,MEDIUM
228.3,616.1,100.0,38.1,755.0,100.0,CRITICAL
240.5,443.1,87.8,43.7,2521.0,100.0,CRITICAL
19.4,47.2,44.9,30.4,2775.0,30.3,MEDIUM
14.2,67.9,27.4,3.8,236.0,10.5,LOW
29.4,45.9,64.0,6.2,2313.0,19.7,LOW
162.1,421.0,99.3,56.7,704.0,100.0,CRITICAL
60.5,130.4,51.9,11.4,2516.0,36.5,MEDIUM
54.6,132.4,57.3,18.4,259.0,31.4,MEDIUM
129.9,213.8,40.2,41.3,2135.0,64.7,HIGH
44.8,69.3,34.4,47.5,2487.0,39.3,MEDIUM
82.8,153.9,74.5,54.7,300.0,64.9,HIGH
110.2,137.3,46.8,23.7,2320.0,45.7,MEDIUM
32.0,31.2,33.9,59.5,533.0,28.9,LOW
25.5,66.8,34.4,6.2,421.0,12.3,LOW
74.2,88.0,60.8,49.6,2778.0,54.4,MEDIUM
81.5,96.8,41.6,16.3,2784.0,31.2,MEDIUM
122.9,202.3,45.3,56.2,2275.0,61.5,HIGH
28.7,89.4,74.4,52.2,2693.0,48.7,MEDIUM
39.1,108.2,29.7,45.7,247.0,34.6,MEDIUM
238.9,292.2,72.7,36.2,1633.0,78.7,HIGH
143.3,357.3,73.5,12.9,2641.0,69.0,HIGH
65.0,168.3,46.8,27.7,2700.0,41.4,MEDIUM
159.4,241.0,53.4,2.1,1228.0,48.9,MEDIUM
28.8,68.1,33.7,42.6,1109.0,38.5,MEDIUM
59.2,98.3,56.5,7.0,2160.0,26.2,LOW
81.0,189.5,35.6,15.5,368.0,37.7,MEDIUM
53.9,137.2,65.7,14.7,2385.0,45.4,MEDIUM
55.5,152.7,66.0,47.3,899.0,57.3,MEDIUM
118.6,162.9,60.5,24.0,1660.0,44.9,MEDIUM
144.7,303.2,77.0,32.1,739.0,75.1,HIGH
49.4,105.5,49.2,12.5,2256.0,32.9,MEDIUM
20.5,20.5,50.2,20.0,2878.0,29.4,LOW
16.3,27.2,13.1,30.7,1714.0,23.6,LOW
8.2,20.1,41.7,11.7,2862.0,20.4,LOW
212.8,568.8,100.0,41.4,1326.0,100.0,CRITICAL
118.9,288.9,83.2,27.0,1002.0,46.8,MEDIUM
101.0,131.1,42.3,59.0,2548.0,58.5,MEDIUM
44.1,151.6,61.2,14.8,306.0,42.8,MEDIUM
43.9,91.6,25.2,23.8,987.0,24.7,LOW
148.0,305.6,55.5,55.5,2133.0,71.7,HIGH
14.2,53.8,36.7,53.2,729.0,44.3,MEDIUM
51.1,148.4,69.5,29.1,2693.0,48.4,MEDIUM
162.9,427.1,100.0,7.4,1550.0,72.3,HIGH
51.1,102.4,51.7,24.5,889.0,47.3,MEDIUM
114.7,269.0,80.7,35.2,1240.0,91.6,CRITICAL
67.1,130.5,44.8,15.3,994.0,27.6,LOW
2.5,0.0,37.3,11.5,2163.0,16.5,LOW
64.9,92.4,36.9,31.9,508.0,41.8,MEDIUM
75.3,148.4,48.5,10.6,2590.0,41.0,MEDIUM
61.0,148.1,49.9,52.5,617.0,51.7,MEDIUM
24.4,50.9,31.1,4.5,991.0,1.0,LOW
61.5,99.2,44.1,59.2,1955.0,35.4,MEDIUM
8.9,10.0,28.4,32.3,1192.0,35.8,MEDIUM
50.6,90.5,35.1,59.0,1628.0,47.0,MEDIUM
121.3,297.9,73.0,45.1,1793.0,72.2,HIGH
204.9,233.0,66.8,9.2,925.0,52.0,MEDIUM
182.4,438.1,82.5,13.6,1697.0,69.8,HIGH
28.1,12.0,36.8,6.4,2830.0,24.8,LOW
17.1,36.9,29.6,43.7,207.0,22.4,LOW
81.0,166.1,57.3,10.1,1869.0,35.9,MEDIUM
71.6,105.7,37.9,42.9,1097.0,46.6,MEDIUM
108.6,283.4,85.1,51.6,2614.0,91.0,CRITICAL
41.0,111.1,58.1,24.7,470.0,32.8,MEDIUM
73.3,125.1,36.2,39.7,370.0,47.7,MEDIUM
70.3,141.9,57.6,53.7,1334.0,57.7,MEDIUM
52.1,109.0,63.7,45.2,2086.0,40.7,MEDIUM
13.1,0.0,18.6,7.8,218.0,19.8,LOW
120.0,217.6,52.2,17.6,2471.0,57.9,MEDIUM
81.5,212.2,70.6,32.1,1142.0,54.7,MEDIUM
126.0,212.3,46.2,15.9,2777.0,48.4,MEDIUM
147.9,350.9,73.3,30.4,2736.0,75.8,HIGH
65.6,90.2,31.4,57.2,2339.0,48.2,MEDIUM
120.5,162.5,63.4,27.2,2264.0,53.7,MEDIUM
208.2,572.3,100.0,15.7,1882.0,93.6,CRITICAL
254.3,379.1,83.5,8.8,2425.0,62.1,HIGH
89.1,229.6,55.5,54.1,699.0,52.1,MEDIUM
94.4,148.7,66.1,13.8,2488.0,49.1,MEDIUM
88.0,123.2,38.2,11.6,1783.0,34.7,MEDIUM
105.9,270.6,53.7,33.1,2390.0,62.3,HIGH
143.5,320.7,60.7,27.7,1583.0,54.4,MEDIUM
86.6,136.1,58.7,23.1,1967.0,44.5,MEDIUM
244.5,518.6,100.0,34.7,1156.0,100.0,CRITICAL
221.6,354.5,98.2,34.2,1388.0,92.4,CRITICAL
75.2,201.3,45.1,4.1,1221.0,32.0,MEDIUM
74.8,97.3,41.8,24.9,2274.0,36.9,MEDIUM
48.9,105.3,74.9,43.3,762.0,52.1,MEDIUM
110.1,157.9,50.1,22.9,2805.0,51.4,MEDIUM
56.0,134.2,43.4,59.9,2522.0,49.4,MEDIUM
47.0,90.5,43.3,14.1,2613.0,30.4,MEDIUM
108.3,295.8,80.7,29.8,2759.0,80.4,CRITICAL
26.6,50.2,43.7,40.4,1421.0,36.1,MEDIUM
145.2,243.0,59.1,32.9,2697.0,63.7,HIGH
111.5,147.3,45.1,2.3,1443.0,44.7,MEDIUM
213.9,519.1,100.0,30.8,484.0,96.1,CRITICAL
90.3,74.5,32.4,58.0,339.0,45.5,MEDIUM
124.2,255.1,53.4,24.4,378.0,45.9,MEDIUM
135.9,253.2,89.7,7.0,726.0,66.9,HIGH
172.5,507.9,100.0,1.3,1207.0,71.7,HIGH
82.9,173.0,51.8,24.7,2942.0,39.6,MEDIUM
48.6,79.9,38.1,11.1,875.0,24.2,LOW
91.9,229.5,63.5,50.1,2756.0,53.8,MEDIUM
145.1,426.5,99.2,57.1,2469.0,97.8,CRITICAL
158.7,312.5,71.3,56.4,2611.0,80.7,CRITICAL
13.3,74.8,54.9,22.5,2397.0,41.4,MEDIUM
400.0,900.0,100.0,27.3,2925.0,100.0,CRITICAL
47.2,131.6,47.4,18.9,535.0,31.9,MEDIUM
125.7,170.0,47.5,7.7,1541.0,45.5,MEDIUM
186.0,430.0,100.0,33.5,1160.0,100.0,CRITICAL
69.9,169.2,53.4,11.2,996.0,49.7,MEDIUM
163.1,244.3,51.7,3.6,1451.0,45.5,MEDIUM
13.1,7.6,43.4,51.0,1547.0,44.8,MEDIUM
167.2,374.6,77.5,47.9,2961.0,90.6,CRITICAL
153.3,215.0,72.7,55.6,941.0,76.2,HIGH
100.6,216.5,32.3,19.6,2753.0,40.5,MEDIUM
145.4,366.4,80.5,52.2,668.0,86.4,CRITICAL
225.7,386.2,100.0,23.9,2062.0,83.4,CRITICAL
190.0,308.5,76.3,4.4,1055.0,56.3,MEDIUM
73.1,151.1,59.8,27.5,2889.0,50.7,MEDIUM
91.2,187.5,47.3,33.2,1977.0,57.7,MEDIUM
63.6,142.3,55.5,25.9,380.0,27.3,LOW
57.2,144.3,51.7,47.1,2786.0,50.4,MEDIUM
135.3,328.6,82.2,21.1,1023.0,56.7,MEDIUM
63.1,99.2,69.3,55.3,2797.0,60.3,HIGH
135.1,344.4,97.3,4.4,238.0,67.0,HIGH
69.8,81.4,51.7,43.2,812.0,45.0,MEDIUM
78.1,233.7,74.7,55.7,980.0,56.0,MEDIUM
36.7,34.4,24.3,33.2,2126.0,21.7,LOW
132.6,288.0,67.5,52.7,2434.0,83.0,CRITICAL
12.2,26.9,15.6,41.5,1964.0,36.8,MEDIUM
171.6,294.4,58.9,0.9,374.0,38.6,MEDIUM
309.0,846.4,100.0,40.3,1414.0,100.0,CRITICAL
80.2,90.1,43.2,39.4,1583.0,39.1,MEDIUM
77.4,120.3,33.3,0.0,1204.0,22.7,LOW
17.5,33.3,34.5,24.5,1375.0,18.2,LOW
49.7,74.4,39.3,2.3,1551.0,11.5,LOW
146.6,217.2,49.0,17.6,1751.0,51.8,MEDIUM
161.3,246.3,85.2,59.2,1967.0,100.0,CRITICAL
88.1,117.4,31.7,56.4,788.0,40.2,MEDIUM
140.5,373.4,99.4,41.1,2725.0,100.0,CRITICAL
37.3,64.6,12.6,22.0,2518.0,31.9,MEDIUM
103.9,184.9,56.0,23.8,2403.0,55.3,MEDIUM
202.4,367.9,70.8,2.3,2456.0,77.9,HIGH
119.0,309.7,68.6,20.3,1671.0,63.6,HIGH
223.4,585.3,100.0,47.1,2869.0,100.0,CRITICAL
228.0,326.7,74.8,31.2,1225.0,70.8,HIGH
108.9,217.2,49.3,28.6,1376.0,55.5,MEDIUM
0.6,34.0,41.0,5.5,2486.0,28.2,LOW
159.0,263.6,65.3,55.1,2633.0,68.9,HIGH
24.1,61.8,41.1,17.0,1457.0,5.3,LOW
3.1,31.8,23.8,23.0,2574.0,15.2,LOW
10.2,7.1,20.7,19.8,1973.0,15.1,LOW
166.8,439.2,86.4,19.7,1286.0,76.3,HIGH
109.5,248.3,76.8,36.0,2735.0,76.7,HIGH
89.9,238.9,63.1,37.6,1609.0,57.3,MEDIUM
117.3,275.2,58.7,35.9,2578.0,59.0,MEDIUM
11.0,21.1,35.1,4.1,2475.0,17.1,LOW
63.4,185.7,58.8,58.2,471.0,50.8,MEDIUM
43.2,86.7,49.9,42.8,2639.0,42.1,MEDIUM
84.7,153.7,47.3,53.0,655.0,55.3,MEDIUM
87.1,163.9,53.7,9.6,2479.0,49.3,MEDIUM
113.7,266.4,75.0,55.9,2316.0,77.6,HIGH
126.4,125.4,36.7,43.3,2264.0,56.4,MEDIUM
11.7,7.2,41.7,30.0,2778.0,22.1,LOW
64.1,172.9,56.1,1.4,1882.0,23.4,LOW
76.2,129.2,36.2,15.2,1148.0,39.5,MEDIUM
23.4,26.4,20.7,50.3,1861.0,45.0,MEDIUM
21.0,35.1,34.1,22.8,2149.0,25.1,LOW
17.9,42.4,29.8,40.7,1221.0,42.8,MEDIUM
139.9,244.6,75.7,43.8,912.0,79.8,HIGH
14.3,0.0,26.6,46.5,1571.0,30.1,MEDIUM
17.2,33.7,38.7,22.9,2715.0,38.6,MEDIUM
82.0,224.4,53.5,54.6,1965.0,51.8,MEDIUM
103.6,228.7,64.0,17.5,2712.0,57.6,MEDIUM
74.3,83.6,58.3,50.2,1530.0,48.8,MEDIUM
28.3,66.7,38.2,25.5,2852.0,28.1,LOW
21.4,54.9,31.6,14.1,2416.0,21.0,LOW
80.3,192.3,48.5,20.6,1193.0,28.9,LOW
68.0,126.6,48.8,48.0,1455.0,56.7,MEDIUM
54.7,59.7,55.9,36.9,2994.0,46.6,MEDIUM
135.6,309.1,60.0,8.2,2870.0,53.6,MEDIUM
64.4,136.7,49.9,7.4,1349.0,28.3,LOW
19.5,58.0,18.1,41.2,2534.0,34.7,MEDIUM
54.9,22.4,28.4,14.4,2747.0,32.2,MEDIUM
112.4,188.9,61.5,12.5,905.0,43.5,MEDIUM
61.3,130.7,30.6,45.0,1649.0,50.1,MEDIUM
110.9,163.6,49.2,19.4,2320.0,48.8,MEDIUM
127.3,310.0,80.0,4.1,415.0,51.3,MEDIUM
64.6,147.1,53.6,25.5,2456.0,49.8,MEDIUM
74.0,145.4,55.9,34.2,791.0,43.1,MEDIUM
58.1,52.3,26.1,36.1,1541.0,27.9,LOW
112.7,163.0,57.9,3.5,1251.0,39.8,MEDIUM
56.6,95.5,37.1,27.2,2272.0,37.6,MEDIUM
104.8,263.0,78.0,21.6,853.0,53.8,MEDIUM
88.2,175.5,28.6,26.9,1506.0,48.0,MEDIUM
10.1,34.8,31.8,2.5,944.0,16.3,LOW
109.0,336.1,81.6,17.7,353.0,56.0,MEDIUM
82.0,105.6,62.0,38.6,2562.0,53.0,MEDIUM
176.3,411.5,92.8,7.6,829.0,68.7,HIGH
24.6,64.9,42.0,57.6,851.0,40.9,MEDIUM
89.3,171.6,60.3,59.6,331.0,54.5,MEDIUM
50.1,113.4,62.0,21.6,1608.0,38.5,MEDIUM
11.6,11.7,27.2,40.9,953.0,20.5,LOW
7.6,15.1,15.4,38.1,1783.0,21.6,LOW
201.2,421.3,74.1,10.0,2226.0,73.3,HIGH
89.5,155.5,61.3,23.3,329.0,45.3,MEDIUM
62.8,87.4,45.8,58.8,761.0,35.6,MEDIUM
15.9,46.5,33.9,7.7,1294.0,14.8,LOW
193.1,447.3,90.1,34.5,2663.0,96.5,CRITICAL
39.4,68.8,42.5,36.0,507.0,43.4,MEDIUM
92.7,121.0,50.7,10.1,2283.0,40.6,MEDIUM
79.6,159.4,59.7,32.1,2870.0,54.0,MEDIUM
256.4,639.7,100.0,55.0,417.0,100.0,CRITICAL
72.6,210.4,40.4,6.9,1132.0,29.6,LOW
47.4,68.8,29.4,11.4,2355.0,23.6,LOW
90.5,187.1,41.8,15.3,2819.0,45.1,MEDIUM
98.0,199.7,43.1,45.1,891.0,51.9,MEDIUM
378.0,877.9,100.0,34.6,1997.0,100.0,CRITICAL
71.7,125.1,21.6,30.2,2248.0,38.9,MEDIUM
23.7,30.4,40.2,47.5,1331.0,38.6,MEDIUM
54.7,164.4,65.5,58.7,2075.0,56.5,MEDIUM
90.3,167.5,67.0,11.8,1738.0,41.1,MEDIUM
103.1,175.4,59.6,48.7,2824.0,59.1,MEDIUM
14.3,0.0,45.8,22.2,1708.0,31.9,MEDIUM
49.3,32.9,56.3,8.8,1647.0,40.0,MEDIUM
246.4,655.6,100.0,15.4,2074.0,91.4,CRITICAL
32.6,60.6,44.5,24.0,626.0,12.6,LOW
137.8,159.8,69.3,53.9,1687.0,61.1,HIGH
56.2,162.8,44.1,28.7,342.0,38.7,MEDIUM
75.0,99.3,42.0,36.9,1956.0,38.2,MEDIUM
16.4,36.2,27.9,2.0,1697.0,7.9,LOW
60.9,117.7,53.2,3.8,2550.0,30.5,MEDIUM
89.5,164.8,31.9,56.3,2434.0,53.7,MEDIUM
72.4,158.3,71.0,50.3,1411.0,60.2,HIGH
64.0,112.7,53.3,29.4,2045.0,41.4,MEDIUM
113.1,155.8,60.5,12.0,1049.0,41.2,MEDIUM
21.4,34.3,6.8,2.4,1286.0,4.2,LOW
92.7,151.7,40.3,58.5,418.0,52.1,MEDIUM
6.8,11.6,49.6,0.3,482.0,17.0,LOW
165.5,447.6,95.0,14.3,2492.0,81.0,CRITICAL
65.8,121.6,27.5,41.0,2921.0,44.7,MEDIUM
131.4,247.9,69.8,56.3,1570.0,60.3,HIGH
1.7,9.7,39.6,7.0,558.0,12.1,LOW
118.4,137.0,56.9,46.4,447.0,61.3,HIGH
38.1,49.2,35.6,19.9,327.0,14.6,LOW
75.4,136.8,64.1,40.8,2661.0,54.4,MEDIUM
119.7,239.6,57.5,5.8,1438.0,47.2,MEDIUM
70.0,176.6,63.0,51.9,2665.0,69.4,HIGH
109.7,278.1,73.3,42.4,1216.0,61.7,HIGH
56.9,157.1,52.0,57.3,1847.0,49.8,MEDIUM
174.6,307.4,71.6,30.1,2087.0,81.6,CRITICAL
65.6,207.6,57.0,53.3,340.0,48.1,MEDIUM
66.7,156.2,53.8,32.4,2108.0,53.8,MEDIUM
67.7,208.5,57.8,30.8,2439.0,52.9,MEDIUM
73.8,169.0,64.1,5.7,262.0,34.1,MEDIUM
22.5,84.1,36.2,48.9,365.0,38.3,MEDIUM
31.6,55.0,57.1,24.7,1662.0,34.0,MEDIUM
145.2,360.9,77.2,36.0,2920.0,100.0,CRITICAL
131.3,260.1,80.1,39.0,2925.0,73.3,HIGH
125.4,355.9,94.9,46.5,507.0,88.8,CRITICAL
102.5,242.8,68.4,34.5,2330.0,59.2,MEDIUM
48.3,73.2,41.9,37.2,2421.0,40.5,MEDIUM
44.1,94.5,35.4,31.2,2655.0,44.0,MEDIUM
71.4,189.3,52.2,36.8,322.0,44.1,MEDIUM
161.2,194.2,61.8,26.7,2923.0,65.0,HIGH
85.7,182.0,56.8,46.6,2501.0,59.5,MEDIUM
30.1,117.9,61.9,48.6,1902.0,53.0,MEDIUM
17.9,0.0,24.5,31.0,387.0,21.7,LOW
134.2,222.9,58.7,8.8,872.0,49.0,MEDIUM
196.6,417.6,72.7,22.4,1171.0,72.9,HIGH
13.4,34.0,42.8,50.4,2601.0,33.0,MEDIUM
137.4,251.1,74.3,55.0,2331.0,81.6,CRITICAL
100.7,110.5,58.3,16.0,2834.0,40.3,MEDIUM
37.0,62.3,51.7,56.5,1383.0,40.1,MEDIUM
86.6,140.4,60.5,16.6,2767.0,39.8,MEDIUM
25.6,2.5,40.3,55.1,2708.0,41.1,MEDIUM
61.7,103.4,52.8,56.1,252.0,42.9,MEDIUM
74.5,172.1,65.0,30.3,870.0,57.1,MEDIUM
173.4,228.2,42.1,57.0,2440.0,71.4,HIGH
59.3,145.8,38.7,33.0,2062.0,40.6,MEDIUM
40.7,103.9,30.4,22.7,824.0,23.2,LOW
95.2,211.3,76.9,48.6,2388.0,79.7,HIGH
111.8,223.2,54.1,6.5,1086.0,45.5,MEDIUM
39.4,40.2,28.6,13.0,1886.0,23.2,LOW
29.0,56.0,38.5,12.8,2817.0,25.7,LOW
31.4,33.7,20.1,37.3,871.0,22.4,LOW
173.8,286.6,77.6,42.5,355.0,100.0,CRITICAL
108.3,224.8,38.2,50.2,2048.0,56.1,MEDIUM
56.1,38.5,21.6,54.0,2240.0,30.8,MEDIUM
154.3,242.3,68.7,52.5,1075.0,63.2,HIGH
39.1,90.1,28.6,40.9,1512.0,35.0,MEDIUM
69.2,124.5,64.3,54.9,1603.0,65.1,HIGH
25.2,44.1,37.2,16.5,2485.0,25.8,LOW
149.7,191.5,72.3,43.5,2141.0,67.4,HIGH
36.4,107.4,50.4,4.6,964.0,30.5,MEDIUM
37.1,100.2,44.9,7.5,964.0,30.6,MEDIUM
96.8,166.2,43.0,13.6,1110.0,42.4,MEDIUM
5.9,1.2,41.3,6.2,609.0,15.8,LOW
20.0,38.2,41.0,57.9,576.0,28.5,LOW
122.6,354.5,100.0,28.0,2489.0,83.8,CRITICAL
31.0,47.5,47.1,54.4,2529.0,33.4,MEDIUM
312.3,627.7,100.0,28.6,928.0,100.0,CRITICAL
83.2,157.8,57.1,42.0,2581.0,53.1,MEDIUM
12.3,20.1,38.1,19.3,1798.0,20.8,LOW
203.3,540.4,100.0,57.0,2194.0,100.0,CRITICAL
83.1,98.9,60.7,2.1,2665.0,32.5,MEDIUM
63.0,72.5,38.9,41.8,1063.0,39.5,MEDIUM
82.9,134.5,35.6,57.0,2054.0,46.6,MEDIUM
12.2,39.2,13.6,47.3,1064.0,28.2,LOW
71.0,61.4,25.5,49.7,2728.0,45.7,MEDIUM
33.1,88.0,36.1,17.9,1039.0,18.7,LOW
67.6,52.0,55.9,27.1,1951.0,43.8,MEDIUM
49.4,133.7,68.3,8.2,735.0,35.4,MEDIUM
79.7,163.0,66.0,22.6,1235.0,48.6,MEDIUM
56.1,108.5,61.0,0.5,1184.0,30.3,MEDIUM
46.8,72.1,32.3,46.7,2301.0,44.1,MEDIUM
29.8,58.1,20.5,57.2,1002.0,30.6,MEDIUM
12.9,16.6,20.4,42.1,1117.0,30.7,MEDIUM
9.8,16.3,8.0,48.6,226.0,30.9,MEDIUM
20.7,76.4,28.1,30.8,1084.0,25.4,LOW
115.9,329.8,73.4,11.5,962.0,51.2,MEDIUM
28.2,89.1,45.4,43.2,1725.0,45.0,MEDIUM
40.3,99.3,46.5,18.0,1325.0,28.1,LOW
40.7,57.4,30.3,27.6,2945.0,28.4,LOW
50.1,116.8,54.3,54.0,1729.0,50.9,MEDIUM
101.9,202.7,52.4,22.4,404.0,42.7,MEDIUM
55.6,125.6,49.0,17.4,2467.0,44.8,MEDIUM
131.7,333.4,66.7,1.9,349.0,46.1,MEDIUM
21.0,46.3,50.0,42.1,2544.0,36.0,MEDIUM
122.1,166.6,55.2,12.9,1335.0,45.2,MEDIUM
187.2,456.6,100.0,38.4,373.0,100.0,CRITICAL
70.3,124.1,34.0,22.0,2937.0,39.8,MEDIUM
26.2,83.4,44.6,47.3,1587.0,44.2,MEDIUM
103.3,254.1,75.0,53.4,2593.0,64.7,HIGH
71.3,144.7,27.2,14.1,1378.0,37.8,MEDIUM
90.4,171.1,69.7,47.5,1493.0,49.4,MEDIUM
134.5,290.1,58.5,9.2,1215.0,46.0,MEDIUM
52.1,39.4,38.4,8.5,1233.0,24.4,LOW
45.4,74.6,62.6,25.7,2422.0,36.9,MEDIUM
353.1,900.0,100.0,19.5,286.0,81.8,CRITICAL
104.3,136.1,32.5,59.2,1572.0,44.8,MEDIUM
151.2,363.9,82.4,48.2,944.0,91.0,CRITICAL
129.0,328.2,94.0,53.4,1759.0,95.3,CRITICAL
152.6,178.7,47.0,8.2,803.0,41.3,MEDIUM
92.7,249.3,63.1,42.8,1177.0,54.1,MEDIUM
139.9,321.1,73.5,36.3,1693.0,66.8,HIGH
40.5,82.1,49.2,6.0,2277.0,34.9,MEDIUM
12.5,18.2,14.3,47.6,2849.0,37.6,MEDIUM
31.8,76.1,48.9,51.2,881.0,38.1,MEDIUM
63.3,142.8,43.9,54.8,1552.0,51.2,MEDIUM
56.8,78.5,41.6,56.4,1176.0,43.2,MEDIUM
71.6,130.4,46.9,6.5,1897.0,40.9,MEDIUM
38.5,146.3,59.1,52.9,1226.0,49.1,MEDIUM
7.1,31.7,34.5,56.7,472.0,30.0,MEDIUM
50.9,119.9,65.3,41.4,1920.0,59.8,MEDIUM
18.3,33.2,46.9,11.0,300.0,14.9,LOW
69.2,71.4,31.2,24.1,321.0,32.7,MEDIUM
96.0,166.4,71.3,5.4,2676.0,53.2,MEDIUM
50.1,95.1,48.1,0.3,2637.0,31.8,MEDIUM
24.6,46.9,39.1,55.2,1776.0,33.8,MEDIUM
74.5,131.6,59.9,58.3,250.0,45.5,MEDIUM
365.9,899.5,100.0,55.2,1161.0,100.0,CRITICAL
104.3,111.4,30.2,15.2,1170.0,43.9,MEDIUM
110.0,271.3,71.0,37.3,2218.0,57.7,MEDIUM
45.8,131.4,42.4,30.0,2473.0,44.6,MEDIUM
34.1,85.6,67.7,29.8,1192.0,31.7,MEDIUM
152.8,286.0,63.7,25.7,1381.0,77.4,HIGH
4.0,0.0,30.5,56.5,829.0,21.3,LOW
37.4,112.5,49.2,47.5,2238.0,46.6,MEDIUM
216.4,573.0,100.0,50.8,1178.0,100.0,CRITICAL
65.9,102.8,33.5,2.1,2175.0,22.4,LOW
14.5,69.7,21.1,24.7,2179.0,28.7,LOW
98.1,180.8,73.9,35.9,637.0,54.1,MEDIUM
50.4,91.9,44.7,39.5,2679.0,46.6,MEDIUM
10.9,22.0,43.0,53.7,2509.0,44.6,MEDIUM
84.8,135.0,60.5,10.0,1832.0,37.5,MEDIUM
75.4,110.4,58.9,5.4,442.0,41.1,MEDIUM
72.1,123.1,43.9,53.6,668.0,48.7,MEDIUM
103.2,172.9,48.2,30.4,458.0,58.6,MEDIUM
23.0,68.1,16.3,32.4,1498.0,22.0,LOW
91.3,181.9,45.4,53.4,943.0,48.7,MEDIUM
79.7,148.8,53.1,45.0,2526.0,53.7,MEDIUM
150.6,189.4,50.0,43.8,1421.0,55.4,MEDIUM
36.9,136.4,36.8,11.2,1466.0,32.8,MEDIUM
169.3,228.7,64.9,37.3,2781.0,69.6,HIGH
127.4,205.9,77.0,27.0,1818.0,68.4,HIGH
63.8,127.6,48.5,36.7,1285.0,39.5,MEDIUM
72.1,147.4,38.5,34.5,2954.0,40.5,MEDIUM
4.6,28.6,49.6,1.6,1495.0,23.1,LOW
70.5,127.6,39.9,20.6,1823.0,40.1,MEDIUM
121.2,225.1,81.5,27.5,1270.0,74.5,HIGH
56.1,66.2,36.8,30.0,2074.0,34.7,MEDIUM
150.3,347.9,83.4,6.0,2372.0,61.2,HIGH
99.4,192.7,77.6,53.9,1960.0,90.1,CRITICAL
261.4,449.3,81.2,20.1,896.0,77.1,HIGH
39.3,57.6,26.0,29.4,2838.0,37.4,MEDIUM
113.0,321.8,74.4,39.8,1633.0,65.6,HIGH
18.8,0.0,28.3,43.1,2513.0,43.9,MEDIUM
60.4,132.3,81.5,22.7,225.0,36.7,MEDIUM
103.7,287.0,62.4,7.7,1650.0,52.6,MEDIUM
118.1,266.6,54.3,12.4,2820.0,46.3,MEDIUM
52.6,89.8,32.2,9.9,2127.0,40.6,MEDIUM
161.8,384.9,90.5,14.6,520.0,71.3,HIGH
186.3,256.7,74.4,36.2,2188.0,64.4,HIGH
39.7,108.8,37.8,32.1,242.0,27.9,LOW
62.0,99.7,45.2,10.1,1232.0,34.5,MEDIUM
56.8,135.1,73.6,40.9,863.0,55.0,MEDIUM
45.7,82.0,42.7,3.8,905.0,26.8,LOW
178.4,388.7,92.2,54.6,316.0,98.9,CRITICAL
177.0,366.4,100.0,34.0,1928.0,95.7,CRITICAL
58.4,131.0,41.3,35.4,2277.0,50.3,MEDIUM
112.6,217.9,53.5,17.2,1017.0,41.5,MEDIUM
149.1,383.8,81.9,30.7,1843.0,88.6,CRITICAL
85.6,186.3,51.6,25.6,1593.0,42.6,MEDIUM
54.8,158.0,31.8,57.0,2981.0,42.6,MEDIUM
37.2,64.7,41.4,4.6,2475.0,22.2,LOW
120.4,251.7,70.4,27.5,2849.0,56.9,MEDIUM
20.6,36.0,33.2,47.5,2508.0,40.8,MEDIUM
56.1,68.6,43.3,32.7,2041.0,30.8,MEDIUM
48.3,124.4,51.8,33.9,399.0,42.4,MEDIUM
19.2,20.6,17.3,54.7,2602.0,29.0,LOW
66.0,162.6,57.9,22.5,2331.0,44.8,MEDIUM
60.9,126.8,55.7,0.1,990.0,27.9,LOW
30.5,68.7,21.1,55.5,954.0,30.7,MEDIUM
173.8,319.5,95.5,2.0,1668.0,71.6,HIGH
121.0,186.7,43.2,47.8,992.0,54.1,MEDIUM
73.0,130.4,35.9,8.4,2918.0,37.1,MEDIUM
134.4,291.2,76.1,1.2,742.0,54.9,MEDIUM
157.3,404.0,97.0,21.3,629.0,70.4,HIGH
179.2,240.9,75.5,51.8,322.0,80.4,CRITICAL
39.1,61.5,46.0,2.2,1747.0,18.3,LOW
134.4,184.4,51.4,15.8,2273.0,57.7,MEDIUM
61.1,138.2,52.0,16.7,1842.0,40.8,MEDIUM
83.4,224.5,59.9,5.7,783.0,39.8,MEDIUM
40.9,89.2,45.5,5.6,2786.0,24.6,LOW
70.3,174.0,56.9,54.5,1262.0,63.4,HIGH
135.8,323.8,72.5,41.7,594.0,63.6,HIGH
210.7,291.8,69.6,18.7,735.0,67.9,HIGH
65.0,152.9,30.7,14.3,1427.0,34.6,MEDIUM
31.4,45.6,46.8,2.6,1724.0,14.4,LOW
232.1,600.0,100.0,21.5,1884.0,83.6,CRITICAL
37.8,63.5,11.8,18.1,405.0,16.2,LOW
12.9,36.2,44.9,55.0,2629.0,44.6,MEDIUM
43.9,47.0,36.4,13.2,1142.0,22.1,LOW
152.0,300.5,63.8,24.3,926.0,52.3,MEDIUM
35.5,112.9,34.6,40.9,2125.0,31.2,MEDIUM
24.1,23.1,25.2,19.3,1918.0,18.2,LOW
77.6,160.2,42.9,46.9,2980.0,43.8,MEDIUM
210.8,388.0,78.6,43.6,1349.0,100.0,CRITICAL
100.7,208.9,81.7,2.1,713.0,49.3,MEDIUM
20.2,27.1,38.5,51.3,2924.0,38.5,MEDIUM
287.3,450.7,100.0,21.8,1550.0,84.0,CRITICAL
92.1,251.9,70.5,5.8,2052.0,51.2,MEDIUM
141.4,222.5,70.3,41.9,318.0,68.6,HIGH
15.8,37.7,25.1,44.8,1140.0,25.9,LOW
255.5,379.0,84.8,4.3,2964.0,68.2,HIGH
51.7,132.1,48.8,21.2,2900.0,43.2,MEDIUM
14.4,0.0,37.4,53.7,2956.0,37.9,MEDIUM
84.8,189.5,57.8,40.2,2507.0,60.1,HIGH
141.3,229.2,68.6,32.0,1601.0,57.4,MEDIUM
112.2,262.6,73.2,30.2,1802.0,56.4,MEDIUM
110.7,162.2,50.7,36.5,410.0,53.5,MEDIUM
105.0,170.0,50.6,39.2,2421.0,51.9,MEDIUM
79.1,202.8,52.4,4.1,2297.0,29.2,LOW
15.8,19.2,45.9,20.0,2183.0,23.6,LOW
60.4,114.8,43.6,31.6,1271.0,38.7,MEDIUM
53.8,130.3,53.5,43.8,944.0,57.1,MEDIUM
179.7,333.8,78.2,44.6,2468.0,92.1,CRITICAL
152.1,397.4,100.0,36.3,2929.0,97.4,CRITICAL
48.0,107.7,22.3,35.2,1386.0,46.8,MEDIUM
125.9,371.1,89.3,22.1,355.0,57.7,MEDIUM
67.6,181.7,42.2,50.1,2722.0,56.0,MEDIUM
12.9,26.6,38.7,55.0,2130.0,32.4,MEDIUM
4.7,0.0,28.2,50.8,2080.0,34.2,MEDIUM
115.3,294.9,56.5,52.3,2844.0,80.6,CRITICAL
27.2,75.5,45.4,54.5,2077.0,46.9,MEDIUM
27.1,43.3,39.2,12.1,1929.0,25.2,LOW
38.7,63.1,36.7,30.8,2188.0,29.3,LOW
117.2,175.2,55.0,32.1,1555.0,52.8,MEDIUM
153.6,386.6,89.9,29.1,1004.0,85.0,CRITICAL
151.3,372.4,100.0,50.9,905.0,88.2,CRITICAL
11.2,49.0,33.6,19.5,2233.0,12.2,LOW
37.2,81.5,54.4,9.7,879.0,22.6,LOW
31.9,112.4,46.4,16.5,2807.0,32.6,MEDIUM
117.1,339.1,96.4,8.6,1328.0,66.5,HIGH
37.8,54.9,35.4,24.3,1974.0,26.4,LOW
63.7,74.1,33.1,7.0,320.0,24.2,LOW
124.8,221.1,50.0,5.3,1457.0,33.1,MEDIUM
73.9,193.8,58.7,27.1,1319.0,42.0,MEDIUM
91.8,114.7,37.7,36.1,2313.0,32.5,MEDIUM
61.9,95.0,61.1,36.5,355.0,57.2,MEDIUM
142.6,352.5,72.4,5.5,1327.0,57.6,MEDIUM
152.7,334.5,71.9,58.3,2603.0,78.2,HIGH
104.9,145.1,58.7,7.3,2072.0,45.3,MEDIUM
153.1,261.5,83.5,39.6,2377.0,100.0,CRITICAL
350.7,507.7,100.0,53.3,2337.0,100.0,CRITICAL
123.3,204.6,73.4,53.1,2053.0,61.4,HIGH
69.4,91.0,42.7,30.7,1296.0,51.7,MEDIUM
93.4,165.7,54.1,16.6,1318.0,35.2,MEDIUM
164.0,231.1,88.8,49.7,343.0,96.7,CRITICAL
51.2,171.3,76.0,36.8,746.0,64.7,HIGH
47.7,142.6,60.0,47.5,1763.0,53.1,MEDIUM
92.2,124.7,62.0,24.0,2706.0,40.1,MEDIUM
68.4,159.6,64.2,54.8,1914.0,71.0,HIGH
31.6,39.0,21.4,55.8,1284.0,31.2,MEDIUM
81.8,214.5,61.7,44.2,2529.0,55.6,MEDIUM
187.7,478.2,100.0,56.6,1457.0,100.0,CRITICAL
102.4,202.5,69.0,27.2,928.0,49.0,MEDIUM
25.9,49.8,36.7,11.7,424.0,22.7,LOW
114.6,231.4,82.8,39.4,2520.0,75.5,HIGH
57.7,67.6,44.6,39.2,1925.0,43.7,MEDIUM
276.7,528.7,100.0,29.5,1826.0,100.0,CRITICAL
108.1,164.6,59.2,15.6,2218.0,42.7,MEDIUM
43.6,90.9,50.1,37.5,1894.0,36.7,MEDIUM
120.8,245.6,74.2,10.8,1181.0,57.0,MEDIUM
86.3,147.9,67.8,45.2,1929.0,56.2,MEDIUM
175.5,385.0,100.0,54.4,592.0,98.9,CRITICAL
47.5,104.9,40.3,10.0,1029.0,29.4,LOW
107.9,256.8,72.8,49.2,1704.0,73.2,HIGH
15.8,47.2,52.3,11.9,394.0,17.1,LOW
79.1,202.8,58.8,30.0,2501.0,53.3,MEDIUM
25.2,30.2,18.8,55.8,325.0,23.9,LOW
84.2,191.6,47.8,5.0,1243.0,34.2,MEDIUM
98.7,176.8,46.4,5.4,1472.0,43.6,MEDIUM
104.9,125.7,43.4,57.5,2106.0,40.2,MEDIUM
47.5,146.4,43.0,9.5,634.0,22.5,LOW
81.0,163.3,66.8,20.5,2500.0,47.0,MEDIUM
160.8,233.2,61.7,27.5,1393.0,63.7,HIGH
226.4,343.2,96.6,0.4,903.0,76.7,HIGH
83.1,267.5,56.6,11.3,475.0,31.4,MEDIUM
163.8,398.4,85.5,49.7,2791.0,100.0,CRITICAL
34.3,43.5,37.8,31.1,1329.0,35.2,MEDIUM
53.9,109.9,56.2,23.6,1268.0,37.1,MEDIUM
90.1,162.6,68.1,40.9,705.0,46.1,MEDIUM
68.7,183.6,51.1,19.5,1618.0,37.7,MEDIUM
63.2,107.2,58.0,26.3,1096.0,47.1,MEDIUM
152.2,216.3,42.3,59.6,665.0,61.0,HIGH
29.3,107.4,56.6,46.5,2308.0,45.9,MEDIUM
32.2,73.0,24.9,33.2,2715.0,27.5,LOW
21.3,37.0,40.9,31.6,1186.0,35.1,MEDIUM
92.2,128.4,62.8,50.7,1002.0,54.1,MEDIUM
57.6,144.0,62.3,36.1,1245.0,45.9,MEDIUM
142.0,237.9,46.0,20.4,2790.0,53.9,MEDIUM
86.4,159.8,48.6,25.1,1834.0,41.1,MEDIUM
46.5,68.6,48.9,11.0,665.0,22.1,LOW
40.6,53.6,46.3,57.6,1971.0,33.9,MEDIUM
65.5,110.2,49.8,39.1,1324.0,41.8,MEDIUM
25.5,19.3,6.5,23.9,249.0,5.7,LOW
154.7,209.0,75.7,21.6,2916.0,65.9,HIGH
55.3,122.6,64.9,54.4,522.0,45.2,MEDIUM
17.7,20.8,35.1,21.6,1358.0,21.7,LOW
176.2,236.0,68.1,45.4,2041.0,74.2,HIGH
66.3,160.8,60.2,50.1,1841.0,49.2,MEDIUM
114.1,226.2,81.5,54.6,212.0,72.9,HIGH
47.1,48.4,40.3,22.4,1902.0,33.3,MEDIUM
180.4,374.2,83.8,45.9,2236.0,100.0,CRITICAL
35.9,51.9,42.4,19.6,2578.0,36.7,MEDIUM
57.6,139.4,50.8,56.6,715.0,54.7,MEDIUM
12.0,31.6,34.7,0.7,303.0,4.1,LOW
177.4,394.6,68.0,34.2,2844.0,76.0,HIGH
42.2,122.2,54.6,30.6,2105.0,40.8,MEDIUM
93.8,141.0,65.2,52.7,1474.0,66.0,HIGH
103.8,289.8,85.7,13.0,2230.0,62.8,HIGH
158.0,250.7,79.0,5.2,640.0,53.4,MEDIUM
88.6,163.8,53.9,50.8,2884.0,43.4,MEDIUM
69.4,98.0,46.4,21.0,2032.0,31.3,MEDIUM
146.9,365.1,99.1,19.5,2655.0,76.9,HIGH
102.5,221.3,73.6,6.3,1759.0,45.4,MEDIUM
61.2,148.0,70.0,55.2,2442.0,56.0,MEDIUM
182.9,418.0,84.6,38.0,1117.0,100.0,CRITICAL
108.4,214.9,54.1,41.5,573.0,62.8,HIGH
23.4,76.3,37.5,53.9,1191.0,33.0,MEDIUM
205.6,567.7,100.0,50.6,2711.0,100.0,CRITICAL
46.1,107.7,30.3,27.1,2155.0,44.1,MEDIUM
157.5,319.3,83.5,9.6,1477.0,70.6,HIGH
18.0,27.0,38.9,40.3,859.0,29.3,LOW
146.3,206.3,63.9,39.0,1875.0,66.9,HIGH
24.9,39.8,40.2,2.8,1860.0,24.3,LOW
86.9,270.3,53.0,54.0,1687.0,59.2,MEDIUM
106.2,277.3,65.8,20.1,2266.0,53.9,MEDIUM
62.3,55.6,34.8,25.7,880.0,21.8,LOW
76.0,114.5,47.8,30.8,1631.0,38.4,MEDIUM
30.3,88.4,25.7,54.7,1064.0,31.7,MEDIUM
135.8,356.5,72.3,10.2,776.0,48.9,MEDIUM
90.4,204.8,55.5,22.1,1132.0,46.8,MEDIUM
35.7,117.6,60.3,30.1,2448.0,48.1,MEDIUM
92.9,194.6,62.3,59.5,519.0,54.0,MEDIUM
95.1,269.9,82.7,26.4,971.0,44.5,MEDIUM
78.8,100.3,43.6,23.9,1692.0,38.7,MEDIUM
4.8,0.0,30.0,56.1,1323.0,32.1,MEDIUM
55.3,120.3,54.0,39.7,2517.0,49.7,MEDIUM
134.4,213.5,59.9,9.8,2382.0,46.6,MEDIUM
110.5,230.2,57.0,10.5,2098.0,40.1,MEDIUM
108.2,225.4,45.9,38.7,991.0,59.3,MEDIUM
89.9,106.1,38.7,28.0,259.0,40.7,MEDIUM
145.4,329.8,89.5,0.5,1079.0,53.3,MEDIUM
45.8,54.8,53.4,26.9,1883.0,28.3,LOW
37.8,101.9,36.0,56.4,484.0,40.0,MEDIUM
240.6,374.4,65.4,44.8,2506.0,80.9,CRITICAL
41.8,112.1,57.9,33.5,2962.0,46.9,MEDIUM
22.6,63.6,40.4,11.7,2265.0,26.3,LOW
61.4,108.1,30.1,20.1,1361.0,44.0,MEDIUM
81.0,174.1,18.8,59.8,2432.0,47.1,MEDIUM
146.0,216.4,50.9,39.5,963.0,72.4,HIGH
55.4,91.5,38.2,16.6,2872.0,33.6,MEDIUM
55.0,80.9,28.3,44.3,1227.0,35.6,MEDIUM
75.4,100.2,53.3,5.5,2132.0,27.9,LOW
47.8,121.2,38.4,22.2,253.0,25.6,LOW
18.2,8.6,31.4,13.7,1966.0,23.2,LOW
24.4,22.2,61.8,53.8,1029.0,42.1,MEDIUM
173.6,259.6,70.3,44.1,486.0,60.6,HIGH
124.9,234.4,63.8,29.8,1414.0,64.3,HIGH
73.4,169.7,54.3,24.5,496.0,50.6,MEDIUM
110.3,246.5,75.0,51.5,718.0,68.5,HIGH
127.6,271.3,77.2,11.7,2706.0,63.8,HIGH
43.7,91.8,31.7,4.5,378.0,29.8,LOW
30.0,34.9,30.3,51.1,1950.0,26.0,LOW
161.6,263.2,61.5,51.4,369.0,65.3,HIGH
6.8,33.6,31.6,14.6,2211.0,15.9,LOW
111.5,196.6,81.4,11.7,2938.0,59.5,MEDIUM
86.0,239.6,73.3,43.3,1403.0,58.9,MEDIUM
150.7,347.4,81.2,8.6,2911.0,60.8,HIGH
114.5,266.8,84.9,37.3,1996.0,85.5,CRITICAL
109.8,206.8,63.3,42.1,1867.0,70.7,HIGH
33.0,81.7,22.6,37.3,679.0,30.5,MEDIUM
131.0,284.2,92.6,25.6,2867.0,65.9,HIGH
101.9,198.1,57.8,49.0,2612.0,59.6,MEDIUM
37.1,101.0,18.1,55.8,569.0,38.2,MEDIUM
86.6,170.4,36.4,42.3,280.0,38.5,MEDIUM
26.8,49.6,51.0,25.1,1205.0,31.5,MEDIUM
65.6,120.6,29.1,59.7,646.0,36.2,MEDIUM
306.7,488.5,100.0,27.0,1141.0,81.2,CRITICAL
31.3,67.3,41.1,7.0,2884.0,13.7,LOW
18.0,24.0,42.2,11.0,2613.0,20.7,LOW
24.7,53.7,35.0,20.9,1432.0,32.6,MEDIUM
64.9,93.2,50.3,10.3,972.0,19.3,LOW
120.5,343.9,85.4,46.7,1818.0,93.2,CRITICAL
77.1,170.4,55.1,0.8,2825.0,32.6,MEDIUM
20.9,17.7,19.9,24.4,2414.0,17.8,LOW
119.4,324.1,82.9,52.7,2630.0,92.0,CRITICAL
10.4,39.6,14.1,7.1,2331.0,22.2,LOW
23.3,52.5,49.0,34.6,1610.0,44.9,MEDIUM
46.1,128.2,51.6,56.0,596.0,46.7,MEDIUM
157.7,320.6,83.7,4.3,2492.0,61.7,HIGH
79.5,210.5,30.2,21.0,2023.0,42.4,MEDIUM
81.9,225.9,50.4,2.3,2363.0,53.4,MEDIUM
21.2,50.0,31.4,40.9,2255.0,33.6,MEDIUM
50.2,32.3,42.9,25.0,889.0,38.1,MEDIUM
142.1,358.1,72.4,56.8,1000.0,69.8,HIGH
97.1,193.6,89.6,41.5,2598.0,76.8,HIGH
122.5,259.7,65.8,36.1,1340.0,72.6,HIGH
73.0,135.6,38.1,54.6,698.0,45.8,MEDIUM
143.2,361.6,82.0,7.8,2000.0,63.2,HIGH
21.1,38.7,24.4,47.0,1035.0,35.5,MEDIUM
63.7,140.7,36.9,43.8,1999.0,41.5,MEDIUM
108.0,206.3,73.1,40.4,1852.0,60.1,HIGH
14.6,50.6,43.7,38.3,2057.0,32.1,MEDIUM
3.1,21.4,39.4,7.5,2982.0,21.4,LOW
240.8,500.4,100.0,48.8,976.0,100.0,CRITICAL
80.3,206.6,66.8,38.1,2932.0,54.3,MEDIUM
12.9,6.2,18.1,46.3,2338.0,43.3,MEDIUM
78.8,163.1,63.0,52.6,2595.0,57.8,MEDIUM
23.7,25.5,20.3,32.5,2447.0,29.3,LOW
33.0,67.0,34.3,57.4,264.0,43.8,MEDIUM
161.4,376.9,86.0,6.6,1610.0,59.2,MEDIUM
47.1,73.1,39.2,0.2,496.0,16.6,LOW
46.8,145.5,30.3,19.8,2086.0,34.4,MEDIUM
22.9,46.6,25.4,13.0,367.0,8.4,LOW
56.0,80.0,41.7,33.2,293.0,34.6,MEDIUM
84.4,204.1,53.3,16.8,2739.0,57.8,MEDIUM
47.1,111.6,60.3,41.3,2768.0,60.3,HIGH
283.3,789.0,100.0,56.7,1947.0,100.0,CRITICAL
28.9,99.5,31.5,46.2,1488.0,45.6,MEDIUM
28.8,23.7,34.3,25.2,2520.0,32.6,MEDIUM
54.1,107.5,65.1,59.1,2900.0,50.4,MEDIUM
261.1,341.0,79.5,46.3,352.0,100.0,CRITICAL
124.0,289.5,68.5,48.7,490.0,60.4,HIGH
45.8,66.4,50.3,12.3,2734.0,37.7,MEDIUM
45.8,125.5,45.5,41.2,478.0,38.3,MEDIUM
27.9,65.1,55.0,4.2,2200.0,23.7,LOW
52.8,77.5,34.5,14.1,1750.0,31.7,MEDIUM
62.2,139.2,45.2,1.0,1661.0,41.1,MEDIUM
119.9,247.4,76.6,42.3,473.0,88.2,CRITICAL
102.4,216.0,63.6,1.3,2240.0,45.5,MEDIUM
51.4,84.0,43.9,27.0,1886.0,37.3,MEDIUM
198.7,488.0,80.3,38.9,2801.0,100.0,CRITICAL
40.5,70.5,36.3,18.3,1547.0,36.6,MEDIUM
17.6,46.0,47.3,22.0,2755.0,20.3,LOW
87.4,126.7,39.6,52.1,715.0,47.1,MEDIUM
153.2,349.8,90.9,54.1,771.0,87.4,CRITICAL
70.8,171.1,58.9,51.5,2857.0,54.9,MEDIUM
22.0,50.6,35.2,45.0,478.0,26.7,LOW
82.1,177.0,72.8,16.7,862.0,34.3,MEDIUM
90.1,192.9,54.9,4.5,596.0,28.5,LOW
97.3,225.6,60.6,29.3,2187.0,51.4,MEDIUM
83.4,127.2,46.5,55.5,2385.0,56.4,MEDIUM
167.5,428.2,95.2,13.4,2724.0,69.8,HIGH
27.2,50.2,46.7,12.6,611.0,18.5,LOW
1.3,7.2,13.4,46.8,1101.0,28.0,LOW
10.4,1.3,40.6,35.5,1088.0,30.9,MEDIUM
21.7,38.3,36.6,24.3,2926.0,39.6,MEDIUM
135.0,365.6,91.5,51.8,1832.0,100.0,CRITICAL
56.0,64.4,68.4,35.0,1145.0,38.6,MEDIUM
209.4,242.0,60.2,55.2,1036.0,70.9,HIGH
25.3,42.9,21.7,22.1,1093.0,26.7,LOW
206.6,411.7,94.1,26.6,2194.0,79.0,HIGH
33.3,103.6,49.8,4.5,1738.0,24.4,LOW
62.2,110.1,57.0,22.1,1946.0,30.4,MEDIUM
13.1,19.6,26.5,10.8,1517.0,8.9,LOW
188.1,369.9,75.5,2.0,274.0,67.8,HIGH
69.2,107.4,27.7,15.3,2124.0,32.6,MEDIUM
291.8,609.3,100.0,29.4,2228.0,100.0,CRITICAL
158.2,272.9,65.9,14.8,705.0,53.6,MEDIUM
60.9,146.5,50.6,6.5,2018.0,43.9,MEDIUM
38.4,110.2,71.3,27.1,2657.0,40.6,MEDIUM
139.3,297.8,54.4,8.9,1888.0,54.9,MEDIUM
75.0,174.5,60.2,5.2,2072.0,43.8,MEDIUM
36.6,17.8,24.0,57.6,2162.0,44.6,MEDIUM
79.3,198.8,62.5,28.6,1108.0,43.8,MEDIUM
8.4,2.2,23.7,48.1,632.0,19.5,LOW
98.7,237.7,78.1,10.2,1523.0,43.2,MEDIUM
113.1,209.3,73.7,27.7,849.0,60.2,HIGH
24.4,0.1,28.7,5.4,2124.0,29.0,LOW
170.6,319.0,95.1,24.7,2202.0,79.7,HIGH
146.2,243.8,75.7,49.6,223.0,79.7,HIGH
92.1,235.6,82.1,53.6,2872.0,89.6,CRITICAL
31.1,48.9,36.8,31.1,2790.0,31.4,MEDIUM
118.0,353.5,94.4,17.2,569.0,57.1,MEDIUM
53.5,66.9,30.8,44.0,1538.0,38.1,MEDIUM
85.0,140.9,40.7,38.3,785.0,42.1,MEDIUM
126.3,252.4,94.0,28.2,2899.0,79.2,HIGH
18.0,25.1,20.7,28.5,1785.0,32.0,MEDIUM
12.4,44.4,31.4,29.6,2160.0,25.6,LOW
49.1,70.5,17.8,20.4,2938.0,18.5,LOW
259.2,657.6,100.0,31.1,2084.0,100.0,CRITICAL
299.9,365.7,72.9,3.4,2638.0,63.7,HIGH
97.1,177.3,48.5,34.2,874.0,43.4,MEDIUM
149.1,199.6,63.5,29.8,842.0,62.9,HIGH
71.5,133.7,56.5,25.2,1435.0,38.7,MEDIUM
79.4,162.8,42.3,19.4,2668.0,38.8,MEDIUM
62.1,157.6,44.2,37.3,310.0,42.7,MEDIUM
161.9,265.2,82.8,29.1,1436.0,82.2,CRITICAL
211.1,268.5,90.7,6.1,2510.0,67.3,HIGH
77.9,203.8,75.6,22.5,697.0,34.5,MEDIUM
79.1,168.7,35.5,4.6,1924.0,31.1,MEDIUM
64.7,142.0,65.6,22.8,396.0,50.9,MEDIUM
214.7,413.7,100.0,32.0,229.0,100.0,CRITICAL
136.2,345.0,61.4,23.5,1093.0,57.7,MEDIUM
30.4,89.0,56.3,20.5,2456.0,38.6,MEDIUM
253.9,739.6,100.0,16.9,316.0,86.3,CRITICAL
4.5,0.0,26.1,22.9,1221.0,14.4,LOW
200.3,523.5,100.0,4.2,2240.0,86.1,CRITICAL
152.9,240.6,71.4,59.6,1234.0,71.4,HIGH
78.1,168.5,69.2,33.3,1541.0,50.4,MEDIUM
76.6,203.2,73.8,38.2,1601.0,66.5,HIGH
67.4,213.8,44.0,11.0,2742.0,26.2,LOW
31.8,86.2,35.2,55.4,2652.0,34.5,MEDIUM
240.5,433.3,96.1,34.3,378.0,100.0,CRITICAL
74.8,189.9,77.4,24.9,2138.0,56.4,MEDIUM
31.2,76.3,8.7,42.8,1720.0,41.6,MEDIUM
230.7,471.6,93.4,18.3,1193.0,68.8,HIGH
105.3,132.2,31.5,56.1,1579.0,55.6,MEDIUM
110.0,213.6,45.6,10.2,2663.0,37.0,MEDIUM
266.4,480.4,100.0,50.0,2365.0,100.0,CRITICAL
121.3,237.9,59.3,58.0,1791.0,63.9,HIGH
43.9,74.3,13.1,29.5,692.0,31.4,MEDIUM
121.2,245.8,65.0,52.6,1932.0,64.9,HIGH
34.6,84.1,67.0,4.3,1594.0,35.8,MEDIUM
51.5,108.0,24.5,37.2,1451.0,31.7,MEDIUM
94.7,260.9,75.5,21.4,2843.0,56.2,MEDIUM
147.5,240.7,84.9,21.9,2979.0,66.8,HIGH
46.2,54.6,37.6,27.0,2864.0,45.0,MEDIUM
65.8,113.6,70.2,35.8,2269.0,56.5,MEDIUM
65.3,112.3,38.9,37.0,1877.0,44.4,MEDIUM
165.8,363.2,100.0,16.7,1094.0,75.2,HIGH
76.6,139.4,65.4,23.0,2852.0,54.1,MEDIUM
251.7,523.8,100.0,15.0,1476.0,86.6,CRITICAL
51.5,51.0,19.8,38.0,765.0,25.8,LOW
48.0,101.6,33.2,6.1,510.0,25.9,LOW
197.8,522.8,80.3,25.4,2540.0,83.2,CRITICAL
114.1,127.7,56.3,58.7,1119.0,54.5,MEDIUM
192.8,389.3,94.1,59.3,2345.0,100.0,CRITICAL
23.5,74.4,42.1,31.1,1957.0,37.8,MEDIUM
75.1,201.1,58.7,14.8,994.0,44.2,MEDIUM
94.6,128.5,65.6,35.0,2582.0,49.3,MEDIUM
89.7,190.9,62.2,29.3,2566.0,46.8,MEDIUM
66.7,153.4,46.4,2.5,681.0,40.2,MEDIUM
88.3,231.0,66.4,59.3,541.0,63.6,HIGH
91.9,225.4,88.4,19.6,1881.0,56.5,MEDIUM
46.8,106.4,53.4,24.0,854.0,39.5,MEDIUM
161.1,423.2,88.8,30.8,1130.0,88.9,CRITICAL
232.6,317.8,77.1,52.8,2823.0,100.0,CRITICAL
128.7,184.0,63.2,47.9,692.0,61.7,HIGH
102.8,191.8,53.7,12.3,1517.0,49.2,MEDIUM
71.4,120.3,41.9,43.0,1026.0,37.3,MEDIUM
94.1,204.9,60.6,52.5,1174.0,52.0,MEDIUM
101.3,180.7,75.3,42.9,1236.0,68.7,HIGH
31.9,13.2,41.5,8.4,928.0,25.5,LOW
155.6,366.0,80.0,32.3,2338.0,89.3,CRITICAL
54.5,117.0,58.0,50.3,2473.0,46.0,MEDIUM
205.0,460.0,99.1,11.7,1711.0,78.2,HIGH
86.1,216.8,66.6,32.3,2718.0,52.7,MEDIUM
157.5,187.4,61.2,40.2,583.0,54.2,MEDIUM
127.3,279.3,46.6,38.1,1618.0,67.7,HIGH
23.8,59.2,5.0,6.4,2520.0,13.8,LOW
192.7,520.5,100.0,16.6,1939.0,90.1,CRITICAL
40.2,36.0,25.2,33.1,2958.0,24.2,LOW
51.4,71.5,21.1,12.5,1868.0,27.3,LOW
55.3,119.2,38.0,20.0,2888.0,27.1,LOW
15.7,52.5,49.0,24.9,476.0,42.6,MEDIUM
89.2,121.4,52.5,0.8,319.0,20.2,LOW
164.4,272.2,80.1,30.6,1198.0,94.8,CRITICAL
201.6,464.4,100.0,59.7,2556.0,100.0,CRITICAL
66.7,161.7,43.2,24.5,341.0,36.3,MEDIUM
76.0,208.2,70.6,16.5,906.0,48.6,MEDIUM
133.6,337.9,87.7,15.2,2958.0,59.8,MEDIUM
68.2,121.6,46.8,30.9,1995.0,48.2,MEDIUM
174.7,354.5,83.9,27.4,1301.0,93.6,CRITICAL
73.2,126.6,58.5,51.7,418.0,50.0,MEDIUM
35.4,27.3,25.1,38.4,2315.0,35.3,MEDIUM
90.9,128.3,62.3,23.9,2791.0,60.3,HIGH
19.2,30.8,41.4,23.1,2276.0,32.9,MEDIUM
90.0,119.3,47.9,32.8,526.0,39.4,MEDIUM
103.1,195.9,77.8,15.2,1689.0,55.8,MEDIUM
40.3,136.0,34.9,25.4,1328.0,30.0,MEDIUM
100.2,172.0,50.3,17.1,2731.0,41.3,MEDIUM
61.8,110.8,38.4,30.9,2334.0,43.9,MEDIUM
38.9,37.9,40.0,32.8,2446.0,30.2,MEDIUM
16.5,0.0,44.2,50.8,1358.0,36.0,MEDIUM
21.5,39.1,24.1,15.1,270.0,21.3,LOW
219.3,582.0,100.0,54.3,2326.0,100.0,CRITICAL
59.8,145.4,43.9,32.1,1973.0,46.8,MEDIUM
101.3,277.3,75.9,43.6,596.0,70.1,HIGH
66.3,101.2,45.2,36.7,2319.0,37.4,MEDIUM
222.9,313.7,77.6,49.7,618.0,100.0,CRITICAL
39.0,76.0,31.9,39.8,2271.0,34.7,MEDIUM
81.2,207.9,74.0,0.7,2198.0,33.4,MEDIUM
51.2,86.9,32.8,23.4,221.0,23.0,LOW
156.3,243.6,45.3,56.3,2369.0,71.9,HIGH
100.5,283.3,59.0,27.1,1341.0,54.9,MEDIUM
78.9,211.5,79.1,49.7,1618.0,80.9,CRITICAL
24.6,57.2,53.6,52.1,2901.0,43.8,MEDIUM
290.8,701.7,100.0,20.0,2776.0,82.3,CRITICAL
67.8,121.0,57.9,51.5,1271.0,40.0,MEDIUM
33.4,95.2,20.5,22.6,2187.0,22.8,LOW
16.5,10.9,31.3,1.5,1637.0,15.0,LOW
20.8,23.1,19.0,41.7,2502.0,24.9,LOW
78.3,99.7,55.6,49.2,1095.0,56.3,MEDIUM
158.0,392.8,95.6,27.1,1519.0,85.0,CRITICAL
95.6,141.3,63.0,10.4,515.0,29.6,LOW
17.6,25.7,30.3,36.9,2795.0,32.4,MEDIUM
78.2,211.7,59.5,44.3,2722.0,63.2,HIGH
191.6,461.5,81.2,39.3,973.0,100.0,CRITICAL
58.1,153.4,40.6,21.3,1832.0,27.5,LOW
95.9,213.6,73.4,22.1,1259.0,60.5,HIGH
60.2,181.7,61.7,32.9,636.0,47.4,MEDIUM
111.8,176.6,57.7,11.6,326.0,38.2,MEDIUM
38.5,80.7,57.2,50.8,2504.0,51.9,MEDIUM
0.8,50.7,22.0,6.1,1010.0,20.1,LOW
26.0,56.5,47.1,29.2,1643.0,23.5,LOW
52.2,120.5,33.9,51.6,2728.0,42.8,MEDIUM
72.2,165.8,72.6,31.8,256.0,45.5,MEDIUM
54.0,128.3,55.8,45.7,1733.0,53.4,MEDIUM
53.1,112.8,58.5,14.4,2875.0,46.5,MEDIUM
158.9,252.8,59.5,26.7,2466.0,63.9,HIGH
30.3,96.0,70.6,42.8,814.0,44.0,MEDIUM
78.6,210.3,85.5,53.3,762.0,79.2,HIGH
18.9,37.2,40.7,38.6,2335.0,34.6,MEDIUM
128.7,355.0,97.4,14.6,423.0,49.8,MEDIUM
93.8,167.0,51.4,8.8,1878.0,42.9,MEDIUM
287.0,532.4,94.6,50.5,855.0,100.0,CRITICAL
29.2,87.9,52.7,33.2,2550.0,46.9,MEDIUM
230.2,525.8,97.8,11.0,1262.0,74.6,HIGH
33.1,92.9,59.7,29.1,1362.0,42.1,MEDIUM
57.7,147.4,64.7,7.6,2424.0,47.3,MEDIUM
22.3,62.4,42.2,6.3,447.0,34.4,MEDIUM
284.5,375.2,88.4,55.2,1883.0,100.0,CRITICAL
104.6,296.4,86.3,32.7,2895.0,88.1,CRITICAL
105.4,193.2,62.3,14.9,2021.0,42.3,MEDIUM
36.0,52.6,33.0,52.9,429.0,28.8,LOW
5.3,47.6,19.0,59.9,2744.0,38.3,MEDIUM
55.8,109.2,57.9,53.1,561.0,34.8,MEDIUM
47.3,104.4,50.1,44.9,1233.0,46.1,MEDIUM
11.1,27.2,67.1,57.7,709.0,48.9,MEDIUM
58.9,119.4,46.8,11.8,2221.0,38.4,MEDIUM
78.7,84.7,46.3,52.7,942.0,51.4,MEDIUM
109.9,151.9,56.7,21.5,931.0,45.9,MEDIUM
6.5,0.0,37.8,1.9,1358.0,11.1,LOW
23.8,27.2,22.5,1.9,1001.0,25.3,LOW
37.2,117.1,46.6,11.3,2397.0,38.6,MEDIUM
163.8,321.9,88.2,46.8,1675.0,100.0,CRITICAL
161.7,319.3,73.9,53.8,1757.0,76.8,HIGH
100.4,179.2,66.4,7.7,653.0,38.2,MEDIUM
58.0,167.3,56.3,50.7,2758.0,60.1,HIGH
170.9,467.2,100.0,45.3,1177.0,100.0,CRITICAL
91.5,246.7,80.8,3.1,1257.0,46.6,MEDIUM
164.4,217.3,59.9,43.9,879.0,70.6,HIGH
103.9,207.7,43.7,2.3,2889.0,40.7,MEDIUM
13.2,11.6,28.5,15.8,1900.0,29.3,LOW
5.2,0.0,20.1,31.9,371.0,12.1,LOW
53.2,144.4,26.1,54.6,739.0,41.0,MEDIUM
140.1,389.5,87.1,6.3,1545.0,74.9,HIGH
46.8,111.2,49.1,20.9,726.0,38.7,MEDIUM
194.0,460.0,100.0,34.6,1894.0,100.0,CRITICAL
131.2,301.8,61.6,44.4,1062.0,71.6,HIGH
182.4,498.7,100.0,54.9,1179.0,100.0,CRITICAL
54.5,70.7,54.1,28.1,2403.0,49.9,MEDIUM
31.3,80.5,35.2,50.5,1668.0,44.3,MEDIUM
27.0,34.4,41.6,37.0,516.0,27.2,LOW
111.2,269.9,89.7,12.2,1241.0,57.4,MEDIUM
14.6,20.1,10.7,34.8,2710.0,28.4,LOW
15.7,8.8,34.6,18.8,2569.0,27.3,LOW
44.4,30.1,48.5,42.2,2328.0,44.7,MEDIUM
88.9,117.3,43.4,17.1,2562.0,43.6,MEDIUM
37.7,48.2,53.9,15.8,456.0,30.4,MEDIUM
161.9,349.0,90.0,56.7,542.0,89.8,CRITICAL
184.2,312.5,98.1,54.5,252.0,94.4,CRITICAL
2.4,0.0,37.0,27.1,550.0,20.7,LOW
105.4,259.9,91.2,45.9,2506.0,88.1,CRITICAL
47.0,121.7,51.9,58.9,306.0,42.8,MEDIUM
144.6,296.2,58.0,5.3,1503.0,57.8,MEDIUM
108.0,302.2,67.8,36.4,892.0,55.5,MEDIUM
85.7,202.2,72.5,15.2,2531.0,39.3,MEDIUM
67.7,90.5,55.6,48.0,2448.0,63.4,HIGH
15.8,36.9,31.8,6.1,2345.0,14.0,LOW
314.9,654.2,100.0,47.3,1259.0,100.0,CRITICAL
23.5,95.4,40.1,12.0,2792.0,31.0,MEDIUM
231.9,564.4,100.0,27.4,2708.0,100.0,CRITICAL
123.6,286.5,78.2,48.8,2022.0,86.0,CRITICAL
49.1,72.0,24.8,4.0,1915.0,19.6,LOW
42.9,57.8,37.3,55.7,1143.0,41.6,MEDIUM
15.0,19.2,61.4,13.0,2260.0,23.8,LOW
77.3,178.2,45.7,30.0,2828.0,46.4,MEDIUM
14.3,49.9,45.0,44.1,1085.0,36.3,MEDIUM
168.4,192.7,45.1,7.4,1001.0,53.4,MEDIUM
92.4,133.6,38.8,36.5,938.0,42.9,MEDIUM
73.3,157.2,36.6,30.9,2953.0,38.3,MEDIUM
81.0,123.8,59.9,35.2,1713.0,46.5,MEDIUM
95.2,139.3,40.4,39.7,2909.0,53.5,MEDIUM
56.8,68.4,55.5,25.2,1929.0,28.6,LOW
63.4,170.7,49.2,17.9,1022.0,44.6,MEDIUM
248.8,589.0,100.0,11.0,1842.0,83.5,CRITICAL
156.9,392.5,93.8,56.3,635.0,98.9,CRITICAL
119.8,210.0,42.1,24.1,1455.0,49.9,MEDIUM
49.1,90.4,46.0,16.9,1440.0,27.9,LOW
8.9,16.7,36.7,3.2,1814.0,9.4,LOW
109.9,285.8,86.5,45.1,1284.0,81.1,CRITICAL
80.8,178.3,45.2,31.7,1474.0,37.2,MEDIUM
62.2,174.5,46.4,11.5,2653.0,39.2,MEDIUM
70.6,177.1,64.5,53.6,705.0,52.8,MEDIUM
24.9,95.3,61.2,56.0,2783.0,38.3,MEDIUM
32.8,77.0,34.4,52.8,1708.0,35.7,MEDIUM
157.1,213.1,47.1,33.7,1961.0,64.4,HIGH
6.0,0.0,26.2,22.4,492.0,25.5,LOW
141.7,333.2,67.8,9.7,607.0,46.9,MEDIUM
200.0,540.4,100.0,22.6,2251.0,99.7,CRITICAL
108.2,222.6,50.4,36.7,2722.0,51.8,MEDIUM
104.3,131.4,61.4,13.6,1653.0,33.7,MEDIUM
32.5,77.8,44.2,27.8,669.0,42.4,MEDIUM
37.3,77.3,53.6,34.4,2431.0,35.5,MEDIUM
52.7,160.4,25.0,43.9,2769.0,53.5,MEDIUM
19.9,40.9,15.0,5.5,2076.0,10.6,LOW
34.8,116.6,63.0,52.0,712.0,44.3,MEDIUM
80.5,181.6,48.6,27.4,1355.0,37.1,MEDIUM
50.0,132.0,32.2,34.9,2832.0,48.3,MEDIUM
86.1,214.5,59.7,56.4,736.0,63.1,HIGH
156.7,237.7,68.6,10.1,678.0,49.4,MEDIUM
85.6,181.0,55.3,53.1,2165.0,56.5,MEDIUM
105.2,241.5,71.8,48.3,1721.0,69.2,HIGH
14.0,43.9,40.6,59.6,773.0,32.1,MEDIUM
154.8,321.1,81.5,23.6,1926.0,76.7,HIGH
13.6,9.4,47.6,7.6,2823.0,21.9,LOW
47.0,96.6,44.3,0.9,2595.0,23.6,LOW
26.2,60.4,38.5,47.6,218.0,26.1,LOW
9.0,14.8,41.9,8.2,2655.0,13.2,LOW
82.2,261.4,75.8,18.4,1955.0,56.1,MEDIUM
112.0,188.7,47.5,59.2,948.0,57.6,MEDIUM
203.5,583.2,100.0,26.5,462.0,89.8,CRITICAL
91.5,163.3,59.7,13.9,2919.0,41.7,MEDIUM
34.6,57.2,31.5,45.2,281.0,25.0,LOW
48.9,93.6,37.6,16.3,717.0,25.0,LOW
10.9,12.7,15.2,31.9,2079.0,36.2,MEDIUM
53.5,181.6,22.6,9.4,2322.0,23.2,LOW
72.5,134.3,45.7,27.6,947.0,40.2,MEDIUM
108.5,101.9,46.8,6.5,2264.0,23.5,LOW
130.7,336.5,67.3,46.4,2342.0,69.6,HIGH
105.9,182.7,73.9,21.9,2448.0,52.4,MEDIUM
31.2,31.9,22.2,19.1,2311.0,26.1,LOW
23.1,43.9,47.5,59.6,291.0,34.9,MEDIUM
124.0,173.5,61.0,49.8,2698.0,55.0,MEDIUM
8.5,0.0,56.1,33.2,1776.0,29.3,LOW
272.1,583.3,100.0,56.7,1407.0,100.0,CRITICAL
37.7,45.4,19.4,12.7,268.0,11.5,LOW
170.0,340.5,93.7,34.4,1854.0,89.0,CRITICAL
44.2,112.2,67.2,55.7,656.0,54.2,MEDIUM
114.0,201.2,38.9,34.2,1733.0,48.0,MEDIUM
24.0,73.9,48.8,18.5,730.0,30.2,MEDIUM
76.0,117.3,57.9,48.7,2126.0,52.6,MEDIUM
11.8,9.1,28.8,8.3,449.0,5.8,LOW
95.2,133.3,20.9,9.1,1881.0,29.2,LOW
23.6,39.6,32.4,43.9,2003.0,38.0,MEDIUM
27.5,72.9,34.0,4.2,1307.0,29.7,LOW
51.2,148.8,70.7,3.0,2768.0,32.3,MEDIUM
60.5,158.6,52.7,22.7,1674.0,40.5,MEDIUM
108.6,264.5,64.7,23.9,2301.0,62.2,HIGH
100.7,121.3,41.2,28.2,1445.0,51.6,MEDIUM
82.3,221.1,67.1,44.4,2417.0,57.5,MEDIUM
141.4,300.0,75.7,34.1,2713.0,84.4,CRITICAL
98.6,229.0,54.9,42.8,1356.0,64.4,HIGH
104.0,238.5,68.9,3.0,2909.0,50.4,MEDIUM
27.3,31.7,28.1,18.9,629.0,27.4,LOW
149.2,309.8,45.4,58.0,2569.0,76.1,HIGH
136.4,323.3,86.5,25.7,1672.0,71.0,HIGH
85.5,135.8,57.3,13.3,588.0,38.9,MEDIUM
132.8,329.0,81.7,59.5,1951.0,86.4,CRITICAL
71.4,184.6,52.4,24.7,568.0,40.3,MEDIUM
210.6,378.1,85.8,28.7,2685.0,97.0,CRITICAL
79.5,186.9,67.9,13.4,2485.0,53.4,MEDIUM
69.5,140.3,43.5,39.4,2032.0,48.4,MEDIUM
99.2,202.6,70.7,12.4,852.0,47.2,MEDIUM
241.0,430.4,76.9,36.6,2896.0,96.7,CRITICAL
45.5,84.9,44.8,45.4,2589.0,53.0,MEDIUM
94.3,130.7,49.9,39.1,2203.0,47.7,MEDIUM
48.5,136.9,62.6,5.4,1223.0,30.5,MEDIUM
69.4,176.4,45.4,4.8,1556.0,40.7,MEDIUM
34.4,97.7,34.9,50.5,1147.0,44.6,MEDIUM
102.0,257.3,51.9,54.3,2578.0,57.1,MEDIUM
74.4,167.0,48.2,8.1,1065.0,27.8,LOW
130.8,362.1,87.4,22.5,867.0,64.3,HIGH
157.3,236.3,43.9,39.2,800.0,57.0,MEDIUM
174.3,275.0,65.9,50.1,1323.0,64.8,HIGH
50.1,83.0,49.8,54.5,1944.0,41.8,MEDIUM
99.3,187.6,56.9,41.9,2529.0,42.4,MEDIUM
182.2,323.8,79.5,8.8,2789.0,72.0,HIGH
34.2,99.6,26.9,46.1,424.0,40.7,MEDIUM
80.8,192.9,57.7,51.5,332.0,61.7,HIGH
36.4,68.5,40.6,21.1,1216.0,31.4,MEDIUM
238.8,444.9,94.8,29.6,2468.0,100.0,CRITICAL
180.7,362.0,86.1,10.0,2741.0,76.2,HIGH
112.2,180.4,53.3,18.3,672.0,40.6,MEDIUM
110.9,179.4,51.4,52.2,1000.0,48.8,MEDIUM
39.6,124.6,36.2,5.3,2725.0,25.9,LOW
195.7,467.0,100.0,45.7,1812.0,100.0,CRITICAL
58.2,85.2,28.1,5.9,1342.0,18.5,LOW
43.2,78.2,43.6,17.6,882.0,22.8,LOW
163.4,358.6,100.0,34.9,516.0,90.1,CRITICAL
53.7,28.7,47.5,0.2,504.0,23.4,LOW
44.8,68.1,46.3,40.5,2087.0,41.6,MEDIUM
136.3,215.8,65.4,19.0,2217.0,72.2,HIGH
25.2,55.4,36.8,44.9,1224.0,36.1,MEDIUM
113.2,140.7,40.3,58.5,1897.0,59.3,MEDIUM
81.5,157.1,50.5,25.0,637.0,33.2,MEDIUM
128.3,278.8,78.7,1.8,259.0,52.6,MEDIUM
104.3,278.6,76.5,50.9,480.0,77.1,HIGH
342.7,795.7,100.0,16.5,496.0,82.7,CRITICAL
87.5,254.4,82.8,8.9,2957.0,61.9,HIGH
53.6,100.8,43.2,52.8,861.0,41.2,MEDIUM
74.7,121.4,50.5,14.0,576.0,26.7,LOW
103.5,196.5,36.7,36.3,2427.0,45.2,MEDIUM
229.9,276.2,98.5,15.2,1227.0,75.6,HIGH
118.6,181.8,52.3,42.7,778.0,57.3,MEDIUM
37.7,28.5,42.1,38.9,817.0,35.7,MEDIUM
400.0,699.8,100.0,30.6,589.0,96.5,CRITICAL
152.8,357.9,78.4,33.3,424.0,97.0,CRITICAL
35.8,96.6,41.6,13.6,2104.0,38.1,MEDIUM
27.5,46.6,22.1,1.3,1432.0,15.1,LOW
22.7,39.2,6.1,48.0,616.0,17.8,LOW
71.7,86.1,56.8,53.4,2419.0,61.8,HIGH
74.1,134.0,56.7,46.7,254.0,56.5,MEDIUM
42.4,54.5,27.2,42.5,1406.0,36.8,MEDIUM
19.4,47.4,42.5,28.3,556.0,35.5,MEDIUM
28.1,61.5,49.1,35.0,278.0,31.2,MEDIUM
120.3,332.2,71.5,41.5,1742.0,63.5,HIGH
59.1,130.4,54.5,1.6,635.0,29.3,LOW
31.2,83.1,54.5,25.4,392.0,23.4,LOW
81.3,100.6,27.8,13.5,1541.0,24.2,LOW
93.5,167.3,61.5,21.9,2562.0,52.8,MEDIUM
101.3,158.8,58.2,45.0,1560.0,59.0,MEDIUM
78.9,209.8,84.0,21.8,423.0,41.8,MEDIUM
69.8,94.0,50.8,44.3,1052.0,44.9,MEDIUM
172.9,304.3,70.7,58.3,1449.0,68.0,HIGH
29.2,52.7,34.4,55.4,987.0,33.3,MEDIUM
62.7,152.4,77.1,49.7,1145.0,67.3,HIGH
10.4,29.1,30.1,51.2,1600.0,39.0,MEDIUM
56.1,159.4,60.9,23.6,2839.0,43.8,MEDIUM
85.8,170.2,52.7,43.9,2454.0,54.6,MEDIUM
135.3,358.7,96.8,40.0,772.0,88.5,CRITICAL
10.8,27.6,47.7,59.0,2399.0,29.0,LOW
83.8,227.2,63.8,34.5,1305.0,53.5,MEDIUM
253.1,402.4,85.5,25.8,2484.0,86.8,CRITICAL
106.9,226.4,58.8,50.2,1928.0,63.4,HIGH
24.2,25.4,13.1,45.0,2101.0,35.8,MEDIUM
56.2,149.1,53.6,7.5,1214.0,36.9,MEDIUM
109.5,314.0,78.1,35.8,2197.0,95.4,CRITICAL
44.1,77.7,31.9,35.5,1784.0,29.5,LOW
91.3,125.0,26.7,37.9,1932.0,46.1,MEDIUM
87.4,105.1,48.2,56.5,1732.0,53.5,MEDIUM
70.9,162.1,58.3,36.1,356.0,45.0,MEDIUM
21.7,88.4,48.0,52.2,1528.0,37.5,MEDIUM
40.1,76.0,29.5,21.5,344.0,28.5,LOW
270.3,663.4,100.0,3.4,672.0,79.8,HIGH
53.2,142.7,49.3,22.5,1532.0,31.8,MEDIUM
58.7,136.2,60.8,32.0,1337.0,34.4,MEDIUM
58.5,121.6,36.5,50.0,334.0,39.1,MEDIUM
133.0,306.4,89.8,37.9,584.0,81.3,CRITICAL
61.1,142.4,69.5,26.5,1503.0,49.5,MEDIUM
72.2,223.5,64.9,27.7,2909.0,46.8,MEDIUM
83.9,206.1,65.8,59.8,1562.0,57.9,MEDIUM
143.6,259.6,78.3,8.5,2363.0,47.8,MEDIUM
72.4,114.7,34.9,12.3,1441.0,21.9,LOW
78.7,181.1,51.3,37.5,737.0,43.9,MEDIUM
46.0,64.4,41.9,42.1,259.0,36.5,MEDIUM
92.9,255.6,92.7,23.7,1251.0,53.8,MEDIUM
113.4,304.0,61.2,1.9,2775.0,49.6,MEDIUM
119.1,288.2,92.9,31.3,1110.0,71.5,HIGH
242.9,591.4,100.0,8.7,1232.0,79.7,HIGH
37.6,118.8,47.4,3.4,2140.0,26.2,LOW
74.8,216.6,77.1,20.7,2263.0,43.1,MEDIUM
61.5,105.0,70.0,8.1,1903.0,38.7,MEDIUM
214.1,286.6,78.1,26.3,1147.0,60.8,HIGH
122.4,147.5,66.1,45.7,2847.0,60.0,MEDIUM
15.6,34.7,24.2,2.8,1187.0,17.5,LOW
42.7,112.3,40.5,30.0,1018.0,22.1,LOW
55.6,125.0,32.5,29.8,2561.0,43.0,MEDIUM
18.2,18.7,26.6,0.1,2819.0,7.9,LOW
79.2,178.0,63.5,44.3,2878.0,54.9,MEDIUM
47.8,78.2,44.3,5.4,1693.0,34.7,MEDIUM
250.0,640.5,100.0,55.9,2635.0,100.0,CRITICAL
92.4,216.5,87.1,38.4,714.0,85.7,CRITICAL
53.8,75.6,39.7,17.3,2689.0,31.1,MEDIUM
31.1,68.7,32.2,55.5,2323.0,39.1,MEDIUM
69.9,152.5,66.8,24.0,1318.0,50.4,MEDIUM
201.7,398.4,100.0,15.6,887.0,80.0,HIGH
62.0,167.6,60.4,23.1,2327.0,46.1,MEDIUM
70.4,178.5,65.2,36.7,1406.0,49.1,MEDIUM
157.6,249.3,74.0,43.4,2940.0,65.0,HIGH
90.4,149.5,40.6,39.7,2593.0,42.1,MEDIUM
131.1,225.6,49.2,55.3,2413.0,71.9,HIGH
97.2,169.7,54.8,57.4,1135.0,65.9,HIGH
93.3,154.4,50.7,11.8,2193.0,41.9,MEDIUM
14.7,23.7,36.9,54.8,2317.0,26.1,LOW
27.1,30.9,33.1,6.4,1346.0,13.8,LOW
83.3,195.2,38.8,57.4,465.0,44.3,MEDIUM
33.8,29.3,9.0,15.6,2259.0,16.1,LOW
69.9,224.8,72.6,15.9,1025.0,40.1,MEDIUM
24.8,43.7,28.6,25.3,572.0,27.3,LOW
158.5,260.0,66.2,10.9,320.0,54.9,MEDIUM
37.6,39.0,29.2,49.7,1116.0,45.3,MEDIUM
31.0,47.3,26.1,7.5,1628.0,16.7,LOW
19.5,21.8,22.0,26.4,308.0,22.0,LOW
118.1,277.7,83.9,54.4,1778.0,91.0,CRITICAL
69.9,186.0,55.0,38.1,2707.0,58.8,MEDIUM
154.5,199.8,67.6,36.4,1874.0,58.3,MEDIUM
46.3,49.5,46.7,59.7,1669.0,45.5,MEDIUM
26.4,20.6,36.9,1.4,850.0,16.4,LOW
67.4,155.7,63.0,19.2,1430.0,44.1,MEDIUM
176.1,259.6,69.1,7.5,1882.0,59.0,MEDIUM
14.3,10.2,47.9,11.1,2622.0,34.5,MEDIUM
88.9,238.6,75.7,13.0,2669.0,46.0,MEDIUM
95.7,293.3,85.5,37.6,1465.0,74.8,HIGH
196.1,472.3,89.6,16.3,714.0,71.3,HIGH
35.1,90.2,46.7,39.9,2181.0,40.3,MEDIUM
13.2,12.5,9.9,44.3,2862.0,31.2,MEDIUM
50.3,112.9,63.7,24.1,2882.0,40.3,MEDIUM
129.8,299.8,67.5,32.2,2988.0,71.9,HIGH
73.4,199.5,54.1,7.9,906.0,36.4,MEDIUM
103.2,156.5,37.1,45.2,2543.0,54.0,MEDIUM
28.1,67.1,39.6,25.1,345.0,19.7,LOW
59.1,129.0,46.1,50.1,242.0,55.7,MEDIUM
75.5,196.4,81.3,31.6,2087.0,71.3,HIGH
16.7,0.0,40.3,41.8,536.0,41.3,MEDIUM
75.2,131.1,43.5,21.5,1287.0,34.4,MEDIUM
54.7,84.3,22.7,22.3,235.0,31.4,MEDIUM
388.7,900.0,100.0,26.2,443.0,83.6,CRITICAL
71.1,103.8,33.3,38.2,784.0,51.1,MEDIUM
203.4,339.2,64.9,30.4,1753.0,81.1,CRITICAL
102.7,256.7,72.7,48.3,1129.0,69.4,HIGH
64.5,152.8,51.2,3.3,1779.0,28.2,LOW
183.2,403.5,90.7,54.0,2017.0,100.0,CRITICAL
24.2,42.4,25.0,55.6,209.0,43.5,MEDIUM
49.4,129.0,51.2,14.6,2574.0,33.9,MEDIUM
135.3,308.0,59.2,6.0,362.0,49.4,MEDIUM
6.1,15.6,31.3,34.3,2645.0,35.1,MEDIUM
69.3,127.3,59.1,3.9,2933.0,24.2,LOW
68.8,140.7,46.7,13.8,2730.0,44.7,MEDIUM
86.7,134.4,55.5,30.5,1718.0,54.0,MEDIUM
59.6,121.7,24.5,36.8,2355.0,36.8,MEDIUM
131.4,248.2,42.5,11.7,684.0,31.4,MEDIUM
36.8,33.4,38.9,56.0,2824.0,43.1,MEDIUM
144.6,359.7,96.5,10.9,265.0,56.3,MEDIUM
27.3,10.2,28.7,9.2,1744.0,9.1,LOW
91.9,198.0,85.4,9.7,1491.0,51.1,MEDIUM
168.5,458.1,81.4,55.8,2431.0,100.0,CRITICAL
33.9,51.9,29.6,52.7,2286.0,37.3,MEDIUM
41.8,65.8,41.6,2.0,1125.0,28.6,LOW
148.1,196.2,65.0,43.6,658.0,68.5,HIGH
82.2,198.1,52.7,4.4,2424.0,30.9,MEDIUM
13.4,13.7,19.3,4.5,2937.0,10.9,LOW
84.7,199.9,67.4,4.6,474.0,45.3,MEDIUM
116.0,206.6,62.6,49.8,2252.0,60.8,HIGH
152.4,304.8,71.6,25.6,1644.0,70.2,HIGH
90.3,177.7,62.6,33.4,1074.0,49.2,MEDIUM
105.2,168.7,53.7,1.8,240.0,39.7,MEDIUM
217.2,517.2,100.0,54.1,2227.0,100.0,CRITICAL
138.1,345.5,79.7,58.9,570.0,86.7,CRITICAL
57.8,149.2,42.5,14.1,2582.0,39.9,MEDIUM
64.1,138.3,39.7,39.4,941.0,30.2,MEDIUM
163.8,334.1,73.8,40.7,1859.0,69.3,HIGH
88.9,171.1,56.1,58.0,996.0,51.8,MEDIUM
79.3,194.1,36.7,29.0,2166.0,51.9,MEDIUM
56.4,104.6,57.0,14.3,528.0,24.3,LOW
159.5,314.7,77.4,21.6,1160.0,65.0,HIGH
35.7,43.4,23.7,38.4,1625.0,34.5,MEDIUM
49.5,90.3,63.0,28.3,1839.0,43.7,MEDIUM
159.1,228.7,64.8,4.8,1823.0,52.0,MEDIUM
157.8,469.5,84.4,48.4,422.0,93.0,CRITICAL
307.6,418.0,100.0,51.9,295.0,100.0,CRITICAL
69.5,129.6,65.7,28.7,864.0,51.0,MEDIUM
57.1,81.2,31.3,31.4,306.0,28.7,LOW
61.9,120.7,44.2,29.5,818.0,25.7,LOW
15.3,31.2,29.2,31.8,366.0,27.7,LOW
7.6,84.4,20.0,6.2,1677.0,24.3,LOW
90.1,127.5,53.0,26.0,493.0,36.3,MEDIUM
53.6,117.6,57.8,26.9,1363.0,49.0,MEDIUM
38.0,84.5,50.6,59.9,2355.0,49.0,MEDIUM
78.4,146.4,52.3,2.9,2363.0,28.7,LOW
91.7,248.7,78.6,18.7,1774.0,49.6,MEDIUM
65.8,120.8,34.5,29.8,286.0,31.2,MEDIUM
67.1,164.2,76.5,50.8,1703.0,74.0,HIGH
53.0,125.5,39.6,27.7,907.0,34.7,MEDIUM
122.3,217.3,54.7,17.5,1792.0,56.8,MEDIUM
46.6,114.2,40.2,32.1,2744.0,45.3,MEDIUM
31.1,33.0,27.2,17.8,1877.0,14.6,LOW
51.2,97.7,42.3,32.9,2834.0,32.6,MEDIUM
87.0,189.2,55.6,41.4,784.0,56.5,MEDIUM
127.6,246.1,68.5,31.8,951.0,56.9,MEDIUM
246.2,639.8,100.0,36.6,616.0,100.0,CRITICAL
78.7,157.9,55.7,2.3,419.0,35.6,MEDIUM
205.2,535.5,97.2,39.5,229.0,100.0,CRITICAL
43.3,117.3,56.4,58.2,2798.0,42.3,MEDIUM
36.9,57.5,47.3,29.5,1465.0,21.6,LOW
101.7,179.2,56.8,48.2,2829.0,59.6,MEDIUM
112.9,283.9,64.8,32.9,2619.0,57.5,MEDIUM
84.9,126.9,52.8,42.2,2283.0,53.5,MEDIUM
394.4,900.0,100.0,18.6,2770.0,87.7,CRITICAL
45.4,61.7,39.7,58.0,939.0,34.2,MEDIUM
179.3,301.4,73.4,12.9,2598.0,78.1,HIGH
37.8,64.0,71.2,9.5,2104.0,33.9,MEDIUM
119.4,331.0,64.9,2.7,1879.0,47.1,MEDIUM
76.2,168.8,23.3,32.5,1932.0,41.7,MEDIUM
89.3,199.0,52.2,37.1,2737.0,57.9,MEDIUM
102.5,179.0,36.3,39.0,2801.0,48.7,MEDIUM
78.3,140.2,42.3,10.3,695.0,46.3,MEDIUM
66.9,134.3,34.6,39.1,426.0,31.7,MEDIUM
11.7,30.2,23.7,9.9,963.0,5.9,LOW
142.0,239.7,53.2,45.3,2469.0,57.6,MEDIUM
22.9,76.8,53.1,16.5,472.0,27.2,LOW
54.1,62.6,38.8,25.3,2053.0,37.7,MEDIUM
94.2,108.1,59.1,22.0,1318.0,42.1,MEDIUM
27.3,74.3,41.6,22.1,2755.0,34.7,MEDIUM
66.9,98.6,55.9,43.3,2496.0,54.0,MEDIUM
130.9,366.8,81.4,59.9,1622.0,88.7,CRITICAL
53.1,90.9,62.8,31.6,1266.0,45.4,MEDIUM
67.8,77.0,47.2,24.1,2537.0,38.6,MEDIUM
32.8,108.4,36.9,17.6,884.0,24.7,LOW
58.4,130.9,57.1,37.5,1721.0,44.4,MEDIUM
23.5,41.6,36.6,27.1,2809.0,32.4,MEDIUM
86.1,144.6,49.3,46.4,1890.0,60.8,HIGH
18.3,62.6,40.5,36.4,2804.0,29.1,LOW
44.0,84.5,51.7,24.7,1438.0,33.0,MEDIUM
76.7,147.3,26.7,57.2,1962.0,47.8,MEDIUM
63.4,159.5,49.7,0.7,2833.0,43.3,MEDIUM
98.1,172.1,64.0,41.4,2264.0,61.7,HIGH
67.9,102.5,48.4,24.6,2736.0,36.5,MEDIUM
11.7,0.0,16.5,7.3,2530.0,8.4,LOW
26.9,103.2,17.1,5.6,418.0,20.7,LOW
73.9,109.1,66.8,39.0,924.0,48.0,MEDIUM
155.6,418.4,90.5,8.9,2276.0,61.6,HIGH
136.9,228.6,82.5,51.4,2692.0,94.5,CRITICAL
387.6,755.4,100.0,18.7,2446.0,90.0,CRITICAL
48.3,93.1,34.4,20.6,1077.0,22.7,LOW
127.8,265.8,39.9,39.6,1939.0,51.3,MEDIUM
121.5,298.7,69.3,13.2,2052.0,42.7,MEDIUM
210.4,430.0,94.1,0.4,1424.0,68.4,HIGH
173.2,323.1,83.9,26.7,1846.0,74.7,HIGH
90.9,206.0,47.6,31.7,2961.0,57.4,MEDIUM
113.4,150.4,54.7,26.8,1725.0,52.8,MEDIUM
98.3,216.6,64.6,27.5,744.0,43.6,MEDIUM
71.7,144.0,63.4,39.9,1611.0,50.4,MEDIUM
107.6,201.2,56.5,50.7,692.0,66.3,HIGH
84.1,192.3,64.2,21.9,2127.0,46.0,MEDIUM
81.4,179.6,60.4,47.4,2725.0,63.0,HIGH
217.0,280.1,82.5,3.8,2092.0,71.0,HIGH
92.2,145.8,42.0,28.8,2657.0,51.3,MEDIUM
78.7,114.4,10.3,22.6,2238.0,34.9,MEDIUM
64.9,168.3,52.4,28.0,1425.0,48.2,MEDIUM
60.5,111.6,44.0,5.5,1707.0,20.5,LOW
26.1,58.1,24.8,8.3,1691.0,28.0,LOW
71.8,133.5,31.9,17.6,1299.0,22.4,LOW
161.1,213.7,55.2,16.4,460.0,53.8,MEDIUM
47.1,63.1,38.1,23.1,2165.0,32.7,MEDIUM
